Rk,Squad,MP,W,Wso,L,GF,GA,GD,Pts,Pts/MP,Attendance,Top Team Scorer,Goalkeeper,Notes,year,D,xG,xGA,xGD,xGD/90
1, TB Mutiny,32,20,1,12,66,51,+15,58,1.81,"13,505",Roy Lassiter - 27,Mark Dougherty,→ Conference Semifinals ,1996,,,,,
2, D.C. United,32,16,1,16,62,56,+6,46,1.44,"19,352",Raúl Díaz Arce - 23,Jeff Causey,→ Conference Semifinals ,1996,,,,,
3, MetroStars,32,15,3,17,45,47,-2,39,1.22,"24,799",Giovanni Savarese - 13,Tony Meola,→ Conference Semifinals ,1996,,,,,
4, Columbus Crew,32,15,4,17,59,60,-1,37,1.16,"20,251",Brian McBride - 17,Bo Oshoniyi,→ Conference Semifinals ,1996,,,,,
5, NE Revolution,32,15,6,17,43,56,-13,33,1.03,"19,025",Joe-Max Moore - 11,Aidan Heaney,,1996,,,,,
1, LA Galaxy,32,19,4,13,59,49,+10,49,1.53,"36,286",Eduardo Hurtado - 21,Jorge Campos,→ Conference Semifinals ,1996,,,,,
2, Dallas Burn,32,17,5,15,50,48,+2,41,1.28,"17,256",Jason Kreis - 13,Mark Dodd,→ Conference Semifinals ,1996,,,,,
3, KC Wiz,32,17,5,15,61,63,-2,41,1.28,"13,847",Preki - 18,Garth Lagerwey,→ Conference Semifinals ,1996,,,,,
4, SJ Clash,32,15,3,17,50,50,0,39,1.22,"18,308",Paul Bravo - 13,Tom Liner,→ Conference Semifinals ,1996,,,,,
5, Colorado Rapids,32,11,2,21,44,59,-15,29,0.91,"10,213",Jean Harbor - 11,Chris Woods,,1996,,,,,
1, D.C. United,32,21,4,11,70,53,+17,55,1.72,"21,810",Jaime Moreno - 16,Scott Garlick,→ Conference Semifinals ,1997,,,,,
2, TB Mutiny,32,17,3,15,55,60,-5,45,1.41,"11,850",Roy Lassiter - 10,Mark Dougherty,→ Conference Semifinals ,1997,,,,,
3, Columbus Crew,32,15,3,17,42,41,+1,39,1.22,"16,454",Pete Marino - 8,Brad Friedel,→ Conference Semifinals ,1997,,,,,
4, NE Revolution,32,15,4,17,40,53,-13,37,1.16,"22,312","Imad Baba, Beto Naveda - 7",Walter Zenga,→ Conference Semifinals ,1997,,,,,
5, MetroStars,32,13,2,19,43,53,-10,35,1.09,"16,893",Giovanni Savarese - 14,Tony Meola,,1997,,,,,
1, KC Wizards,32,21,7,11,57,51,+6,49,1.53,"9,694",Preki - 12,Mike Ammann,→ Conference Semifinals ,1997,,,,,
2, LA Galaxy,32,16,2,16,55,44,+11,44,1.38,"21,809",Wélton - 11,Jorge Campos,→ Conference Semifinals ,1997,,,,,
3, Dallas Burn,32,16,3,16,55,49,+6,42,1.31,"10,842",Dante Washington - 12,Mark Dodd,→ Conference Semifinals ,1997,,,,,
4, Colorado Rapids,32,14,2,18,50,59,-9,38,1.19,"13,808",Paul Bravo - 8,Marcus Hahnemann,→ Conference Semifinals ,1997,,,,,
5, SJ Clash,32,12,3,20,55,59,-4,30,0.94,"13,597",Ronald Cerritos - 12,Dave Salzwedel,,1997,,,,,
1, D.C. United,32,24,7,8,74,48,+26,58,1.81,"19,408",Roy Lassiter - 18,Scott Garlick,→ Conference Semifinals ,1998,,,,,
2, Columbus Crew,32,15,0,17,67,56,+11,45,1.41,"13,786",Stern John - 26,Juergen Sommer,→ Conference Semifinals ,1998,,,,,
3, NY Red Bulls,32,15,3,17,54,63,-9,39,1.22,"17,250",Giovanni Savarese - 14,Tony Meola,→ Conference Semifinals ,1998,,,,,
4, Miami Fusion,32,15,5,17,46,68,-22,35,1.09,"16,250",Diego Serna - 11,Jeff Cassar,→ Conference Semifinals ,1998,,,,,
5, TB Mutiny,32,12,1,20,46,57,-11,34,1.06,"10,312",Mauricio Ramos - 9,Thomas Ravelli,,1998,,,,,
6, NE Revolution,32,11,2,21,53,66,-13,29,0.91,"19,188",Raúl Díaz Arce - 18,Ian Feuer,,1998,,,,,
1, LA Galaxy,32,24,2,8,85,44,+41,68,2.13,"23,981",Cobi Jones - 19,Kevin Hartman,→ Conference Semifinals ,1998,,,,,
2, Chicago Fire,32,20,2,12,62,45,+17,56,1.75,"23,931",Ante Razov - 10,Zach Thornton,→ Conference Semifinals ,1998,,,,,
3, Colorado Rapids,32,16,2,16,62,69,-7,44,1.38,"15,224",Wolde Harris - 13,Marcus Hahnemann,→ Conference Semifinals ,1998,,,,,
4, Dallas Burn,32,15,4,17,43,59,-16,37,1.16,"11,456",Jason Kreis - 9,Mark Dodd,→ Conference Semifinals ,1998,,,,,
5, SJ Clash,32,13,3,19,48,60,-12,33,1.03,"13,653",Ronald Cerritos - 13,David Kramer,,1998,,,,,
6, KC Wizards,32,12,2,20,45,50,-5,32,1.00,"8,073",Mo Johnston - 11,Mike Ammann,,1998,,,,,
1, D.C. United,32,23,6,9,65,43,+22,57,1.78,"20,794",Roy Lassiter - 18,Tom Presthus,→ Conference Semifinals ,1999,,,,,
2, Columbus Crew,32,19,6,13,48,39,+9,45,1.41,"19,068",Stern John - 18,Mark Dougherty,→ Conference Semifinals ,1999,,,,,
3, TB Mutiny,32,14,5,18,51,50,+1,32,1.00,"14,006",Musa Shannon - 12,Scott Garlick,→ Conference Semifinals ,1999,,,,,
4, Miami Fusion,32,13,5,19,42,59,-17,29,0.91,"9,217",Diego Serna - 10,Garth Lagerwey,→ Conference Semifinals ,1999,,,,,
5, NE Revolution,32,12,5,20,38,53,-15,26,0.81,"16,735",Joe-Max Moore - 15,Walter Zenga,,1999,,,,,
6, NY Red Bulls,32,7,3,25,32,64,-32,15,0.47,"14,706",Eduardo Hurtado - 7,Mike Ammann,,1999,,,,,
1, LA Galaxy,32,20,3,12,49,29,+20,54,1.69,"24,150","Cobi Jones, Carlos Hermosillo - 8",Kevin Hartman,→ Conference Semifinals ,1999,,,,,
2, Dallas Burn,32,19,3,13,54,35,+19,51,1.59,"14,374",Jason Kreis - 18,Matt Jordan,→ Conference Semifinals ,1999,,,,,
3, Chicago Fire,32,18,3,14,51,36,+15,48,1.50,"16,841",Ante Razov - 14,Zach Thornton,→ Conference Semifinals ,1999,,,,,
4, Colorado Rapids,32,20,6,12,38,39,-1,48,1.50,"14,438",Jorge Dely Valdés - 10,Ian Feuer,→ Conference Semifinals ,1999,,,,,
5, SJ Clash,32,19,10,13,48,49,-1,37,1.16,"14,959",Ronald Cerritos - 15,Joe Cannon,,1999,,,,,
6, KC Wizards,32,8,2,24,33,53,-20,20,0.63,"8,183",Preki - 7,Chris Snitko,,1999,,,,,
1, KC Wizards,32,16,,7,47,29,+18,57,1.78,,Miklos Molnar - 12,Tony Meola,→ Quarter-finals ,2000,9,,,,
2, Chicago Fire,32,17,,9,67,51,+16,57,1.78,"214,192",Ante Razov - 18,Zach Thornton,→ Quarter-finals ,2000,6,,,,
3, NY Red Bulls,32,17,,12,64,56,+8,54,1.69,,Adolfo Valencia - 16,Mike Ammann,→ Quarter-finals ,2000,3,,,,
4, TB Mutiny,32,16,,12,62,50,+12,52,1.63,,Mamadou Diallo - 26,Scott Garlick,→ Quarter-finals ,2000,4,,,,
5, LA Galaxy,32,14,,10,47,37,+10,50,1.56,,Cobi Jones - 7,Kevin Hartman,→ Quarter-finals ,2000,8,,,,
6, Dallas Burn,32,14,,14,54,54,0,46,1.44,,Ariel Graziani - 15,Matt Jordan,→ Quarter-finals ,2000,4,,,,
7, NE Revolution,32,13,,13,47,49,-2,45,1.41,,Wolde Harris - 15,Jeff Causey,→ Quarter-finals ,2000,6,,,,
8, Colorado Rapids,32,13,,15,43,59,-16,43,1.34,,Junior Agogo - 10,David Kramer,→ Quarter-finals ,2000,4,,,,
9, Miami Fusion,32,12,,15,54,56,-2,41,1.28,,Diego Serna - 16,Nick Rimando,,2000,5,,,,
10, Columbus Crew,32,11,,16,48,58,-10,38,1.19,,Dante Washington - 15,Mark Dougherty,,2000,5,,,,
11, D.C. United,32,8,,18,44,63,-19,30,0.94,,Jaime Moreno - 12,Tom Presthus,,2000,6,,,,
12, SJ Earthquakes,32,7,,17,35,50,-15,29,0.91,,Abdul Thompson Conteh - 8,Joe Cannon,,2000,8,,,,
1, Miami Fusion,26,16,,5,57,36,+21,53,2.04,,Alex Pineda Chacón - 19,Nick Rimando,→ Quarter-finals ,2001,5,,,,
2, Chicago Fire,27,16,,6,50,30,+20,53,1.96,,Eric Wynalda - 10,Zach Thornton,→ Quarter-finals ,2001,5,,,,
3, LA Galaxy,26,14,,7,52,36,+16,47,1.81,,Luis Hernández - 8,Matt Reis,→ Quarter-finals ,2001,5,,,,
4, Columbus Crew,26,13,,7,49,36,+13,45,1.73,,Jeff Cunningham - 10,Tom Presthus,→ Quarter-finals ,2001,6,,,,
5, SJ Earthquakes,26,13,,7,47,29,+18,45,1.73,,Ronald Cerritos - 11,Joe Cannon,→ Quarter-finals ,2001,6,,,,
6, NY Red Bulls,26,13,,10,38,35,+3,42,1.62,,Rodrigo Faria - 8,Tim Howard,→ Quarter-finals ,2001,3,,,,
7, Dallas Burn,26,10,,11,48,47,+1,35,1.35,,Ariel Graziani - 11,Matt Jordan,→ Quarter-finals ,2001,5,,,,
8, KC Wizards,27,11,,13,33,53,-20,36,1.33,,Roy Lassiter - 7,Tony Meola,→ Quarter-finals ,2001,3,,,,
9, NE Revolution,27,7,,14,35,52,-17,27,1.00,,Catê - 8,Jeff Causey,,2001,6,,,,
10, D.C. United,26,8,,16,42,50,-8,26,1.00,,Abdul Thompson Conteh - 14,Mike Ammann,,2001,2,,,,
11, Colorado Rapids,26,5,,13,36,47,-11,23,0.88,,John Spencer - 14,Scott Garlick,,2001,8,,,,
12, TB Mutiny,27,4,,21,32,68,-36,14,0.52,,Mamadou Diallo - 9,Scott Garlick,,2001,2,,,,
1, NE Revolution,28,12,,14,49,49,0,38,1.36,,Taylor Twellman - 23,Adin Brown,→ Quarter-finals ,2002,2,,,,
2, Columbus Crew,28,11,,12,44,43,+1,38,1.36,,Jeff Cunningham - 16,Tom Presthus,→ Quarter-finals ,2002,5,,,,
3, Chicago Fire,28,11,,13,43,38,+5,37,1.32,,Ante Razov - 14,Zach Thornton,→ Quarter-finals ,2002,4,,,,
4, NY Red Bulls,28,11,,15,41,47,-6,35,1.25,,Rodrigo Faria - 12,Tim Howard,,2002,2,,,,
5, D.C. United,28,9,,14,31,40,-9,32,1.14,,"Bobby Convey, Ali Curtis - 5",Nick Rimando,,2002,5,,,,
1, LA Galaxy,28,16,,9,44,33,+11,51,1.82,,Carlos Ruíz - 24,Kevin Hartman,→ Quarter-finals ,2002,3,,,,
2, SJ Earthquakes,28,14,,11,45,35,+10,45,1.61,,Ariel Graziani - 14,Joe Cannon,→ Quarter-finals ,2002,3,,,,
3, Dallas Burn,28,12,,9,44,43,+1,43,1.54,,Jason Kreis - 13,Matt Jordan,→ Quarter-finals ,2002,7,,,,
4, Colorado Rapids,28,13,,11,43,48,-5,43,1.54,,"Chris Carrieri, Mark Chung... - 11",Scott Garlick,→ Quarter-finals ,2002,4,,,,
5, KC Wizards,28,9,,10,37,45,-8,36,1.29,,"Chris Klein, Preki - 7",Tony Meola,→ Quarter-finals ,2002,9,,,,
1, Chicago Fire,30,15,,7,53,43,+10,53,1.77,,Ante Razov - 14,Zach Thornton,→ Conference Semifinals ,2003,8,,,,
2, NE Revolution,30,12,,9,55,47,+8,45,1.50,,Taylor Twellman - 15,Adin Brown,→ Conference Semifinals ,2003,9,,,,
3, NY Red Bulls,30,11,,10,40,40,0,42,1.40,,Clint Mathis - 9,Jonny Walker,→ Conference Semifinals ,2003,9,,,,
4, D.C. United,30,10,,11,38,36,+2,39,1.30,,"Marco Etcheverry, Dema Kovalenko - 6",Nick Rimando,→ Conference Semifinals ,2003,9,,,,
5, Columbus Crew,30,10,,12,44,44,0,38,1.27,,Brian McBride - 12,Jon Busch,,2003,8,,,,
1, SJ Earthquakes,30,14,,7,45,35,+10,51,1.70,,Landon Donovan - 12,Pat Onstad,→ Conference Semifinals ,2003,9,,,,
2, KC Wizards,30,11,,10,48,44,+4,42,1.40,,Preki - 12,Tony Meola,→ Conference Semifinals ,2003,9,,,,
3, Colorado Rapids,30,11,,12,40,45,-5,40,1.33,,John Spencer - 14,Scott Garlick,→ Conference Semifinals ,2003,7,,,,
4, LA Galaxy,30,9,,12,35,35,0,36,1.20,,Carlos Ruíz - 15,Kevin Hartman,→ Conference Semifinals ,2003,9,,,,
5, Dallas Burn,30,6,,19,35,64,-29,23,0.77,,Jason Kreis - 7,D.J. Countess,,2003,5,,,,
1, Columbus Crew,30,12,,5,40,32,+8,49,1.63,,Edson Buddle - 11,Jon Busch,→ Conference Semifinals ,2004,13,,,,
2, D.C. United,30,11,,10,43,42,+1,42,1.40,,Alecko Eskandarian - 10,Troy Perkins,→ Conference Semifinals ,2004,9,,,,
3, NY Red Bulls,30,11,,12,47,49,-2,40,1.33,,"Amado Guevara, John Wolyniec - 10",Jonny Walker,→ Conference Semifinals ,2004,7,,,,
4, NE Revolution,30,8,,13,42,43,-1,33,1.10,,Pat Noonan - 11,Matt Reis,→ Conference Semifinals ,2004,9,,,,
5, Chicago Fire,30,8,,13,36,44,-8,33,1.10,,Damani Ralph - 11,Henry Ring,,2004,9,,,,
1, KC Wizards,30,14,,9,38,30,+8,49,1.63,,Josh Wolff - 10,Tony Meola,→ Conference Semifinals ,2004,7,,,,
2, LA Galaxy,30,11,,9,42,40,+2,43,1.43,,Carlos Ruíz - 11,Kevin Hartman,→ Conference Semifinals ,2004,10,,,,
3, Colorado Rapids,30,10,,9,29,32,-3,41,1.37,,Peguero Jean Philippe - 7,Joe Cannon,→ Conference Semifinals ,2004,11,,,,
4, SJ Earthquakes,30,9,,10,41,35,+6,38,1.27,,Brian Ching - 12,Pat Onstad,→ Conference Semifinals ,2004,11,,,,
5, Dallas Burn,30,10,,14,34,45,-11,36,1.20,,Eddie Johnson - 12,Jeff Cassar,,2004,6,,,,
1, NE Revolution,32,17,,7,55,37,+18,59,1.84,,Taylor Twellman - 17,Matt Reis,→ Conference Semifinals ,2005,8,,,,
2, D.C. United,32,16,,10,58,37,+21,54,1.69,,Jaime Moreno - 16,Nick Rimando,→ Conference Semifinals ,2005,6,,,,
3, Chicago Fire,32,15,,13,49,50,-1,49,1.53,,Chris Rolfe - 8,Zach Thornton,→ Conference Semifinals ,2005,4,,,,
4, NY Red Bulls,32,12,,9,53,49,+4,47,1.47,,Amado Guevara - 11,Zach Wells,→ Conference Semifinals ,2005,11,,,,
5, KC Wizards,32,11,,9,52,44,+8,45,1.41,,Josh Wolff - 10,Bo Oshoniyi,,2005,12,,,,
6, Columbus Crew,32,11,,16,34,45,-11,38,1.19,,Edson Buddle - 9,Jonny Walker,,2005,5,,,,
1, SJ Earthquakes,32,18,,4,53,31,+22,64,2.00,,Dwayne De Rosario - 9,Pat Onstad,→ Conference Semifinals ,2005,10,,,,
2, FC Dallas,32,13,,10,52,44,+8,48,1.50,,Carlos Ruíz - 11,Scott Garlick,→ Conference Semifinals ,2005,9,,,,
3, Colorado Rapids,32,13,,13,40,37,+3,45,1.41,,Jeff Cunningham - 12,Joe Cannon,→ Conference Semifinals ,2005,6,,,,
4, LA Galaxy,32,13,,13,44,45,-1,45,1.41,,Landon Donovan - 12,Kevin Hartman,→ Conference Semifinals ,2005,6,,,,
5, Real Salt Lake,32,5,,22,30,65,-35,20,0.63,,Jason Kreis - 9,D.J. Countess,,2005,5,,,,
6, Chivas USA,32,4,,22,31,67,-36,18,0.56,,Héctor Cuadros - 4,Brad Guzan,,2005,6,,,,
1, D.C. United,32,15,,7,52,38,+14,55,1.72,,Christian Gómez - 14,Troy Perkins,→ Conference Semifinals ,2006,10,,,,
2, NE Revolution,32,12,,8,39,35,+4,48,1.50,,Taylor Twellman - 11,Matt Reis,→ Conference Semifinals ,2006,12,,,,
3, Chicago Fire,32,13,,11,43,41,+2,47,1.47,,Andy Herron - 9,Zach Thornton,→ Conference Semifinals ,2006,8,,,,
4, NY Red Bulls,32,9,,11,41,41,0,39,1.22,,Amado Guevara - 8,Tony Meola,→ Conference Semifinals ,2006,12,,,,
5, KC Wizards,32,10,,14,43,45,-2,38,1.19,,Scott Sealy - 10,Bo Oshoniyi,,2006,8,,,,
6, Columbus Crew,32,8,,15,30,42,-12,33,1.03,,"Jason Garey, Joseph Ngwenya - 5",Bill Gaudette,,2006,9,,,,
1, FC Dallas,32,16,,12,48,44,+4,52,1.63,,Carlos Ruíz - 13,Darío Sala,→ Conference Semifinals ,2006,4,,,,
2, Houston Dynamo,32,11,,8,44,40,+4,46,1.44,,"Brian Ching, Dwayne De Rosario - 11",Pat Onstad,→ Conference Semifinals ,2006,13,,,,
3, Chivas USA,32,10,,9,45,42,+3,43,1.34,,Ante Razov - 14,Preston Burpo,→ Conference Semifinals ,2006,13,,,,
4, Colorado Rapids,32,11,,13,36,49,-13,41,1.28,,"Kyle Beckerman, Nicolás Hernández - 7",Joe Cannon,→ Conference Semifinals ,2006,8,,,,
5, LA Galaxy,32,11,,15,37,37,0,39,1.22,,Landon Donovan - 12,Kevin Hartman,,2006,6,,,,
6, Real Salt Lake,32,10,,13,45,49,-4,39,1.22,,Jeff Cunningham - 16,Scott Garlick,,2006,9,,,,
1, D.C. United,30,16,,7,56,34,+22,55,1.83,,Luciano Emílio - 20,Troy Perkins,→ Conference Semifinals ,2007,7,,,,
2, NE Revolution,30,14,,8,51,43,+8,50,1.67,,Taylor Twellman - 16,Matt Reis,→ Conference Semifinals ,2007,8,,,,
3, NY Red Bulls,30,12,,11,47,45,+2,43,1.43,,Juan Pablo Ángel - 19,Ronald Waterreus,→ Conference Semifinals ,2007,7,,,,
4, Chicago Fire,30,10,,10,31,36,-5,40,1.33,,Chad Barrett - 7,Matt Pickens,→ Conference Semifinals ,2007,10,,,,
5, KC Wizards,30,11,,12,45,45,0,40,1.33,,Eddie Johnson - 15,Kevin Hartman,→ Conference Semifinals ,2007,7,,,,
6, Columbus Crew,30,9,,11,39,44,-5,37,1.23,,Alejandro Moreno - 7,Will Hesmer,,2007,10,,,,
7, Toronto FC,30,6,,17,25,49,-24,25,0.83,,Danny Dichio - 6,Kyriakos Stamatopoulos,,2007,7,,,,
1, Chivas USA,30,15,,7,46,28,+18,53,1.77,,Maykel Galindo - 12,Brad Guzan,→ Conference Semifinals ,2007,8,,,,
2, Houston Dynamo,30,15,,8,43,23,+20,52,1.73,,"Brian Ching, Joseph Ngwenya - 7",Pat Onstad,→ Conference Semifinals ,2007,7,,,,
3, FC Dallas,30,13,,12,37,44,-7,44,1.47,,Carlos Ruíz - 7,Darío Sala,→ Conference Semifinals ,2007,5,,,,
4, Colorado Rapids,30,9,,13,29,34,-5,35,1.17,,Jovan Kirovski - 6,Bouna Coundoul,,2007,8,,,,
5, LA Galaxy,30,9,,14,38,48,-10,34,1.13,,Landon Donovan - 8,Joe Cannon,,2007,7,,,,
6, Real Salt Lake,30,6,,15,31,45,-14,27,0.90,,Robbie Findley - 6,Nick Rimando,,2007,9,,,,
1, Columbus Crew,30,17,,7,50,36,+14,57,1.90,,Alejandro Moreno - 9,Will Hesmer,→ Conference Semifinals ,2008,6,,,,
2, Chicago Fire,30,13,,10,44,33,+11,46,1.53,,Chris Rolfe - 9,Jon Busch,→ Conference Semifinals ,2008,7,,,,
3, NE Revolution,30,12,,11,40,43,-3,43,1.43,,"Steve Ralston, Taylor Twellman - 8",Matt Reis,→ Conference Semifinals ,2008,7,,,,
4, KC Wizards,30,11,,10,37,39,-2,42,1.40,,Davy Arnaud - 7,Kevin Hartman,→ Conference Semifinals ,2008,9,,,,
5, NY Red Bulls,30,10,,11,42,48,-6,39,1.30,,Juan Pablo Ángel - 14,Jon Conway,→ Conference Semifinals ,2008,9,,,,
6, D.C. United,30,11,,15,43,51,-8,37,1.23,,Luciano Emílio - 11,Zach Wells,,2008,4,,,,
7, Toronto FC,30,9,,13,34,43,-9,35,1.17,,Danny Dichio - 5,Greg Sutton,,2008,8,,,,
1, Houston Dynamo,30,13,,5,45,32,+13,51,1.70,,Brian Ching - 13,Pat Onstad,→ Conference Semifinals ,2008,12,,,,
2, Chivas USA,30,12,,11,40,41,-1,43,1.43,,"Alecko Eskandarian, Sacha Kljestan... - 5",Brad Guzan,→ Conference Semifinals ,2008,7,,,,
3, Real Salt Lake,30,10,,10,40,39,+1,40,1.33,,Yura Movsisyan - 7,Nick Rimando,→ Conference Semifinals ,2008,10,,,,
4, Colorado Rapids,30,11,,14,44,45,-1,38,1.27,,Conor Casey - 11,Bouna Coundoul,,2008,5,,,,
5, FC Dallas,30,8,,10,45,41,+4,36,1.20,,Kenny Cooper - 18,Darío Sala,,2008,12,,,,
6, LA Galaxy,30,8,,13,55,62,-7,33,1.10,,Landon Donovan - 20,Steve Cronin,,2008,9,,,,
7, SJ Earthquakes,30,8,,13,32,38,-6,33,1.10,,Darren Huckerby - 6,Joe Cannon,,2008,9,,,,
1, Columbus Crew,30,13,,7,41,31,+10,49,1.63,,Guillermo Barros Schelotto - 12,Will Hesmer,→ Conference Semifinals ,2009,10,,,,
2, Chicago Fire,30,11,,7,39,34,+5,45,1.50,,Brian McBride - 7,Jon Busch,→ Conference Semifinals ,2009,12,,,,
3, NE Revolution,30,11,,10,33,37,-4,42,1.40,,"Shalrie Joseph, Kheli Dube - 8",Matt Reis,→ Conference Semifinals ,2009,9,,,,
4, D.C. United,30,9,,8,43,44,-1,40,1.33,,Luciano Emílio - 10,Josh Wicks,,2009,13,,,,
5, Toronto FC,30,10,,11,37,46,-9,39,1.30,,Dwayne De Rosario - 11,Stefan Frei,,2009,9,,,,
6, KC Wizards,30,8,,13,33,42,-9,33,1.10,,Josh Wolff - 11,Kevin Hartman,,2009,9,,,,
7, NY Red Bulls,30,5,,19,27,47,-20,21,0.70,,Juan Pablo Ángel - 12,Danny Cepero,,2009,6,,,,
1, LA Galaxy,30,12,,6,36,31,+5,48,1.60,,Landon Donovan - 12,Donovan Ricketts,→ Conference Semifinals ,2009,12,,,,
2, Houston Dynamo,30,13,,8,39,29,+10,48,1.60,,Brian Ching - 8,Pat Onstad,→ Conference Semifinals ,2009,9,,,,
3, Seattle Sounders FC,30,12,,7,38,29,+9,47,1.57,,Fredy Montero - 12,Kasey Keller,→ Conference Semifinals ,2009,11,,,,
4, Chivas USA,30,13,,11,34,31,+3,45,1.50,,Eduardo Lillingston - 8,Zach Thornton,→ Conference Semifinals ,2009,6,,,,
5, Real Salt Lake,30,11,,12,43,35,+8,40,1.33,,Robbie Findley - 12,Nick Rimando,→ Conference Semifinals ,2009,7,,,,
6, Colorado Rapids,30,10,,10,42,38,+4,40,1.33,,Conor Casey - 16,Matt Pickens,,2009,10,,,,
7, FC Dallas,30,11,,13,50,47,+3,39,1.30,,Jeff Cunningham - 17,Ray Burse,,2009,6,,,,
8, SJ Earthquakes,30,7,,14,36,50,-14,30,1.00,,Ryan Johnson - 11,Joe Cannon,,2009,9,,,,
1, NY Red Bulls,30,15,,9,38,29,+9,51,1.70,,Juan Pablo Ángel - 13,Bouna Coundoul,→ Conference Semifinals ,2010,6,,,,
2, Columbus Crew,30,14,,8,40,34,+6,50,1.67,,Guillermo Barros Schelotto - 9,Will Hesmer,→ Conference Semifinals ,2010,8,,,,
3, KC Wizards,30,11,,13,36,35,+1,39,1.30,,Kei Kamara - 10,Jimmy Nielsen,,2010,6,,,,
4, Chicago Fire,30,9,,12,37,38,-1,36,1.20,,Marco Pappa - 7,Andrew Dykstra,,2010,9,,,,
5, Toronto FC,30,9,,13,33,41,-8,35,1.17,,Dwayne De Rosario - 15,Stefan Frei,,2010,8,,,,
6, NE Revolution,30,9,,16,32,50,-18,32,1.07,,Marko Perović - 6,Matt Reis,,2010,5,,,,
7, Philadelphia Union,30,8,,15,35,49,-14,31,1.03,,Sébastien Le Toux - 14,Chris Seitz,,2010,7,,,,
8, D.C. United,30,6,,20,21,47,-26,22,0.73,,"Danny Allsopp, Andy Najar - 5",Troy Perkins,,2010,4,,,,
1, LA Galaxy,30,18,,7,44,26,+18,59,1.97,,Edson Buddle - 17,Donovan Ricketts,→ Conference Semifinals ,2010,5,,,,
2, Real Salt Lake,30,15,,4,45,20,+25,56,1.87,,Álvaro Saborío - 12,Nick Rimando,→ Conference Semifinals ,2010,11,,,,
3, FC Dallas,30,12,,4,42,28,+14,50,1.67,,Jeff Cunningham - 11,Kevin Hartman,→ Conference Semifinals ,2010,14,,,,
4, Seattle Sounders FC,30,14,,10,39,35,+4,48,1.60,,"Fredy Montero, Steve Zakuani - 10",Kasey Keller,→ Conference Semifinals ,2010,6,,,,
5, Colorado Rapids,30,12,,8,44,32,+12,46,1.53,,Omar Cummings - 14,Matt Pickens,→ Conference Semifinals ,2010,10,,,,
6, SJ Earthquakes,30,13,,10,34,33,+1,46,1.53,,Chris Wondolowski - 18,Jon Busch,→ Conference Semifinals ,2010,7,,,,
7, Houston Dynamo,30,9,,15,40,49,-9,33,1.10,,Brian Ching - 7,Pat Onstad,,2010,6,,,,
8, Chivas USA,30,8,,18,31,45,-14,28,0.93,,Justin Braun - 9,Zach Thornton,,2010,4,,,,
1, Sporting KC,34,13,,9,50,40,+10,51,1.50,,"Kei Kamara, Omar Bravo... - 9",Jimmy Nielsen,→ Conference Semifinals ,2011,12,,,,
2, Houston Dynamo,34,12,,9,45,41,+4,49,1.44,,"Will Bruin, Bobby Boswell... - 5",Tally Hall,→ Conference Semifinals ,2011,13,,,,
3, Philadelphia Union,34,11,,8,44,36,+8,48,1.41,,Sébastien Le Toux - 11,Faryd Mondragón,→ Conference Semifinals ,2011,15,,,,
4, Columbus Crew,34,13,,13,43,44,-1,47,1.38,,Andrés Mendoza - 13,Will Hesmer,→ Play-in round ,2011,8,,,,
5, NY Red Bulls,34,10,,8,50,44,+6,46,1.35,,Thierry Henry - 14,Bouna Coundoul,→ Play-in round ,2011,16,,,,
6, Chicago Fire,34,9,,9,46,45,+1,43,1.26,,Dominic Oduro - 12,Sean Johnson,,2011,16,,,,
7, D.C. United,34,9,,13,49,52,-3,39,1.15,,Dwayne De Rosario - 13,Bill Hamid,,2011,12,,,,
8, Toronto FC,34,6,,13,36,59,-23,33,0.97,,Danny Koevermans - 8,Stefan Frei,,2011,15,,,,
9, NE Revolution,34,5,,16,38,58,-20,28,0.82,,Shalrie Joseph - 8,Matt Reis,,2011,13,,,,
1, LA Galaxy,34,19,,5,48,28,+20,67,1.97,,Landon Donovan - 12,Josh Saunders,→ Conference Semifinals ,2011,10,,,,
2, Seattle Sounders FC,34,18,,7,56,37,+19,63,1.85,,Fredy Montero - 12,Kasey Keller,→ Conference Semifinals ,2011,9,,,,
3, Real Salt Lake,34,15,,11,44,36,+8,53,1.56,,Álvaro Saborío - 11,Nick Rimando,→ Conference Semifinals ,2011,8,,,,
4, FC Dallas,34,15,,12,42,39,+3,52,1.53,,Brek Shea - 11,Kevin Hartman,→ Play-in round ,2011,7,,,,
5, Colorado Rapids,34,12,,9,44,41,+3,49,1.44,,Jeff Larentowicz - 7,Matt Pickens,→ Play-in round ,2011,13,,,,
6, Portland Timbers,34,11,,14,40,48,-8,42,1.24,,Kenny Cooper - 8,Troy Perkins,,2011,9,,,,
7, SJ Earthquakes,34,8,,12,40,45,-5,38,1.12,,Chris Wondolowski - 16,Jon Busch,,2011,14,,,,
8, Chivas USA,34,8,,14,41,43,-2,36,1.06,,"Justin Braun, Nick LaBrocca - 8",Dan Kennedy,,2011,12,,,,
9, Vancouver W'caps,34,6,,18,35,55,-20,28,0.82,,Camilo Sanvezzo - 12,Joe Cannon,,2011,10,,,,
1, Sporting KC,34,18,,7,42,27,+15,63,1.85,,Kei Kamara - 11,Jimmy Nielsen,→ Conference Semifinals ,2012,9,,,,
2, D.C. United,34,17,,10,53,43,+10,58,1.71,,Chris Pontius - 12,Bill Hamid,→ Conference Semifinals ,2012,7,,,,
3, NY Red Bulls,34,16,,9,57,46,+11,57,1.68,,Kenny Cooper - 18,Ryan Meara,→ Conference Semifinals ,2012,9,,,,
4, Chicago Fire,34,17,,11,46,41,+5,57,1.68,,Chris Rolfe - 8,Sean Johnson,→ Knockout round ,2012,6,,,,
5, Houston Dynamo,34,14,,9,48,41,+7,53,1.56,,Will Bruin - 12,Tally Hall,→ Knockout round ,2012,11,,,,
6, Columbus Crew,34,15,,12,44,44,0,52,1.53,,"Jairo Arrieta, Eddie Gaven - 9",Andy Gruenebaum,,2012,7,,,,
7, Montreal Impact,34,12,,16,45,51,-6,42,1.24,,Patrice Bernier - 9,Donovan Ricketts,,2012,6,,,,
8, Philadelphia Union,34,10,,18,37,45,-8,36,1.06,,Jack McInerney - 8,Zac MacMath,,2012,6,,,,
9, NE Revolution,34,9,,17,39,44,-5,35,1.03,,Saër Sène - 11,Matt Reis,,2012,8,,,,
10, Toronto FC,34,5,,21,36,62,-26,23,0.68,,Danny Koevermans - 9,Miloš Kocić,,2012,8,,,,
1, SJ Earthquakes,34,19,,6,72,43,+29,66,1.94,,Chris Wondolowski - 27,Jon Busch,→ Conference Semifinals ,2012,9,,,,
2, Real Salt Lake,34,17,,11,46,35,+11,57,1.68,,Álvaro Saborío - 17,Nick Rimando,→ Conference Semifinals ,2012,6,,,,
3, Seattle Sounders FC,34,15,,8,51,33,+18,56,1.65,,Eddie Johnson - 14,Michael Gspurning,→ Conference Semifinals ,2012,11,,,,
4, LA Galaxy,34,16,,12,59,47,+12,54,1.59,,Robbie Keane - 16,Josh Saunders,→ Knockout round ,2012,6,,,,
5, Vancouver W'caps,34,11,,13,35,41,-6,43,1.26,,Darren Mattocks - 7,Joe Cannon,→ Knockout round ,2012,10,,,,
6, FC Dallas,34,9,,13,42,47,-5,39,1.15,,Blas Pérez - 9,Kevin Hartman,,2012,12,,,,
7, Colorado Rapids,34,11,,19,44,50,-6,37,1.09,,Jaime Castrillón - 8,Matt Pickens,,2012,4,,,,
8, Portland Timbers,34,8,,16,34,56,-22,34,1.00,,Kris Boyd - 7,Troy Perkins,,2012,10,,,,
9, Chivas USA,34,7,,18,24,58,-34,30,0.88,,Juan Pablo Ángel - 4,Dan Kennedy,,2012,9,,,,
1, NY Red Bulls,34,17,,9,58,41,+17,59,1.74,,Tim Cahill - 11,Luis Robles,→ Conference Semifinals ,2013,8,,,,
2, Sporting KC,34,17,,10,47,30,+17,58,1.71,,Claudio Bieler - 10,Jimmy Nielsen,→ Conference Semifinals ,2013,7,,,,
3, NE Revolution,34,14,,11,49,38,+11,51,1.50,,Diego Fagúndez - 13,Bobby Shuttleworth,→ Conference Semifinals ,2013,9,,,,
4, Houston Dynamo,34,14,,11,41,41,0,51,1.50,,Giles Barnes - 9,Tally Hall,→ Knockout round ,2013,9,,,,
5, Montreal Impact,34,14,,13,50,49,+1,49,1.44,,Marco Di Vaio - 20,Troy Perkins,→ Knockout round ,2013,7,,,,
6, Chicago Fire,34,14,,13,47,52,-5,49,1.44,,Mike Magee - 15,Sean Johnson,,2013,7,,,,
7, Philadelphia Union,34,12,,12,42,44,-2,46,1.35,,Jack McInerney - 12,Zac MacMath,,2013,10,,,,
8, Columbus Crew,34,12,,17,42,46,-4,41,1.21,,Dominic Oduro - 13,Andy Gruenebaum,,2013,5,,,,
9, Toronto FC,34,6,,17,30,47,-17,29,0.85,,Robert Earnshaw - 8,Joe Bendik,,2013,11,,,,
10, D.C. United,34,3,,24,22,59,-37,16,0.47,,"Dwayne De Rosario, Kyle Porter... - 3",Bill Hamid,,2013,7,,,,
1, Portland Timbers,34,14,,5,54,33,+21,57,1.68,,Diego Valeri - 10,Donovan Ricketts,→ Conference Semifinals ,2013,15,,,,
2, Real Salt Lake,34,16,,10,57,41,+16,56,1.65,,Álvaro Saborío - 12,Nick Rimando,→ Conference Semifinals ,2013,8,,,,
3, LA Galaxy,34,15,,11,53,38,+15,53,1.56,,Robbie Keane - 16,Carlo Cudicini,→ Conference Semifinals ,2013,8,,,,
4, Seattle Sounders FC,34,15,,12,42,42,0,52,1.53,,Eddie Johnson - 9,Michael Gspurning,→ Knockout round ,2013,7,,,,
5, Colorado Rapids,34,14,,11,45,38,+7,51,1.50,,Deshorn Brown - 10,Clint Irwin,→ Knockout round ,2013,9,,,,
6, SJ Earthquakes,34,14,,11,35,42,-7,51,1.50,,Chris Wondolowski - 11,Jon Busch,,2013,9,,,,
7, Vancouver W'caps,34,13,,12,53,45,+8,48,1.41,,Camilo Sanvezzo - 22,David Ousted,,2013,9,,,,
8, FC Dallas,34,11,,12,48,52,-4,44,1.29,,Blas Pérez - 11,Raúl Fernández,,2013,11,,,,
9, Chivas USA,34,6,,20,30,67,-37,26,0.76,,Erick Torres - 7,Dan Kennedy,,2013,8,,,,
1, D.C. United,34,17,,9,52,37,+15,59,1.74,"18,217","Fabián Espíndola, Luis Silva - 11",Bill Hamid,→ Conference Semifinals ,2014,8,,,,
2, NE Revolution,34,17,,13,51,46,+5,55,1.62,"20,380",Lee Nguyen - 18,Bobby Shuttleworth,→ Conference Semifinals ,2014,4,,,,
3, Columbus Crew,34,14,,10,52,42,+10,52,1.53,"16,881","Ethan Finlay, Federico Higuaín - 11",Steve Clark,→ Conference Semifinals ,2014,10,,,,
4, NY Red Bulls,34,13,,10,55,50,+5,50,1.47,"22,867",Bradley Wright-Phillips - 27,Luis Robles,→ Knockout round ,2014,11,,,,
5, Sporting KC,34,14,,13,48,41,+7,49,1.44,"19,972",Dom Dwyer - 23,Eric Kronberg,→ Knockout round ,2014,7,,,,
6, Philadelphia Union,34,10,,12,51,51,0,42,1.24,"17,631",Sébastien Le Toux - 12,Zac MacMath,,2014,12,,,,
7, Toronto FC,34,11,,15,44,54,-10,41,1.21,"21,654",Jermain Defoe - 11,Joe Bendik,,2014,8,,,,
8, Houston Dynamo,34,11,,17,39,58,-19,39,1.15,"20,117",Giles Barnes - 11,Tally Hall,,2014,6,,,,
9, Chicago Fire,34,6,,10,41,51,-10,36,1.06,"16,076",Quincy Amarikwa - 8,Sean Johnson,,2014,18,,,,
10, Montreal Impact,34,6,,18,38,58,-20,28,0.82,"17,421",Marco Di Vaio - 9,Troy Perkins,,2014,10,,,,
1, Seattle Sounders FC,34,20,,10,65,50,+15,64,1.88,"48,742",Obafemi Martins - 17,Stefan Frei,→ Conference Semifinals ,2014,4,,,,
2, LA Galaxy,34,17,,7,69,37,+32,61,1.79,"26,023",Robbie Keane - 19,Jaime Penedo,→ Conference Semifinals ,2014,10,,,,
3, Real Salt Lake,34,15,,8,54,39,+15,56,1.65,"21,570",Joao Plata - 13,Nick Rimando,→ Conference Semifinals ,2014,11,,,,
4, FC Dallas,34,16,,12,55,45,+10,54,1.59,"18,369",Blas Pérez - 11,Raúl Fernández,→ Knockout round ,2014,6,,,,
5, Vancouver W'caps,34,12,,8,42,40,+2,50,1.47,"20,408",Pedro Morales - 10,David Ousted,→ Knockout round ,2014,14,,,,
6, Portland Timbers,34,12,,9,61,52,+9,49,1.44,"20,768",Diego Valeri - 11,Donovan Ricketts,,2014,13,,,,
7, Chivas USA,34,9,,19,29,61,-32,33,0.97,"7,141",Erick Torres - 16,Dan Kennedy,,2014,6,,,,
8, Colorado Rapids,34,8,,18,43,62,-19,32,0.94,"15,082",Deshorn Brown - 10,Clint Irwin,,2014,8,,,,
9, SJ Earthquakes,34,6,,16,35,50,-15,30,0.88,"12,698",Chris Wondolowski - 14,Jon Busch,,2014,12,,,,
1, NY Red Bulls,34,18,,10,62,43,+19,60,1.76,"22,624",Bradley Wright-Phillips - 17,Luis Robles,→ Conference Semifinals ,2015,6,,,,
2, Columbus Crew,34,15,,11,58,53,+5,53,1.56,"20,655",Kei Kamara - 22,Steve Clark,→ Conference Semifinals ,2015,8,,,,
3, Montreal Impact,34,15,,13,48,44,+4,51,1.50,"19,851",Didier Drogba - 11,Evan Bush,→ Knockout round ,2015,6,,,,
4, D.C. United,34,15,,13,43,45,-2,51,1.50,"18,072",Chris Rolfe - 10,Bill Hamid,→ Knockout round ,2015,6,,,,
5, NE Revolution,34,14,,12,48,47,+1,50,1.47,"19,627",Charlie Davies - 10,Bobby Shuttleworth,→ Knockout round ,2015,8,,,,
6, Toronto FC,34,15,,15,58,58,0,49,1.44,"23,432",Sebastian Giovinco - 22,Chris Konopka,→ Knockout round ,2015,4,,,,
7, Orlando City,34,12,,14,46,56,-10,44,1.29,"32,847",Cyle Larin - 17,Tally Hall,,2015,8,,,,
8, NYCFC,34,10,,17,49,58,-9,37,1.09,"29,016",David Villa - 18,Josh Saunders,,2015,7,,,,
9, Philadelphia Union,34,10,,17,42,55,-13,37,1.09,"17,451",C.J. Sapong - 9,Brian Sylvestre,,2015,7,,,,
10, Chicago Fire,34,8,,20,43,58,-15,30,0.88,"16,003",David Accam - 10,Sean Johnson,,2015,6,,,,
1, FC Dallas,34,18,,10,52,39,+13,60,1.76,"18,263",Fabián Castillo - 9,Dan Kennedy,→ Conference Semifinals ,2015,6,,,,
2, Vancouver W'caps,34,16,,13,45,36,+9,53,1.56,"22,145",Octavio Rivero - 10,David Ousted,→ Conference Semifinals ,2015,5,,,,
3, Portland Timbers,34,15,,11,41,39,+2,53,1.56,"24,874",Fanendo Adi - 16,Adam Larsen Kwarasey,→ Knockout round ,2015,8,,,,
4, Seattle Sounders FC,34,15,,13,44,36,+8,51,1.50,"48,902",Obafemi Martins - 15,Stefan Frei,→ Knockout round ,2015,6,,,,
5, LA Galaxy,34,14,,11,56,46,+10,51,1.50,"23,392",Robbie Keane - 20,Jaime Penedo,→ Knockout round ,2015,9,,,,
6, Sporting KC,34,14,,11,48,45,+3,51,1.50,"19,687",Dom Dwyer - 12,Tim Melia,→ Knockout round ,2015,9,,,,
7, SJ Earthquakes,34,13,,13,41,39,+2,47,1.38,"20,979",Chris Wondolowski - 16,David Bingham,,2015,8,,,,
8, Houston Dynamo,34,11,,14,42,49,-7,42,1.24,"20,658",Will Bruin - 11,Tyler Deric,,2015,9,,,,
9, Real Salt Lake,34,11,,15,38,48,-10,41,1.21,"20,090",Javier Morales - 8,Nick Rimando,,2015,8,,,,
10, Colorado Rapids,34,9,,15,33,43,-10,37,1.09,"15,657",Kevin Doyle - 5,Clint Irwin,,2015,10,,,,
1, NY Red Bulls,34,16,,9,61,44,+17,57,1.68,"22,050",Bradley Wright-Phillips - 24,Luis Robles,→ Conference Semifinals ,2016,9,,,,
2, NYCFC,34,15,,10,62,57,+5,54,1.59,"28,864",David Villa - 23,Josh Saunders,→ Conference Semifinals ,2016,9,,,,
3, Toronto FC,34,14,,9,51,39,+12,53,1.56,"35,526",Sebastian Giovinco - 17,Clint Irwin,→ Knockout round ,2016,11,,,,
4, D.C. United,34,11,,10,53,47,+6,46,1.35,"17,833",Lamar Neagle - 9,Bill Hamid,→ Knockout round ,2016,13,,,,
5, Montreal Impact,34,11,,11,49,53,-4,45,1.32,"25,141",Ignacio Piatti - 17,Evan Bush,→ Knockout round ,2016,12,,,,
6, Philadelphia Union,34,11,,14,52,55,-3,42,1.24,"17,519",Chris Pontius - 12,Andre Blake,→ Knockout round ,2016,9,,,,
7, NE Revolution,34,11,,14,44,54,-10,42,1.24,"20,185","Kei Kamara, Juan Agudelo - 7",Bobby Shuttleworth,,2016,9,,,,
8, Orlando City,34,9,,11,55,60,-5,41,1.21,"31,324",Cyle Larin - 14,Joe Bendik,,2016,14,,,,
9, Columbus Crew,34,8,,14,50,58,-8,36,1.06,"17,125",Ola Kamara - 16,Steve Clark,,2016,12,,,,
10, Chicago Fire,34,7,,17,42,58,-16,31,0.91,"15,602",David Accam - 9,Sean Johnson,,2016,10,,,,
1, FC Dallas,34,17,,8,50,40,+10,60,1.76,"14,969","Maximiliano Urruti, Michael Barrios - 9",Chris Seitz,→ Conference Semifinals ,2016,9,,,,
2, Colorado Rapids,34,15,,6,39,32,+7,58,1.71,"18,365",Shkëlzen Gashi - 9,"Tim Howard, Zac MacMath",→ Conference Semifinals ,2016,13,,,,
3, LA Galaxy,34,12,,6,54,39,+15,52,1.53,"27,653",Giovani dos Santos - 14,Brian Rowe,→ Knockout round ,2016,16,,,,
4, Seattle Sounders FC,34,14,,14,44,43,+1,48,1.41,"49,459",Jordan Morris - 12,Stefan Frei,→ Knockout round ,2016,6,,,,
5, Sporting KC,34,13,,13,42,41,+1,47,1.38,"19,597",Dom Dwyer - 16,Tim Melia,→ Knockout round ,2016,8,,,,
6, Real Salt Lake,34,12,,12,44,46,-2,46,1.35,"19,759","Joao Plata, Yura Movsisyan - 9",Nick Rimando,→ Knockout round ,2016,10,,,,
7, Portland Timbers,34,12,,14,48,53,-5,44,1.29,"21,144",Fanendo Adi - 16,Jake Gleeson,,2016,8,,,,
8, Vancouver W'caps,34,10,,15,45,52,-7,39,1.15,"22,330",Pedro Morales - 9,David Ousted,,2016,9,,,,
9, SJ Earthquakes,34,8,,12,32,40,-8,38,1.12,"19,930",Chris Wondolowski - 12,David Bingham,,2016,14,,,,
10, Houston Dynamo,34,7,,14,39,45,-6,34,1.00,"19,021","Andrew Wenger, Mauro Manotas - 6",Joe Willis,,2016,13,,,,
1, Toronto FC,34,20,,5,74,37,+37,69,2.03,"32,997",Sebastian Giovinco - 16,Alex Bono,→ Conference Semifinals ,2017,9,,,,
2, NYCFC,34,16,,9,56,43,+13,57,1.68,"23,688",David Villa - 22,Sean Johnson,→ Conference Semifinals ,2017,9,,,,
3, Chicago Fire,34,16,,11,61,47,+14,55,1.62,"18,068",Nemanja Nikolić - 24,Matt Lampson,→ Knockout round ,2017,7,,,,
4, Atlanta Utd,34,15,,9,70,40,+30,55,1.62,"52,154",Josef Martínez - 19,Alec Kann,→ Knockout round ,2017,10,,,,
5, Columbus Crew,34,16,,12,53,49,+4,54,1.59,"17,540",Ola Kamara - 18,Zack Steffen,→ Knockout round ,2017,6,,,,
6, NY Red Bulls,34,14,,12,53,47,+6,50,1.47,"22,240",Bradley Wright-Phillips - 17,Luis Robles,→ Knockout round ,2017,8,,,,
7, NE Revolution,34,13,,15,53,61,-8,45,1.32,"19,367",Kei Kamara - 12,Cody Cropper,,2017,6,,,,
8, Philadelphia Union,34,11,,14,50,47,+3,42,1.24,"16,812",C.J. Sapong - 16,Andre Blake,,2017,9,,,,
9, Montreal Impact,34,11,,17,52,58,-6,39,1.15,"20,046",Ignacio Piatti - 17,Evan Bush,,2017,6,,,,
10, Orlando City,34,10,,15,39,58,-19,39,1.15,"25,028",Cyle Larin - 12,Joe Bendik,,2017,9,,,,
11, D.C. United,34,9,,20,31,60,-29,32,0.94,"17,904","Luciano Acosta, Patrick Mullins - 5",Bill Hamid,,2017,5,,,,
1, Portland Timbers,34,15,,11,60,50,+10,53,1.56,"22,388",Diego Valeri - 21,Jake Gleeson,→ Conference Semifinals ,2017,8,,,,
2, Seattle Sounders FC,34,14,,9,52,39,+13,53,1.56,"48,659",Clint Dempsey - 12,Stefan Frei,→ Conference Semifinals ,2017,11,,,,
3, Vancouver W'caps,34,15,,12,50,49,+1,52,1.53,"24,294",Fredy Montero - 13,David Ousted,→ Knockout round ,2017,7,,,,
4, Houston Dynamo,34,13,,10,57,45,+12,50,1.47,"20,557",Erick Torres - 14,Tyler Deric,→ Knockout round ,2017,11,,,,
5, Sporting KC,34,12,,9,40,29,+11,49,1.44,"19,537",Gerso Fernandes - 8,Tim Melia,→ Knockout round ,2017,13,,,,
6, SJ Earthquakes,34,13,,14,39,60,-21,46,1.35,"19,875",Chris Wondolowski - 13,David Bingham,→ Knockout round ,2017,7,,,,
7, FC Dallas,34,11,,10,48,48,0,46,1.35,"15,122",Maximiliano Urruti - 12,Jesse Gonzalez,,2017,13,,,,
8, Real Salt Lake,34,13,,15,49,55,-6,45,1.32,"18,781","Albert Rusnák, Joao Plata... - 7",Nick Rimando,,2017,6,,,,
9, Minnesota Utd,34,10,,18,47,70,-23,36,1.06,"20,538",Christian Ramirez - 14,Bobby Shuttleworth,,2017,6,,,,
10, Colorado Rapids,34,9,,19,31,51,-20,33,0.97,"15,322",Dominique Badji - 9,Tim Howard,,2017,6,,,,
11, LA Galaxy,34,8,,18,45,67,-22,32,0.94,"22,246",Romain Alessandrini - 13,Clément Diop,,2017,8,,,,
1, NY Red Bulls,34,22,,7,62,33,+29,71,2.09,"21,244",Bradley Wright-Phillips - 20,Luis Robles,→ Conference Semifinals ,2018,5,62.3,45.9,+16.4,+0.48
2, Atlanta Utd,34,21,,7,70,44,+26,69,2.03,"65,564",Josef Martínez - 31,Brad Guzan,→ Conference Semifinals ,2018,6,79.1,43.3,+35.8,+1.05
3, NYCFC,34,16,,10,59,45,+14,56,1.65,"25,231",David Villa - 14,Sean Johnson,→ Knockout round ,2018,8,57.8,45.0,+12.8,+0.38
4, D.C. United,34,14,,11,60,50,+10,51,1.50,"18,847",Wayne Rooney - 12,David Ousted,→ Knockout round ,2018,9,48.9,52.0,-3.1,-0.09
5, Columbus Crew,34,14,,11,43,45,-2,51,1.50,"13,206",Gyasi Zardes - 19,Zack Steffen,→ Knockout round ,2018,9,54.1,35.9,+18.1,+0.53
6, Philadelphia Union,34,15,,14,49,50,-1,50,1.47,"16,518","Fafà Picault, Cory Burke - 10",Andre Blake,→ Knockout round ,2018,5,56.1,52.7,+3.4,+0.10
7, Montreal Impact,34,14,,16,47,53,-6,46,1.35,"18,569",Ignacio Piatti - 16,Evan Bush,,2018,4,44.6,51.2,-6.6,-0.20
8, NE Revolution,34,10,,13,49,55,-6,41,1.21,"18,347",Cristian Penilla - 12,Matt Turner,,2018,11,46.9,55.0,-8.1,-0.24
9, Toronto FC,34,10,,18,59,64,-5,36,1.06,"26,628",Sebastian Giovinco - 13,Alex Bono,,2018,6,62.4,59.4,+2.9,+0.09
10, Chicago Fire,34,8,,18,48,61,-13,32,0.94,"14,806",Nemanja Nikolić - 15,Richard Sánchez,,2018,8,39.2,62.7,-23.5,-0.69
11, Orlando City,34,8,,22,43,74,-31,28,0.82,"23,866",Dom Dwyer - 13,Joe Bendik,,2018,4,47.1,64.5,-17.3,-0.51
1, Sporting KC,34,18,,8,65,40,+25,62,1.82,"22,303",Dániel Sallói - 11,Tim Melia,→ Conference Semifinals ,2018,8,64.8,47.7,+17.0,+0.50
2, Seattle Sounders FC,34,18,,11,52,37,+15,59,1.74,"42,967",Raúl Ruidíaz - 10,Stefan Frei,→ Conference Semifinals ,2018,5,45.5,51.5,-6.0,-0.18
3, LAFC,34,16,,9,68,52,+16,57,1.68,"23,336",Carlos Vela - 14,Tyler Miller,→ Knockout round ,2018,9,64.0,52.6,+11.4,+0.34
4, FC Dallas,34,16,,9,52,44,+8,57,1.68,"16,118","Roland Lamah, Maximiliano Urruti - 8",Jesse Gonzalez,→ Knockout round ,2018,9,57.5,46.7,+10.8,+0.32
5, Portland Timbers,34,15,,10,54,48,+6,54,1.59,"23,632","Diego Valeri, Sebastián Blanco - 10",Jeff Attinella,→ Knockout round ,2018,9,52.5,49.1,+3.4,+0.10
6, Real Salt Lake,34,14,,13,55,58,-3,49,1.44,"19,431",Damir Kreilach - 12,Nick Rimando,→ Knockout round ,2018,7,52.7,60.6,-7.8,-0.23
7, LA Galaxy,34,13,,12,66,64,+2,48,1.41,"24,444",Zlatan Ibrahimović - 22,David Bingham,,2018,9,54.8,57.1,-2.3,-0.07
8, Vancouver W'caps,34,13,,13,54,67,-13,47,1.38,"21,946",Kei Kamara - 14,Stefan Marinovic,,2018,8,52.8,60.3,-7.5,-0.22
9, Houston Dynamo,34,10,,16,58,58,0,38,1.12,"16,906",Mauro Manotas - 19,Joe Willis,,2018,8,56.8,55.3,+1.6,+0.05
10, Minnesota Utd,34,11,,20,49,71,-22,36,1.06,"23,902",Darwin Quintero - 11,Bobby Shuttleworth,,2018,3,48.1,61.4,-13.2,-0.39
11, Colorado Rapids,34,8,,19,36,63,-27,31,0.91,"15,333",Dominique Badji - 7,Tim Howard,,2018,7,40.4,61.4,-21.0,-0.62
12, SJ Earthquakes,34,4,,21,49,71,-22,21,0.62,"19,032",Danny Hoesen - 12,Andrew Tarbell,,2018,9,43.0,60.0,-17.0,-0.50
1, NYCFC,34,18,,6,63,42,+21,64,1.88,"22,273",Héber - 15,Sean Johnson,→ Conference Semifinals ,2019,10,58.7,47.1,+11.6,+0.34
2, Atlanta Utd,34,18,,12,58,43,+15,58,1.71,"61,432",Josef Martínez - 27,Brad Guzan,→ Round 1 ,2019,4,61.8,48.8,+13.0,+0.38
3, Philadelphia Union,34,16,,11,58,50,+8,55,1.62,"18,201",Kacper Przybyłko - 15,Andre Blake,→ Round 1 ,2019,7,57.4,48.1,+9.3,+0.27
4, Toronto FC,34,13,,10,57,52,+5,50,1.47,"26,538",Alejandro Pozuelo - 12,Quentin Westberg,→ Round 1 ,2019,11,52.8,53.9,-1.1,-0.03
5, D.C. United,34,13,,10,42,38,+4,50,1.47,"17,744",Wayne Rooney - 11,Bill Hamid,→ Round 1 ,2019,11,43.6,52.0,-8.5,-0.25
6, NY Red Bulls,34,14,,14,53,51,+2,48,1.41,"17,751",Daniel Royer - 11,Luis Robles,→ Round 1 ,2019,6,50.7,55.5,-4.7,-0.14
7, NE Revolution,34,11,,11,50,57,-7,45,1.32,"16,737",Carles Gil - 10,Matt Turner,→ Round 1 ,2019,12,57.5,65.3,-7.8,-0.23
8, Chicago Fire,34,10,,12,55,47,+8,42,1.24,"12,324",C.J. Sapong - 13,Kenneth Kronholm,,2019,12,62.1,48.8,+13.3,+0.39
9, Montreal Impact,34,12,,17,47,60,-13,41,1.21,"16,171",Saphir Taïder - 9,Evan Bush,,2019,5,47.6,55.5,-7.9,-0.23
10, Columbus Crew,34,10,,16,39,47,-8,38,1.12,"14,856",Gyasi Zardes - 13,Zack Steffen,,2019,8,43.6,48.0,-4.4,-0.13
11, Orlando City,34,9,,15,44,52,-8,37,1.09,"22,761",Nani - 12,Brian Rowe,,2019,10,49.6,48.7,+0.9,+0.03
12, FC Cincinnati,34,6,,22,31,75,-44,24,0.71,"27,336",Allan Cruz - 7,Spencer Richey,,2019,6,37.7,63.8,-26.1,-0.77
1, LAFC,34,21,,4,85,37,+48,72,2.12,"24,898",Carlos Vela - 34,Tyler Miller,→ Conference Semifinals ,2019,9,80.0,39.3,+40.7,+1.20
2, Seattle Sounders FC,34,16,,10,52,49,+3,56,1.65,"48,759",Raúl Ruidíaz - 11,Stefan Frei,→ Round 1 ,2019,8,50.0,51.5,-1.5,-0.04
3, Real Salt Lake,34,16,,13,46,41,+5,53,1.56,"19,147",Albert Rusnák - 10,Nick Rimando,→ Round 1 ,2019,5,41.3,45.0,-3.6,-0.11
4, Minnesota Utd,34,15,,11,52,43,+9,53,1.56,"20,896",Darwin Quintero - 10,Vito Mannone,→ Round 1 ,2019,8,56.2,49.6,+6.6,+0.19
5, LA Galaxy,34,16,,15,58,59,-1,51,1.50,"23,205",Zlatan Ibrahimović - 30,David Bingham,→ Round 1 ,2019,3,60.1,63.6,-3.4,-0.10
6, Portland Timbers,34,14,,13,52,49,+3,49,1.44,"25,218","Brian Fernández, Jeremy Ebobisse - 11",Steve Clark,→ Round 1 ,2019,7,56.2,57.9,-1.8,-0.05
7, FC Dallas,34,13,,12,54,46,+8,48,1.41,"14,842",Jesús Ferreira - 8,Jesse Gonzalez,→ Round 1 ,2019,9,50.8,48.2,+2.6,+0.08
8, SJ Earthquakes,34,13,,16,52,55,-3,44,1.29,"18,781",Chris Wondolowski - 15,Mario Daniel Vega,,2019,5,57.4,54.5,+2.9,+0.09
9, Colorado Rapids,34,12,,16,58,63,-5,42,1.24,"14,284",Kei Kamara - 14,Tim Howard,,2019,6,58.0,64.5,-6.5,-0.19
10, Houston Dynamo,34,12,,18,49,59,-10,40,1.18,"15,674",Mauro Manotas - 13,Joe Willis,,2019,4,52.7,55.5,-2.8,-0.08
11, Sporting KC,34,10,,16,49,67,-18,38,1.12,"18,601",Felipe Gutiérrez - 12,Tim Melia,,2019,8,61.5,53.8,+7.7,+0.23
12, Vancouver W'caps,34,8,,16,37,59,-22,34,1.00,"19,514",Fredy Montero - 8,Maxime Crépeau,,2019,10,36.4,65.0,-28.6,-0.84
1, Philadelphia Union,23,14,,4,44,20,+24,47,2.04,,"Kacper Przybyłko, Sergio Santos Gomes - 8",Andre Blake,→ First Round ,2020,5,35.0,23.5,+11.4,+0.57
2, Toronto FC,23,13,,5,33,26,+7,44,1.91,"2,757","Alejandro Pozuelo, Ayo Akinola - 9",Quentin Westberg,→ First Round ,2020,5,31.1,22.5,+8.6,+0.43
3, Columbus Crew,23,12,,6,36,21,+15,41,1.78,"2,197",Gyasi Zardes - 12,Eloy Room,→ First Round ,2020,5,28.6,28.1,+0.5,+0.03
4, Orlando City,23,11,,4,40,25,+15,41,1.78,"2,553",Chris Mueller - 10,Pedro Gallese,→ First Round ,2020,8,27.5,24.3,+3.2,+0.16
5, NYCFC,23,12,,8,37,25,+12,39,1.70,,Valentín Castellanos - 6,Sean Johnson,→ First Round ,2020,3,33.3,26.7,+6.7,+0.33
6, NY Red Bulls,23,9,,9,29,31,-2,32,1.39,"1,570",Brian White - 5,Ryan Meara,→ First Round ,2020,5,25.7,30.0,-4.3,-0.22
7, Nashville SC,23,8,,7,24,22,+2,32,1.39,"6,661","Daniel Armando Ríos, Hany Mukhtar - 4",Joe Willis,→ Play-In Round ,2020,8,25.6,26.4,-0.8,-0.04
8, NE Revolution,23,8,,7,26,25,+1,32,1.39,"1,529",Teal Bunbury - 8,Matt Turner,→ Play-In Round ,2020,8,32.5,24.9,+7.6,+0.38
9, Montreal Impact,23,8,,13,33,43,-10,26,1.13,"2,101",Romell Quioto - 8,Clément Diop,→ Play-In Round ,2020,2,27.3,36.5,-9.2,-0.46
10, Inter Miami,23,7,,13,25,35,-10,24,1.04,,Lewis Morgan - 5,Luis Robles,→ Play-In Round ,2020,3,27.2,28.4,-1.2,-0.06
11, Chicago Fire,23,5,,10,33,39,-6,23,1.00,,Robert Berić - 12,Bobby Shuttleworth,,2020,8,35.4,33.1,+2.3,+0.11
12, Atlanta Utd,23,6,,13,23,30,-7,22,0.96,"8,158",Jon Gallagher - 4,Brad Guzan,,2020,4,19.9,24.4,-4.5,-0.23
13, D.C. United,23,5,,12,25,41,-16,21,0.91,"3,101",Ola Kamara - 4,Bill Hamid,,2020,6,21.2,35.1,-13.9,-0.70
14, FC Cincinnati,23,4,,15,12,36,-24,16,0.70,,Yuya Kubo - 3,Przemysław Tytoń,,2020,4,19.8,30.5,-10.7,-0.53
1, Sporting KC,21,12,,6,38,25,+13,39,1.86,"2,354","Johnny Russell, Alan Pulido... - 6",Tim Melia,→ First Round ,2020,3,28.7,23.6,+5.1,+0.29
2, Seattle Sounders FC,22,11,,5,44,23,+21,39,1.77,"7,321",Raúl Ruidíaz - 12,Stefan Frei,→ First Round ,2020,6,35.5,18.3,+17.2,+0.91
3, Portland Timbers,23,11,,6,46,35,+11,39,1.70,"4,612","Diego Valeri, Jeremy Ebobisse - 8",Steve Clark,→ First Round ,2020,6,28.6,35.1,-6.5,-0.32
4, Minnesota Utd,21,9,,5,36,26,+10,34,1.62,,Kevin Molino - 9,Dayne St. Clair,→ First Round ,2020,7,28.3,30.4,-2.1,-0.12
5, FC Dallas,22,9,,6,28,24,+4,34,1.55,"3,758",Franco Jara - 7,Jimmy Maurer,→ First Round ,2020,7,34.1,28.4,+5.7,+0.26
6, LAFC,22,9,,8,47,39,+8,32,1.45,"4,021",Diego Rossi - 14,Pablo Sisniega,→ First Round ,2020,5,36.5,27.4,+9.1,+0.48
7, SJ Earthquakes,23,8,,9,35,51,-16,30,1.30,"2,748",Chris Wondolowski - 7,Mario Daniel Vega,→ First Round ,2020,6,28.2,34.2,-6.0,-0.30
8, Colorado Rapids,18,8,,6,32,28,+4,28,1.56,"2,177","Jonathan Lewis, Cole Bassett - 5",William Yarbrough,→ First Round ,2020,4,21.2,19.8,+1.4,+0.09
9, Vancouver W'caps,23,9,,14,27,44,-17,27,1.17,"2,212",Lucas Cavallini - 6,Thomas Hasal,,2020,0,22.3,33.7,-11.4,-0.57
10, LA Galaxy,22,6,,12,27,46,-19,22,1.00,"2,638",Cristian Pavón - 10,David Bingham,,2020,4,23.7,29.8,-6.2,-0.32
11, Real Salt Lake,22,5,,10,25,35,-10,22,1.00,"4,353",Damir Kreilach - 8,Andrew Putna,,2020,7,25.8,25.8,-0.1,0.00
12, Houston Dynamo,23,4,,10,30,40,-10,21,0.91,"3,042",Darwin Quintero - 7,Marko Marić,,2020,9,31.2,33.3,-2.1,-0.11
1, NE Revolution,34,22,,5,65,41,+24,73,2.15,"13,705",Adam Buksa - 16,Matt Turner,→ Conference Semifinals ,2021,7,59.4,48.1,+11.3,+0.33
2, Philadelphia Union,34,14,,8,48,35,+13,54,1.59,"14,749",Kacper Przybyłko - 12,Andre Blake,→ First Round ,2021,12,49.4,41.7,+7.7,+0.23
3, Nashville SC,34,12,,4,55,33,+22,54,1.59,"19,017",Hany Mukhtar - 16,Joe Willis,→ First Round ,2021,18,50.5,37.9,+12.6,+0.37
4, NYCFC,34,14,,11,56,36,+20,51,1.50,"3,401",Valentín Castellanos - 19,Sean Johnson,→ First Round ,2021,9,58.8,36.9,+21.9,+0.64
5, Atlanta Utd,34,13,,9,45,37,+8,51,1.50,"43,964",Josef Martínez - 12,Brad Guzan,→ First Round ,2021,12,47.7,48.8,-1.1,-0.03
6, Orlando City,34,13,,9,50,48,+2,51,1.50,"14,723","Nani, Daryl Dike - 10",Pedro Gallese,→ First Round ,2021,12,46.4,43.3,+3.1,+0.09
7, NY Red Bulls,34,13,,12,39,33,+6,48,1.41,"10,065",Patryk Klimala - 8,Carlos Coronel,→ First Round ,2021,9,50.6,39.9,+10.7,+0.31
8, D.C. United,34,14,,15,56,54,+2,47,1.38,"11,880",Ola Kamara - 19,Bill Hamid,,2021,5,55.7,43.9,+11.8,+0.35
9, Columbus Crew,34,13,,13,46,45,+1,47,1.38,"16,583",Lucas Zelarayán - 12,Eloy Room,,2021,8,43.4,49.2,-5.9,-0.17
10, CF Montréal,34,12,,12,46,44,+2,46,1.35,647,Romell Quioto - 8,James Pantemis,,2021,10,48.5,44.3,+4.2,+0.12
11, Inter Miami,34,12,,17,36,53,-17,41,1.21,"11,635",Gonzalo Higuaín - 12,Nick Marsman,,2021,5,38.3,57.2,-18.9,-0.56
12, Chicago Fire,34,9,,18,36,54,-18,34,1.00,"10,226","Luka Stojanović, Robert Berić - 8",Bobby Shuttleworth,,2021,7,46.0,57.0,-11.0,-0.32
13, Toronto FC,34,6,,18,39,66,-27,28,0.82,"4,181","Jozy Altidore, Jonathan Osorio - 4",Alex Bono,,2021,10,44.4,61.4,-16.9,-0.50
14, FC Cincinnati,34,4,,22,37,74,-37,20,0.59,"21,175",Brenner - 8,Kenneth Vermeer,,2021,8,42.2,62.2,-20.0,-0.59
1, Colorado Rapids,34,17,,7,51,35,+16,61,1.79,"9,506",Michael Barrios - 8,William Yarbrough,→ Conference Semifinals ,2021,10,50.0,42.7,+7.3,+0.21
2, Seattle Sounders FC,34,17,,8,53,33,+20,60,1.76,"27,125",Raúl Ruidíaz - 17,Stefan Frei,→ First Round ,2021,9,50.7,40.1,+10.6,+0.31
3, Sporting KC,34,17,,10,58,40,+18,58,1.71,"17,882",Dániel Sallói - 16,Tim Melia,→ First Round ,2021,7,55.9,52.4,+3.5,+0.10
4, Portland Timbers,34,17,,13,56,52,+4,55,1.62,"17,834",Felipe Mora - 11,Steve Clark,→ First Round ,2021,4,53.6,63.8,-10.2,-0.30
5, Minnesota Utd,34,13,,11,42,44,-2,49,1.44,"11,315",Robin Lod - 9,Tyler Miller,→ First Round ,2021,10,54.5,46.4,+8.1,+0.24
6, Vancouver W'caps,34,12,,9,45,45,0,49,1.44,"5,447",Brian White - 12,Maxime Crépeau,→ First Round ,2021,13,43.0,54.6,-11.7,-0.34
7, Real Salt Lake,34,14,,14,55,54,+1,48,1.41,"13,599",Damir Kreilach - 16,David Ochoa,→ First Round ,2021,6,52.0,54.1,-2.1,-0.06
8, LA Galaxy,34,13,,12,50,54,-4,48,1.41,"14,849",Javier Hernández - 17,Jonathan Bond,,2021,9,52.0,53.3,-1.4,-0.04
9, LAFC,34,12,,13,53,51,+2,45,1.32,"18,458",Cristian Arango - 14,Tomas Romero,,2021,9,65.7,44.7,+21.0,+0.62
10, SJ Earthquakes,34,10,,13,46,54,-8,41,1.21,"9,132",Javier Eduardo López - 12,J.T. Marcinkowski,,2021,11,53.7,60.5,-6.7,-0.20
11, FC Dallas,34,7,,15,47,56,-9,33,0.97,"13,418",Ricardo Pepi - 13,Jimmy Maurer,,2021,12,50.4,55.9,-5.5,-0.16
12, Austin,34,9,,21,35,56,-21,31,0.91,"15,858","Diego Fagúndez, Cecilio Domínguez - 7",Brad Stuver,,2021,4,46.2,61.3,-15.1,-0.44
13, Houston Dynamo,34,6,,16,36,54,-18,30,0.88,"11,844",Fafà Picault - 11,Marko Marić,,2021,12,45.6,53.0,-7.4,-0.22
1, Philadelphia Union,34,19,,5,72,26,+46,67,1.97,"20,424",Dániel Gazdag - 22,Andre Blake,→ Conference Semifinals ,2022,10,59.3,38.0,+21.3,+0.63
2, CF Montréal,34,20,,9,63,50,+13,65,1.91,"18,077",Romell Quioto - 15,Sebastian Breza,→ First Round ,2022,5,55.3,37.1,+18.2,+0.54
3, NYCFC,34,16,,11,57,41,+16,55,1.62,"18,243",Valentín Castellanos - 13,Sean Johnson,→ First Round ,2022,7,58.5,38.1,+20.4,+0.60
4, NY Red Bulls,34,15,,11,50,41,+9,53,1.56,"18,009",Lewis Morgan - 14,Carlos Coronel,→ First Round ,2022,8,45.5,39.2,+6.3,+0.18
5, FC Cincinnati,34,12,,9,64,56,+8,49,1.44,"22,487","Brenner, Brandon Vazquez - 18",Roman Celentano,→ First Round ,2022,13,55.7,48.3,+7.4,+0.22
6, Inter Miami,34,14,,14,47,56,-9,48,1.41,"11,871",Gonzalo Higuaín - 16,Drake Callender,→ First Round ,2022,6,42.0,48.5,-6.5,-0.19
7, Orlando City,34,14,,14,44,53,-9,48,1.41,"14,331",Ercan Kara - 11,Pedro Gallese,→ First Round ,2022,6,40.1,48.1,-8.0,-0.24
8, Columbus Crew,34,10,,8,46,41,+5,46,1.35,"19,237",Lucas Zelarayán - 10,Eloy Room,,2022,16,40.6,42.7,-2.1,-0.06
9, Charlotte,34,13,,18,44,52,-8,42,1.24,"35,260",Karol Świderski - 10,Kristijan Kahlina,,2022,3,41.8,44.1,-2.3,-0.07
10, NE Revolution,34,10,,12,47,50,-3,42,1.24,"21,221",Gustavo Bou - 8,Đorđe Petrović,,2022,12,44.7,53.7,-9.0,-0.26
11, Atlanta Utd,34,10,,14,48,54,-6,40,1.18,"47,116",Josef Martínez - 9,Rocco Ríos Novo,,2022,10,55.8,50.2,+5.6,+0.16
12, Chicago Fire,34,10,,15,39,48,-9,39,1.15,"15,848",Jhon Durán - 8,Gaga Slonina,,2022,9,47.0,47.0,0.0,0.00
13, Toronto FC,34,9,,18,49,66,-17,34,1.00,"25,423","Jesús Jiménez, Jonathan Osorio - 9",Alex Bono,,2022,7,42.3,58.7,-16.4,-0.48
14, D.C. United,34,7,,21,36,71,-35,27,0.79,"16,256",Taxiarchis Fountas - 12,Rafael Romo,,2022,6,36.9,57.6,-20.7,-0.61
1, LAFC,34,21,,9,66,38,+28,67,1.97,"24,724",Cristian Arango - 16,Maxime Crépeau,→ Conference Semifinals ,2022,4,62.2,34.6,+27.6,+0.81
2, Austin,34,16,,10,65,49,+16,56,1.65,"23,178",Sebastián Driussi - 22,Brad Stuver,→ First Round ,2022,8,50.9,52.7,-1.7,-0.05
3, FC Dallas,34,14,,9,48,37,+11,53,1.56,"17,592",Jesús Ferreira - 18,Maarten Paes,→ First Round ,2022,11,42.4,43.6,-1.1,-0.03
4, LA Galaxy,34,14,,12,58,51,+7,50,1.47,"24,152",Javier Hernández - 18,Jonathan Bond,→ First Round ,2022,8,59.6,48.3,+11.3,+0.33
5, Nashville SC,34,13,,10,52,41,+11,50,1.47,"27,554",Hany Mukhtar - 23,Joe Willis,→ First Round ,2022,11,52.4,44.2,+8.3,+0.24
6, Minnesota Utd,34,14,,14,48,51,-3,48,1.41,"18,405",Emanuel Reynoso - 10,Dayne St. Clair,→ First Round ,2022,6,45.4,48.5,-3.2,-0.09
7, Real Salt Lake,34,12,,11,43,45,-2,47,1.38,"20,470",Sergio Córdova - 9,Zac MacMath,→ First Round ,2022,11,45.1,44.6,+0.5,+0.01
8, Portland Timbers,34,11,,10,53,53,0,46,1.35,"23,841",Dairon Asprilla - 10,Aljaž Ivačič,,2022,13,50.3,51.8,-1.5,-0.04
9, Vancouver W'caps,34,12,,15,40,57,-17,43,1.26,"16,399",Lucas Cavallini - 9,Thomas Hasal,,2022,7,38.3,50.0,-11.7,-0.35
10, Colorado Rapids,34,11,,13,46,57,-11,43,1.26,"14,473",Diego Rubio - 16,William Yarbrough,,2022,10,50.8,52.1,-1.3,-0.04
11, Seattle Sounders FC,34,12,,17,47,46,+1,41,1.21,"33,607",Raúl Ruidíaz - 9,Stefan Frei,,2022,5,47.8,52.5,-4.7,-0.14
12, Sporting KC,34,11,,16,42,54,-12,40,1.18,"18,365","Johnny Russell, William Agada - 8",Tim Melia,,2022,7,38.8,46.4,-7.6,-0.22
13, Houston Dynamo,34,10,,18,43,56,-13,36,1.06,"16,426",Sebastián Ferreira - 13,Steve Clark,,2022,6,44.3,57.2,-12.9,-0.38
14, SJ Earthquakes,34,8,,15,52,69,-17,35,1.03,"15,260",Jeremy Ebobisse - 17,J.T. Marcinkowski,,2022,11,44.9,60.8,-15.9,-0.47
1, FC Cincinnati,34,20,,5,57,39,+18,69,2.03,"29,782",Luciano Acosta - 17,Roman Celentano,→ Round One ,2023,9,56.3,40.7,+15.6,+0.46
2, Orlando City,34,18,,7,55,39,+16,63,1.85,"23,253",Facundo Torres - 14,Pedro Gallese,→ Round One ,2023,9,42.1,40.7,+1.4,+0.04
3, Columbus Crew,34,16,,9,67,46,+21,57,1.68,"23,912",Cucho - 16,Patrick Schulte,→ Round One ,2023,9,57.7,41.3,+16.4,+0.48
4, Philadelphia Union,34,15,,9,57,41,+16,55,1.62,"20,071","Dániel Gazdag, Julián Carranza - 14",Andre Blake,→ Round One ,2023,10,49.4,44.2,+5.3,+0.16
5, NE Revolution,34,15,,9,58,46,+12,55,1.62,"24,835",Carles Gil - 11,Đorđe Petrović,→ Round One ,2023,10,42.5,45.0,-2.5,-0.07
6, Atlanta Utd,34,13,,9,66,53,+13,51,1.50,"49,988",Giorgos Giakoumakis - 17,Brad Guzan,→ Round One ,2023,12,48.7,46.0,+2.8,+0.08
7, Nashville SC,34,13,,11,39,32,+7,49,1.44,"29,746",Hany Mukhtar - 15,Joe Willis,→ Round One ,2023,10,41.8,36.2,+5.6,+0.16
8, NY Red Bulls,34,11,,13,36,39,-3,43,1.26,"20,371",Omir Fernandez - 6,Carlos Coronel,→ Wild Card Round ,2023,10,46.3,33.9,+12.4,+0.37
9, Charlotte,34,10,,11,45,52,-7,43,1.26,"36,572",Karol Świderski - 12,Kristijan Kahlina,→ Wild Card Round ,2023,13,37.0,49.7,-12.7,-0.37
10, CF Montréal,34,12,,17,36,52,-16,41,1.21,"17,552",Mathieu Choiniere - 5,Jonathan Sirois,,2023,5,37.8,50.2,-12.4,-0.36
11, NYCFC,34,9,,11,35,39,-4,41,1.21,"19,673",Gabriel Pereira - 6,Luis Barraza,,2023,14,42.0,36.1,+5.9,+0.17
12, D.C. United,34,10,,14,45,49,-4,40,1.18,"17,540",Christian Benteke - 14,Tyler Miller,,2023,10,45.8,42.6,+3.3,+0.10
13, Chicago Fire,34,10,,14,39,51,-12,40,1.18,"18,170",Maren Haile-Selassie - 6,Christopher Brady,,2023,10,38.2,51.1,-12.9,-0.38
14, Inter Miami,34,9,,18,41,54,-13,34,1.00,"17,698",Leonardo Campana - 9,Drake Callender,,2023,7,38.2,52.2,-14.0,-0.41
15, Toronto FC,34,4,,20,26,59,-33,22,0.65,"25,310","Federico Bernardeschi, Deandre Kerr - 5",Sean Johnson,,2023,10,31.3,54.0,-22.7,-0.67
1, St. Louis,34,17,,12,62,45,+17,56,1.65,"23,742","Klauss, Nicholas Gioacchini - 10",Roman Bürki,→ Round One ,2023,5,42.6,50.1,-7.5,-0.22
2, Seattle Sounders FC,34,14,,9,41,32,+9,53,1.56,"37,893",Jordan Morris - 11,Stefan Frei,→ Round One ,2023,11,48.1,32.2,+15.9,+0.47
3, LAFC,34,14,,10,54,39,+15,52,1.53,"24,757",Denis Bouanga - 20,John McCarthy,→ Round One ,2023,10,55.6,38.0,+17.6,+0.52
4, Houston Dynamo,34,14,,11,51,38,+13,51,1.50,"18,217",Amine Bassi - 10,Steve Clark,→ Round One ,2023,9,44.9,41.0,+3.9,+0.11
5, Real Salt Lake,34,14,,12,48,50,-2,50,1.47,"20,620",Jefferson Savarino - 7,Zac MacMath,→ Round One ,2023,8,43.3,48.7,-5.4,-0.16
6, Vancouver W'caps,34,12,,10,55,48,+7,48,1.41,"18,521",Brian White - 15,Yohei Takaoka,→ Round One ,2023,12,54.6,43.1,+11.5,+0.34
7, FC Dallas,34,11,,10,41,37,+4,46,1.35,"19,362",Jesús Ferreira - 12,Maarten Paes,→ Round One ,2023,13,37.8,36.6,+1.2,+0.04
8, Sporting KC,34,12,,14,48,51,-3,44,1.29,"20,915",Alan Pulido - 14,Tim Melia,→ Wild Card Round ,2023,8,41.1,45.1,-4.1,-0.12
9, SJ Earthquakes,34,10,,10,39,43,-4,44,1.29,"18,412",Cristian Espinoza - 13,Daniel,→ Wild Card Round ,2023,14,44.3,51.4,-7.2,-0.21
10, Portland Timbers,34,11,,13,46,58,-12,43,1.26,"23,103",Evander - 9,David Bingham,,2023,10,41.2,44.1,-2.9,-0.09
11, Minnesota Utd,34,10,,13,46,51,-5,41,1.21,"19,568",Teemu Pukki - 10,Dayne St. Clair,,2023,11,53.4,47.6,+5.8,+0.17
12, Austin,34,10,,15,49,55,-6,39,1.15,"20,738",Sebastián Driussi - 11,Brad Stuver,,2023,9,42.5,49.9,-7.4,-0.22
13, LA Galaxy,34,8,,14,51,67,-16,36,1.06,"24,106","Tyler Boyd, Riqui Puig - 7",Jonathan Bond,,2023,12,51.2,54.5,-3.3,-0.10
14, Colorado Rapids,34,5,,17,26,54,-28,27,0.79,"15,409",Cole Bassett - 6,William Yarbrough,,2023,12,37.9,47.4,-9.5,-0.28
