Tm,W,L,T,W-L%,PF,PA,PD,MoV,SoS,SRS,OSRS,DSRS,year
Buffalo Bills*,11,5,0,.688,320,260,60,3.8,0.2,3.9,-1.6,5.5,1980
New England Patriots,10,6,0,.625,441,325,116,7.3,-0.8,6.5,6.8,-0.3,1980
Miami Dolphins,8,8,0,.500,266,305,-39,-2.4,0.9,-1.6,-4.6,3.1,1980
Baltimore Colts,7,9,0,.438,355,387,-32,-2.0,0.5,-1.5,2.8,-4.3,1980
New York Jets,4,12,0,.250,302,395,-93,-5.8,0.7,-5.1,-1.5,-3.6,1980
Cleveland Browns*,11,5,0,.688,357,310,47,2.9,-1.1,1.8,1.7,0.1,1980
Houston Oilers+,11,5,0,.688,295,251,44,2.8,-1.1,1.6,-2.7,4.4,1980
Pittsburgh Steelers,9,7,0,.563,352,313,39,2.4,-0.2,2.3,2.4,-0.1,1980
Cincinnati Bengals,6,10,0,.375,244,312,-68,-4.3,0.6,-3.7,-4.5,0.8,1980
San Diego Chargers*,11,5,0,.688,418,327,91,5.7,0.4,6.0,6.5,-0.4,1980
Oakland Raiders+,11,5,0,.688,364,306,58,3.6,0.6,4.2,2.9,1.3,1980
Kansas City Chiefs,8,8,0,.500,319,336,-17,-1.1,0.6,-0.5,-0.8,0.3,1980
Denver Broncos,8,8,0,.500,310,323,-13,-0.8,1.3,0.5,-1.1,1.6,1980
Seattle Seahawks,4,12,0,.250,291,408,-117,-7.3,2.0,-5.3,-1.6,-3.7,1980
Philadelphia Eagles*,12,4,0,.750,384,222,162,10.1,-0.4,9.7,2.9,6.8,1980
Dallas Cowboys+,12,4,0,.750,454,311,143,8.9,-1.0,8.0,7.8,0.1,1980
Washington Redskins,6,10,0,.375,261,293,-32,-2.0,0.9,-1.1,-4.4,3.3,1980
St. Louis Cardinals,5,11,0,.313,299,350,-51,-3.2,0.8,-2.4,-1.7,-0.7,1980
New York Giants,4,12,0,.250,249,425,-176,-11.0,1.3,-9.7,-4.3,-5.5,1980
Minnesota Vikings*,9,7,0,.563,317,308,9,0.6,-0.9,-0.3,0.0,-0.3,1980
Detroit Lions,9,7,0,.563,334,272,62,3.9,-2.2,1.7,-0.8,2.5,1980
Chicago Bears,7,9,0,.438,304,264,40,2.5,-1.1,1.4,-1.2,2.6,1980
Tampa Bay Buccaneers,5,10,1,.344,271,341,-70,-4.4,-0.7,-5.1,-3.5,-1.6,1980
Green Bay Packers,5,10,1,.344,231,371,-140,-8.8,-0.3,-9.0,-5.8,-3.2,1980
Atlanta Falcons*,12,4,0,.750,405,272,133,8.3,-0.5,7.8,4.5,3.4,1980
Los Angeles Rams+,11,5,0,.688,424,289,135,8.4,-1.9,6.5,4.4,2.1,1980
San Francisco 49ers,6,10,0,.375,320,415,-95,-5.9,-0.3,-6.3,-1.2,-5.1,1980
New Orleans Saints,1,15,0,.063,291,487,-196,-12.3,1.8,-10.4,-1.1,-9.4,1980
Miami Dolphins*,11,4,1,.719,345,275,70,4.4,-1.5,2.9,0.1,2.8,1981
New York Jets+,10,5,1,.656,355,287,68,4.3,-2.4,1.8,0.2,1.7,1981
Buffalo Bills+,10,6,0,.625,311,276,35,2.2,-0.9,1.3,-2.5,3.9,1981
Baltimore Colts,2,14,0,.125,259,533,-274,-17.1,1.3,-15.8,-3.8,-12.0,1981
New England Patriots,2,14,0,.125,322,370,-48,-3.0,-0.7,-3.7,-0.6,-3.1,1981
Cincinnati Bengals*,12,4,0,.750,421,304,117,7.3,-1.8,5.5,4.5,1.0,1981
Pittsburgh Steelers,8,8,0,.500,356,297,59,3.7,-1.0,2.7,1.2,1.5,1981
Houston Oilers,7,9,0,.438,281,355,-74,-4.6,-0.1,-4.7,-3.1,-1.6,1981
Cleveland Browns,5,11,0,.313,276,375,-99,-6.2,-0.3,-6.5,-4.1,-2.4,1981
San Diego Chargers*,10,6,0,.625,478,390,88,5.5,-1.1,4.4,9.2,-4.7,1981
Denver Broncos,10,6,0,.625,321,289,32,2.0,-0.7,1.3,-1.6,2.9,1981
Kansas City Chiefs,9,7,0,.563,343,290,53,3.3,-0.1,3.2,0.4,2.8,1981
Oakland Raiders,7,9,0,.438,273,343,-70,-4.4,0.7,-3.6,-3.6,0.0,1981
Seattle Seahawks,6,10,0,.375,322,388,-66,-4.1,0.8,-3.3,-0.1,-3.2,1981
Dallas Cowboys*,12,4,0,.750,367,277,90,5.6,0.5,6.1,2.9,3.2,1981
Philadelphia Eagles+,10,6,0,.625,368,221,147,9.2,-0.5,8.7,2.0,6.7,1981
New York Giants+,9,7,0,.563,295,257,38,2.4,1.0,3.4,-2.2,5.5,1981
Washington Redskins,8,8,0,.500,347,349,-2,-0.1,1.1,1.0,2.2,-1.2,1981
St. Louis Cardinals,7,9,0,.438,315,408,-93,-5.8,1.1,-4.7,0.1,-4.8,1981
Tampa Bay Buccaneers*,9,7,0,.563,315,268,47,2.9,0.1,3.0,-1.4,4.4,1981
Detroit Lions,8,8,0,.500,397,322,75,4.7,0.6,5.3,4.8,0.5,1981
Green Bay Packers,8,8,0,.500,324,361,-37,-2.3,0.6,-1.7,0.7,-2.3,1981
Minnesota Vikings,7,9,0,.438,325,369,-44,-2.8,0.7,-2.0,0.0,-2.1,1981
Chicago Bears,6,10,0,.375,253,324,-71,-4.4,1.6,-2.9,-4.4,1.5,1981
San Francisco 49ers*,13,3,0,.813,357,250,107,6.7,-0.5,6.2,1.3,5.0,1981
Atlanta Falcons,7,9,0,.438,426,355,71,4.4,-0.5,4.0,6.5,-2.6,1981
Los Angeles Rams,6,10,0,.375,303,351,-48,-3.0,0.6,-2.4,-1.4,-1.0,1981
New Orleans Saints,4,12,0,.250,207,378,-171,-10.7,1.2,-9.5,-7.2,-2.3,1981
Miami Dolphins*,7,2,0,.778,198,131,67,7.4,0.8,8.2,2.6,5.6,1982
New York Jets+,6,3,0,.667,245,166,79,8.8,1.7,10.5,8.8,1.7,1982
New England Patriots+,5,4,0,.556,143,157,-14,-1.6,-0.8,-2.4,-3.7,1.3,1982
Buffalo Bills,4,5,0,.444,150,154,-4,-0.4,1.9,1.5,-1.9,3.4,1982
Baltimore Colts,0,8,1,.056,113,236,-123,-13.7,4.8,-8.8,-6.1,-2.7,1982
Cincinnati Bengals*,7,2,0,.778,232,177,55,6.1,-2.5,3.6,3.5,0.2,1982
Pittsburgh Steelers+,6,3,0,.667,204,146,58,6.4,-1.3,5.2,3.4,1.8,1982
Cleveland Browns+,4,5,0,.444,140,182,-42,-4.7,1.2,-3.5,-5.0,1.5,1982
Houston Oilers,1,8,0,.111,136,245,-109,-12.1,1.1,-11.0,-3.9,-7.1,1982
Los Angeles Raiders*,8,1,0,.889,260,200,60,6.7,-1.5,5.2,6.1,-0.9,1982
San Diego Chargers+,6,3,0,.667,288,221,67,7.4,-2.1,5.3,10.6,-5.3,1982
Seattle Seahawks,4,5,0,.444,127,147,-20,-2.2,-3.2,-5.4,-7.5,2.0,1982
Kansas City Chiefs,3,6,0,.333,176,184,-8,-0.9,0.7,-0.2,-1.9,1.6,1982
Denver Broncos,2,7,0,.222,148,226,-78,-8.7,-1.1,-9.7,-6.0,-3.8,1982
Washington Redskins*,8,1,0,.889,190,128,62,6.9,0.5,7.4,2.2,5.2,1982
Dallas Cowboys+,6,3,0,.667,226,145,81,9.0,-0.8,8.2,5.2,3.0,1982
St. Louis Cardinals+,5,4,0,.556,135,170,-35,-3.9,1.2,-2.7,-4.1,1.4,1982
New York Giants,4,5,0,.444,164,160,4,0.4,0.5,1.0,-1.9,2.9,1982
Philadelphia Eagles,3,6,0,.333,191,195,-4,-0.4,1.1,0.7,2.7,-2.0,1982
Green Bay Packers*,5,3,1,.611,226,169,57,6.3,-0.2,6.2,4.6,1.5,1982
Minnesota Vikings+,5,4,0,.556,187,198,-11,-1.2,2.4,1.2,2.1,-1.0,1982
Tampa Bay Buccaneers+,5,4,0,.556,158,178,-20,-2.2,3.1,0.9,-0.4,1.3,1982
Detroit Lions+,4,5,0,.444,181,176,5,0.6,0.8,1.3,-0.4,1.7,1982
Chicago Bears,3,6,0,.333,141,174,-33,-3.7,-1.7,-5.4,-4.2,-1.2,1982
Atlanta Falcons*,5,4,0,.556,183,199,-16,-1.8,-2.0,-3.8,-0.5,-3.3,1982
New Orleans Saints,4,5,0,.444,129,160,-31,-3.4,-0.3,-3.8,-5.7,1.9,1982
San Francisco 49ers,3,6,0,.333,209,206,3,0.3,-2.8,-2.4,0.3,-2.8,1982
Los Angeles Rams,2,7,0,.222,200,250,-50,-5.6,-1.4,-6.9,0.9,-7.9,1982
Miami Dolphins*,12,4,0,.750,389,250,139,8.7,-1.0,7.7,2.6,5.2,1983
New England Patriots,8,8,0,.500,274,289,-15,-0.9,-0.1,-1.0,-4.7,3.7,1983
Buffalo Bills,8,8,0,.500,283,351,-68,-4.3,0.5,-3.8,-3.4,-0.4,1983
Baltimore Colts,7,9,0,.438,264,354,-90,-5.6,-1.2,-6.9,-4.1,-2.7,1983
New York Jets,7,9,0,.438,313,331,-18,-1.1,-0.1,-1.2,-1.9,0.7,1983
Pittsburgh Steelers*,10,6,0,.625,355,303,52,3.3,-3.3,-0.1,-1.2,1.1,1983
Cleveland Browns,9,7,0,.563,356,342,14,0.9,-3.1,-2.2,-0.9,-1.3,1983
Cincinnati Bengals,7,9,0,.438,346,302,44,2.8,-2.3,0.5,-1.2,1.7,1983
Houston Oilers,2,14,0,.125,288,460,-172,-10.8,-0.8,-11.5,-3.7,-7.9,1983
Los Angeles Raiders*,12,4,0,.750,442,338,104,6.5,0.3,6.8,5.1,1.7,1983
Seattle Seahawks+,9,7,0,.563,403,397,6,0.4,1.1,1.5,3.4,-2.0,1983
Denver Broncos+,9,7,0,.563,302,327,-25,-1.6,-1.2,-2.8,-4.1,1.3,1983
San Diego Chargers,6,10,0,.375,358,462,-104,-6.5,1.9,-4.6,1.1,-5.7,1983
Kansas City Chiefs,6,10,0,.375,386,367,19,1.2,0.9,2.0,1.7,0.3,1983
Washington Redskins*,14,2,0,.875,541,332,209,13.1,0.9,13.9,11.7,2.2,1983
Dallas Cowboys+,12,4,0,.750,479,360,119,7.4,1.1,8.5,8.6,-0.1,1983
St. Louis Cardinals,8,7,1,.531,374,428,-54,-3.4,2.3,-1.1,2.5,-3.6,1983
Philadelphia Eagles,5,11,0,.313,233,322,-89,-5.6,2.4,-3.1,-6.7,3.6,1983
New York Giants,3,12,1,.219,267,347,-80,-5.0,2.9,-2.1,-5.5,3.4,1983
Detroit Lions*,9,7,0,.563,347,286,61,3.8,-1.7,2.1,-1.2,3.3,1983
Green Bay Packers,8,8,0,.500,429,439,-10,-0.6,-1.2,-1.9,5.2,-7.1,1983
Chicago Bears,8,8,0,.500,311,301,10,0.6,-1.7,-1.1,-2.5,1.5,1983
Minnesota Vikings,8,8,0,.500,316,348,-32,-2.0,-1.1,-3.1,-2.9,-0.1,1983
Tampa Bay Buccaneers,2,14,0,.125,241,380,-139,-8.7,-0.3,-9.0,-7.5,-1.6,1983
San Francisco 49ers*,10,6,0,.625,432,293,139,8.7,0.0,8.7,5.7,3.0,1983
Los Angeles Rams+,9,7,0,.563,361,344,17,1.1,1.8,2.9,2.0,0.9,1983
New Orleans Saints,8,8,0,.500,319,337,-18,-1.1,1.1,0.0,-1.1,1.1,1983
Atlanta Falcons,7,9,0,.438,370,389,-19,-1.2,2.0,0.9,2.9,-2.1,1983
Miami Dolphins*,14,2,0,.875,513,298,215,13.4,-2.9,10.6,9.1,1.5,1984
New England Patriots,9,7,0,.563,362,352,10,0.6,-0.8,-0.1,1.0,-1.1,1984
New York Jets,7,9,0,.438,332,364,-32,-2.0,-2.5,-4.5,-1.8,-2.7,1984
Indianapolis Colts,4,12,0,.250,239,414,-175,-10.9,-0.2,-11.1,-7.4,-3.7,1984
Buffalo Bills,2,14,0,.125,250,454,-204,-12.8,0.7,-12.0,-5.3,-6.7,1984
Pittsburgh Steelers*,9,7,0,.563,387,310,77,4.8,-1.6,3.3,2.4,0.9,1984
Cincinnati Bengals,8,8,0,.500,339,339,0,0.0,-1.2,-1.2,-0.1,-1.0,1984
Cleveland Browns,5,11,0,.313,250,297,-47,-2.9,-0.8,-3.8,-6.1,2.3,1984
Houston Oilers,3,13,0,.188,240,437,-197,-12.3,0.3,-12.0,-5.9,-6.0,1984
Denver Broncos*,13,3,0,.813,353,241,112,7.0,0.7,7.7,1.0,6.7,1984
Seattle Seahawks+,12,4,0,.750,418,282,136,8.5,0.5,9.0,5.4,3.5,1984
Los Angeles Raiders+,11,5,0,.688,368,278,90,5.6,1.2,6.9,2.1,4.8,1984
Kansas City Chiefs,8,8,0,.500,314,324,-10,-0.6,1.5,0.8,-0.8,1.6,1984
San Diego Chargers,7,9,0,.438,394,413,-19,-1.2,2.0,0.8,4.8,-4.0,1984
Washington Redskins*,11,5,0,.688,426,310,116,7.3,-0.9,6.4,5.0,1.3,1984
New York Giants+,9,7,0,.563,299,301,-2,-0.1,1.0,0.8,-2.2,3.1,1984
St. Louis Cardinals,9,7,0,.563,423,345,78,4.9,0.5,5.4,6.2,-0.9,1984
Dallas Cowboys,9,7,0,.563,308,308,0,0.0,1.0,1.0,-1.4,2.4,1984
Philadelphia Eagles,6,9,1,.406,278,320,-42,-2.6,0.2,-2.4,-4.3,1.9,1984
Chicago Bears*,10,6,0,.625,325,248,77,4.8,-0.1,4.7,-1.7,6.4,1984
Green Bay Packers,8,8,0,.500,390,309,81,5.1,-0.1,5.0,2.9,2.1,1984
Tampa Bay Buccaneers,6,10,0,.375,335,380,-45,-2.8,-0.7,-3.5,-0.2,-3.4,1984
Detroit Lions,4,11,1,.281,283,408,-125,-7.8,1.6,-6.3,-2.9,-3.4,1984
Minnesota Vikings,3,13,0,.188,276,484,-208,-13.0,2.1,-10.9,-2.7,-8.2,1984
San Francisco 49ers*,15,1,0,.938,475,227,248,15.5,-2.8,12.7,7.4,5.4,1984
Los Angeles Rams+,10,6,0,.625,346,316,30,1.9,0.4,2.3,1.0,1.3,1984
New Orleans Saints,7,9,0,.438,298,361,-63,-3.9,1.0,-2.9,-1.7,-1.2,1984
Atlanta Falcons,4,12,0,.250,281,382,-101,-6.3,-0.3,-6.6,-3.7,-2.9,1984
Miami Dolphins*,12,4,,.750,428,320,108,6.8,0.3,7.0,6.1,0.9,1985
New York Jets+,11,5,,.688,393,264,129,8.1,0.9,9.0,3.8,5.2,1985
New England Patriots+,11,5,,.688,362,290,72,4.5,1.3,5.8,2.0,3.8,1985
Indianapolis Colts,5,11,,.313,320,386,-66,-4.1,1.5,-2.7,-0.3,-2.4,1985
Buffalo Bills,2,14,,.125,200,381,-181,-11.3,1.5,-9.8,-9.5,-0.2,1985
Cleveland Browns*,8,8,,.500,287,294,-7,-0.4,-0.8,-1.3,-4.7,3.4,1985
Cincinnati Bengals,7,9,,.438,441,437,4,0.3,-0.9,-0.7,6.2,-6.9,1985
Pittsburgh Steelers,7,9,,.438,379,355,24,1.5,-2.0,-0.5,0.6,-1.1,1985
Houston Oilers,5,11,,.313,284,412,-128,-8.0,-0.9,-8.9,-4.9,-4.0,1985
Los Angeles Raiders*,12,4,,.750,354,308,46,2.9,1.5,4.3,0.7,3.7,1985
Denver Broncos,11,5,,.688,380,329,51,3.2,0.4,3.6,1.8,1.9,1985
Seattle Seahawks,8,8,,.500,349,303,46,2.9,1.5,4.3,0.3,4.1,1985
San Diego Chargers,8,8,,.500,467,435,32,2.0,-0.9,1.1,8.3,-7.2,1985
Kansas City Chiefs,6,10,,.375,317,360,-43,-2.7,1.1,-1.6,-2.0,0.4,1985
Dallas Cowboys*,10,6,,.625,357,333,24,1.5,-1.3,0.2,0.6,-0.3,1985
New York Giants+,10,6,,.625,399,283,116,7.3,-3.3,3.9,2.1,1.8,1985
Washington Redskins,10,6,,.625,297,312,-15,-0.9,-1.0,-1.9,-3.4,1.5,1985
Philadelphia Eagles,7,9,,.438,286,310,-24,-1.5,-1.9,-3.4,-4.8,1.3,1985
St. Louis Cardinals,5,11,,.313,278,414,-136,-8.5,-1.6,-10.1,-4.5,-5.6,1985
Chicago Bears*,15,1,,.938,456,198,258,16.1,-0.2,15.9,6.5,9.4,1985
Green Bay Packers,8,8,,.500,337,355,-18,-1.1,1.3,0.1,0.1,0.1,1985
Minnesota Vikings,7,9,,.438,346,359,-13,-0.8,-0.4,-1.2,0.1,-1.3,1985
Detroit Lions,7,9,,.438,307,366,-59,-3.7,2.0,-1.7,-1.6,0.0,1985
Tampa Bay Buccaneers,2,14,,.125,294,448,-154,-9.6,2.2,-7.4,-1.9,-5.5,1985
Los Angeles Rams*,11,5,,.688,340,277,63,3.9,-1.3,2.6,-1.0,3.6,1985
San Francisco 49ers+,10,6,,.625,411,263,148,9.3,-0.5,8.8,4.6,4.2,1985
New Orleans Saints,5,11,,.313,294,401,-107,-6.7,-0.1,-6.8,-3.0,-3.9,1985
Atlanta Falcons,4,12,,.250,282,452,-170,-10.6,1.7,-8.9,-2.1,-6.8,1985
New England Patriots*,11,5,0,.688,412,307,105,6.6,-0.9,5.7,4.4,1.3,1986
New York Jets+,10,6,0,.625,364,386,-22,-1.4,0.0,-1.4,2.0,-3.3,1986
Miami Dolphins,8,8,0,.500,430,405,25,1.6,-1.1,0.5,6.2,-5.7,1986
Buffalo Bills,4,12,0,.250,287,348,-61,-3.8,-2.0,-5.8,-5.0,-0.8,1986
Indianapolis Colts,3,13,0,.188,229,400,-171,-10.7,0.3,-10.4,-6.6,-3.8,1986
Cleveland Browns*,12,4,0,.750,391,310,81,5.1,-1.4,3.6,2.9,0.7,1986
Cincinnati Bengals,10,6,0,.625,409,394,15,0.9,0.5,1.5,5.7,-4.2,1986
Pittsburgh Steelers,6,10,0,.375,307,336,-29,-1.8,0.9,-1.0,-1.3,0.3,1986
Houston Oilers,5,11,0,.313,274,329,-55,-3.4,-0.5,-3.9,-4.4,0.4,1986
Denver Broncos*,11,5,0,.688,378,327,51,3.2,2.0,5.2,3.4,1.8,1986
Kansas City Chiefs+,10,6,0,.625,358,326,32,2.0,-1.0,1.0,1.2,-0.1,1986
Seattle Seahawks,10,6,0,.625,366,293,73,4.6,1.8,6.4,2.4,4.0,1986
Los Angeles Raiders,8,8,0,.500,323,346,-23,-1.4,1.6,0.2,0.0,0.2,1986
San Diego Chargers,4,12,0,.250,335,396,-61,-3.8,1.9,-1.9,1.2,-3.1,1986
New York Giants*,14,2,0,.875,371,236,135,8.4,0.6,9.0,3.2,5.8,1986
Washington Redskins+,12,4,0,.750,368,296,72,4.5,1.0,5.5,3.5,2.1,1986
Dallas Cowboys,7,9,0,.438,346,337,9,0.6,1.5,2.1,3.0,-0.9,1986
Philadelphia Eagles,5,10,1,.344,256,312,-56,-3.5,2.0,-1.5,-2.9,1.4,1986
St. Louis Cardinals,4,11,1,.281,218,351,-133,-8.3,0.2,-8.1,-6.5,-1.6,1986
Chicago Bears*,14,2,0,.875,352,187,165,10.3,-2.7,7.6,-0.1,7.7,1986
Minnesota Vikings,9,7,0,.563,398,273,125,7.8,-1.3,6.5,4.0,2.5,1986
Detroit Lions,5,11,0,.313,277,326,-49,-3.1,-1.2,-4.3,-3.8,-0.5,1986
Green Bay Packers,4,12,0,.250,254,418,-164,-10.3,0.7,-9.6,-4.0,-5.6,1986
Tampa Bay Buccaneers,2,14,0,.125,239,473,-234,-14.6,-0.8,-15.4,-4.6,-10.8,1986
San Francisco 49ers*,10,5,1,.656,374,247,127,7.9,-0.9,7.0,2.6,4.4,1986
Los Angeles Rams+,10,6,0,.625,309,267,42,2.6,-0.8,1.9,-1.1,2.9,1986
Atlanta Falcons,7,8,1,.469,280,280,0,0.0,-0.5,-0.5,-2.8,2.3,1986
New Orleans Saints,7,9,0,.438,288,287,1,0.1,0.0,0.0,-2.5,2.5,1986
Indianapolis Colts*,9,6,0,.600,300,238,62,4.1,0.1,4.3,-1.3,5.5,1987
New England Patriots,8,7,0,.533,320,293,27,1.8,1.3,3.1,0.5,2.6,1987
Miami Dolphins,8,7,0,.533,362,335,27,1.8,0.3,2.1,3.2,-1.1,1987
Buffalo Bills,7,8,0,.467,270,305,-35,-2.3,2.1,-0.2,-2.6,2.4,1987
New York Jets,6,9,0,.400,334,360,-26,-1.7,0.4,-1.3,1.3,-2.7,1987
Cleveland Browns*,10,5,0,.667,390,239,151,10.1,0.7,10.8,5.3,5.5,1987
Houston Oilers+,9,6,0,.600,345,349,-4,-0.3,2.2,1.9,3.2,-1.2,1987
Pittsburgh Steelers,8,7,0,.533,285,299,-14,-0.9,1.6,0.7,-2.2,2.9,1987
Cincinnati Bengals,4,11,0,.267,285,370,-85,-5.7,2.0,-3.7,-1.8,-1.9,1987
Denver Broncos*,10,4,1,.700,379,288,91,6.1,-1.9,4.1,3.2,0.9,1987
Seattle Seahawks+,9,6,0,.600,371,314,57,3.8,-1.9,1.9,2.4,-0.4,1987
San Diego Chargers,8,7,0,.533,253,317,-64,-4.3,0.5,-3.7,-4.3,0.5,1987
Los Angeles Raiders,5,10,0,.333,301,289,12,0.8,-0.8,0.0,-1.6,1.7,1987
Kansas City Chiefs,4,11,0,.267,273,388,-115,-7.7,-0.3,-8.0,-3.2,-4.8,1987
Washington Redskins*,11,4,0,.733,379,285,94,6.3,-2.5,3.8,1.8,2.0,1987
Dallas Cowboys,7,8,0,.467,340,348,-8,-0.5,-1.5,-2.0,-0.2,-1.8,1987
St. Louis Cardinals,7,8,0,.467,362,368,-6,-0.4,-0.5,-0.9,2.2,-3.1,1987
Philadelphia Eagles,7,8,0,.467,337,380,-43,-2.9,0.8,-2.0,1.3,-3.3,1987
New York Giants,6,9,0,.400,280,312,-32,-2.1,1.4,-0.7,-2.9,2.2,1987
Chicago Bears*,11,4,0,.733,356,282,74,4.9,-1.1,3.8,1.5,2.3,1987
Minnesota Vikings+,8,7,0,.533,336,335,1,0.1,-2.7,-2.6,-0.1,-2.5,1987
Green Bay Packers,5,9,1,.367,255,300,-45,-3.0,-0.4,-3.4,-5.3,1.9,1987
Tampa Bay Buccaneers,4,11,0,.267,286,360,-74,-4.9,-0.8,-5.8,-3.1,-2.7,1987
Detroit Lions,4,11,0,.267,269,384,-115,-7.7,-2.2,-9.9,-4.5,-5.4,1987
San Francisco 49ers*,13,2,0,.867,459,253,206,13.7,-0.4,13.3,8.9,4.4,1987
New Orleans Saints+,12,3,0,.800,422,283,139,9.3,0.8,10.1,6.8,3.3,1987
Los Angeles Rams,6,9,0,.400,317,361,-44,-2.9,1.1,-1.8,-0.6,-1.2,1987
Atlanta Falcons,3,12,0,.200,205,436,-231,-15.4,1.6,-13.8,-7.9,-5.9,1987
Buffalo Bills*,12,4,0,.750,329,237,92,5.8,0.6,6.4,0.0,6.4,1988
Indianapolis Colts,9,7,0,.563,354,315,39,2.4,0.8,3.2,2.9,0.3,1988
New England Patriots,9,7,0,.563,250,284,-34,-2.1,2.0,-0.2,-4.5,4.4,1988
New York Jets,8,7,1,.531,372,354,18,1.1,0.3,1.4,3.7,-2.4,1988
Miami Dolphins,6,10,0,.375,319,380,-61,-3.8,1.0,-2.8,1.0,-3.9,1988
Cincinnati Bengals*,12,4,0,.750,448,329,119,7.4,-1.3,6.1,7.1,-1.0,1988
Cleveland Browns+,10,6,0,.625,304,288,16,1.0,-0.5,0.5,-3.5,4.0,1988
Houston Oilers+,10,6,0,.625,424,365,59,3.7,-0.7,3.0,5.3,-2.3,1988
Pittsburgh Steelers,5,11,0,.313,336,421,-85,-5.3,0.0,-5.3,0.1,-5.5,1988
Seattle Seahawks*,9,7,0,.563,339,329,10,0.6,-1.4,-0.7,1.2,-2.0,1988
Denver Broncos,8,8,0,.500,327,352,-25,-1.6,-1.8,-3.3,0.1,-3.4,1988
Los Angeles Raiders,7,9,0,.438,325,369,-44,-2.8,-0.8,-3.6,-0.3,-3.3,1988
San Diego Chargers,6,10,0,.375,231,332,-101,-6.3,-1.1,-7.4,-7.1,-0.2,1988
Kansas City Chiefs,4,11,1,.281,254,320,-66,-4.1,-1.6,-5.7,-6.0,0.3,1988
Philadelphia Eagles*,10,6,0,.625,379,319,60,3.8,-0.3,3.4,2.3,1.1,1988
New York Giants,10,6,0,.625,359,304,55,3.4,-1.3,2.2,1.5,0.7,1988
Washington Redskins,7,9,0,.438,345,387,-42,-2.6,0.4,-2.2,1.2,-3.4,1988
Phoenix Cardinals,7,9,0,.438,344,398,-54,-3.4,0.2,-3.2,0.5,-3.7,1988
Dallas Cowboys,3,13,0,.188,265,381,-116,-7.3,1.2,-6.1,-3.8,-2.3,1988
Chicago Bears*,12,4,0,.750,312,215,97,6.1,0.5,6.6,0.0,6.6,1988
Minnesota Vikings+,11,5,0,.688,406,233,173,10.8,0.0,10.9,6.5,4.3,1988
Tampa Bay Buccaneers,5,11,0,.313,261,350,-89,-5.6,1.5,-4.1,-1.9,-2.2,1988
Detroit Lions,4,12,0,.250,220,313,-93,-5.8,1.8,-4.0,-5.0,1.0,1988
Green Bay Packers,4,12,0,.250,240,315,-75,-4.7,1.4,-3.3,-3.9,0.6,1988
San Francisco 49ers*,10,6,0,.625,369,294,75,4.7,0.1,4.8,3.1,1.7,1988
Los Angeles Rams+,10,6,0,.625,407,293,114,7.1,-0.6,6.5,5.6,0.9,1988
New Orleans Saints,10,6,0,.625,312,283,29,1.8,-0.3,1.5,-1.0,2.6,1988
Atlanta Falcons,5,11,0,.313,244,315,-71,-4.4,-0.1,-4.5,-5.0,0.5,1988
Buffalo Bills*,9,7,0,.563,409,317,92,5.8,-1.4,4.3,3.8,0.5,1989
Indianapolis Colts,8,8,0,.500,298,301,-3,-0.2,-0.3,-0.5,-2.7,2.2,1989
Miami Dolphins,8,8,0,.500,331,379,-48,-3.0,-1.8,-4.8,-0.6,-4.2,1989
New England Patriots,5,11,0,.313,297,391,-94,-5.9,-1.2,-7.0,-3.0,-4.0,1989
New York Jets,4,12,0,.250,253,411,-158,-9.9,-0.2,-10.1,-4.9,-5.2,1989
Cleveland Browns*,9,6,1,.594,334,254,80,5.0,-0.6,4.4,-0.2,4.6,1989
Houston Oilers+,9,7,0,.563,365,412,-47,-2.9,0.4,-2.5,2.8,-5.3,1989
Pittsburgh Steelers+,9,7,0,.563,265,326,-61,-3.8,0.1,-3.7,-4.3,0.6,1989
Cincinnati Bengals,8,8,0,.500,404,285,119,7.4,-0.5,6.9,4.6,2.4,1989
Denver Broncos*,11,5,0,.688,362,226,136,8.5,0.8,9.3,3.7,5.7,1989
Kansas City Chiefs,8,7,1,.531,318,286,32,2.0,0.0,2.0,-0.1,2.1,1989
Los Angeles Raiders,8,8,0,.500,315,297,18,1.1,0.7,1.8,0.0,1.9,1989
Seattle Seahawks,7,9,0,.438,241,327,-86,-5.4,2.6,-2.8,-3.6,0.8,1989
San Diego Chargers,6,10,0,.375,266,290,-24,-1.5,0.8,-0.7,-2.9,2.1,1989
New York Giants*,12,4,0,.750,348,252,96,6.0,0.4,6.4,1.9,4.6,1989
Philadelphia Eagles+,11,5,0,.688,342,274,68,4.3,0.8,5.1,1.9,3.2,1989
Washington Redskins,10,6,0,.625,386,308,78,4.9,-0.9,4.0,3.8,0.2,1989
Phoenix Cardinals,5,11,0,.313,258,377,-119,-7.4,0.3,-7.1,-4.0,-3.1,1989
Dallas Cowboys,1,15,0,.063,204,393,-189,-11.8,1.4,-10.4,-7.6,-2.8,1989
Minnesota Vikings*,10,6,0,.625,351,275,76,4.8,-0.4,4.3,0.2,4.1,1989
Green Bay Packers,10,6,0,.625,362,356,6,0.4,-1.3,-1.0,1.0,-2.0,1989
Detroit Lions,7,9,0,.438,312,364,-52,-3.3,-0.2,-3.5,-1.7,-1.8,1989
Chicago Bears,6,10,0,.375,358,377,-19,-1.2,1.2,0.0,1.8,-1.8,1989
Tampa Bay Buccaneers,5,11,0,.313,320,419,-99,-6.2,1.1,-5.1,-0.4,-4.7,1989
San Francisco 49ers*,14,2,0,.875,442,253,189,11.8,-1.1,10.7,5.8,4.9,1989
Los Angeles Rams+,11,5,0,.688,426,344,82,5.1,-0.5,4.6,5.7,-1.1,1989
New Orleans Saints,9,7,0,.563,386,301,85,5.3,-0.7,4.6,2.3,2.2,1989
Atlanta Falcons,3,13,0,.188,279,437,-158,-9.9,0.8,-9.1,-3.2,-5.9,1989
Buffalo Bills*,13,3,,.813,428,263,165,10.3,-1.7,8.6,5.7,2.9,1990
Miami Dolphins+,12,4,,.750,336,242,94,5.9,-1.2,4.7,0.5,4.2,1990
Indianapolis Colts,7,9,,.438,281,353,-72,-4.5,0.6,-3.9,-2.7,-1.2,1990
New York Jets,6,10,,.375,295,345,-50,-3.1,-1.5,-4.6,-2.0,-2.6,1990
New England Patriots,1,15,,.063,181,446,-265,-16.6,2.0,-14.6,-7.5,-7.1,1990
Cincinnati Bengals*,9,7,,.563,360,352,8,0.5,-1.6,-1.1,1.9,-3.0,1990
Houston Oilers+,9,7,,.563,405,307,98,6.1,-0.9,5.2,4.9,0.3,1990
Pittsburgh Steelers,9,7,,.563,292,240,52,3.3,-1.6,1.6,-3.4,5.0,1990
Cleveland Browns,3,13,,.188,228,462,-234,-14.6,1.7,-13.0,-5.2,-7.8,1990
Los Angeles Raiders*,12,4,,.750,337,268,69,4.3,2.2,6.6,2.2,4.4,1990
Kansas City Chiefs+,11,5,,.688,369,257,112,7.0,-0.3,6.7,2.7,4.1,1990
Seattle Seahawks,9,7,,.563,306,286,20,1.3,1.5,2.7,-0.5,3.3,1990
San Diego Chargers,6,10,,.375,315,281,34,2.1,0.2,2.3,-0.1,2.5,1990
Denver Broncos,5,11,,.313,331,374,-43,-2.7,1.9,-0.8,2.1,-2.9,1990
New York Giants*,13,3,,.813,335,211,124,7.8,-0.1,7.7,0.0,7.6,1990
Philadelphia Eagles+,10,6,,.625,396,299,97,6.1,-0.5,5.6,4.5,1.1,1990
Washington Redskins+,10,6,,.625,381,301,80,5.0,0.4,5.4,4.6,0.8,1990
Dallas Cowboys,7,9,,.438,244,308,-64,-4.0,0.3,-3.7,-4.8,1.1,1990
Phoenix Cardinals,5,11,,.313,268,396,-128,-8.0,1.3,-6.7,-1.9,-4.8,1990
Chicago Bears*,11,5,,.688,348,280,68,4.3,-0.8,3.4,0.1,3.3,1990
Tampa Bay Buccaneers,6,10,,.375,264,367,-103,-6.4,-0.7,-7.1,-4.0,-3.2,1990
Detroit Lions,6,10,,.375,373,413,-40,-2.5,0.9,-1.6,4.2,-5.9,1990
Green Bay Packers,6,10,,.375,271,347,-76,-4.8,0.6,-4.1,-3.7,-0.4,1990
Minnesota Vikings,6,10,,.375,351,326,25,1.6,0.9,2.4,2.6,-0.2,1990
San Francisco 49ers*,14,2,,.875,353,239,114,7.1,-1.4,5.8,1.2,4.6,1990
New Orleans Saints+,8,8,,.500,274,275,-1,-0.1,-1.2,-1.3,-4.7,3.4,1990
Los Angeles Rams,5,11,,.313,345,412,-67,-4.2,-0.1,-4.2,2.3,-6.5,1990
Atlanta Falcons,5,11,,.313,348,365,-17,-1.1,-1.1,-2.1,0.9,-3.1,1990
Buffalo Bills*,13,3,,.813,458,318,140,8.8,-5.2,3.6,7.6,-4.1,1991
New York Jets+,8,8,,.500,314,293,21,1.3,-3.8,-2.4,-1.2,-1.2,1991
Miami Dolphins,8,8,,.500,343,349,-6,-0.4,-3.7,-4.1,0.7,-4.8,1991
New England Patriots,6,10,,.375,211,305,-94,-5.9,-2.8,-8.7,-7.9,-0.8,1991
Indianapolis Colts,1,15,,.063,143,381,-238,-14.9,-2.4,-17.3,-11.5,-5.7,1991
Houston Oilers*,11,5,,.688,386,251,135,8.4,-0.1,8.4,4.9,3.4,1991
Pittsburgh Steelers,7,9,,.438,292,344,-52,-3.3,0.3,-2.9,-0.8,-2.2,1991
Cleveland Browns,6,10,,.375,293,298,-5,-0.3,0.0,-0.4,-0.7,0.4,1991
Cincinnati Bengals,3,13,,.188,263,435,-172,-10.8,2.1,-8.7,-1.8,-6.9,1991
Denver Broncos*,12,4,,.750,304,235,69,4.3,-0.9,3.4,0.3,3.1,1991
Kansas City Chiefs+,10,6,,.625,322,252,70,4.4,2.0,6.4,1.8,4.5,1991
Los Angeles Raiders+,9,7,,.563,298,297,1,0.1,1.3,1.4,0.3,1.1,1991
Seattle Seahawks,7,9,,.438,276,261,15,0.9,0.2,1.2,-1.5,2.7,1991
San Diego Chargers,4,12,,.250,274,342,-68,-4.3,2.0,-2.2,-0.6,-1.7,1991
Washington Redskins*,14,2,,.875,485,224,261,16.3,0.3,16.6,11.7,4.9,1991
Dallas Cowboys+,11,5,,.688,342,310,32,2.0,2.4,4.4,3.7,0.8,1991
Philadelphia Eagles,10,6,,.625,285,244,41,2.6,2.1,4.7,-0.3,5.0,1991
New York Giants,8,8,,.500,281,297,-16,-1.0,2.0,1.0,-0.6,1.5,1991
Phoenix Cardinals,4,12,,.250,196,344,-148,-9.3,3.8,-5.4,-4.9,-0.5,1991
Detroit Lions*,12,4,,.750,339,295,44,2.8,-1.8,1.0,0.9,0.0,1991
Chicago Bears+,11,5,,.688,299,269,30,1.9,-1.0,0.8,-1.2,2.0,1991
Minnesota Vikings,8,8,,.500,301,306,-5,-0.3,-1.7,-2.0,-0.2,-1.8,1991
Green Bay Packers,4,12,,.250,273,313,-40,-2.5,-2.3,-4.8,-3.3,-1.4,1991
Tampa Bay Buccaneers,3,13,,.188,199,365,-166,-10.4,-0.8,-11.1,-7.0,-4.2,1991
New Orleans Saints*,11,5,,.688,341,211,130,8.1,0.9,9.0,2.8,6.3,1991
Atlanta Falcons+,10,6,,.625,361,338,23,1.4,2.0,3.4,4.7,-1.3,1991
San Francisco 49ers,10,6,,.625,393,239,154,9.6,1.2,10.9,6.6,4.3,1991
Los Angeles Rams,3,13,,.188,234,390,-156,-9.8,3.7,-6.0,-2.6,-3.4,1991
Miami Dolphins*,11,5,,.688,340,281,59,3.7,-2.2,1.5,2.1,-0.6,1992
Buffalo Bills+,11,5,,.688,381,283,98,6.1,-1.9,4.3,4.7,-0.4,1992
Indianapolis Colts,9,7,,.563,216,302,-86,-5.4,-1.6,-7.0,-6.0,-1.0,1992
New York Jets,4,12,,.250,220,315,-95,-5.9,-0.9,-6.9,-6.0,-0.9,1992
New England Patriots,2,14,,.125,205,363,-158,-9.9,-1.1,-11.0,-6.5,-4.5,1992
Pittsburgh Steelers*,11,5,,.688,299,225,74,4.6,-1.0,3.6,-0.4,4.0,1992
Houston Oilers+,10,6,,.625,352,258,94,5.9,-0.3,5.5,3.0,2.6,1992
Cleveland Browns,7,9,,.438,272,275,-3,-0.2,-0.8,-1.0,-2.0,1.0,1992
Cincinnati Bengals,5,11,,.313,274,364,-90,-5.6,-1.0,-6.6,-0.9,-5.7,1992
San Diego Chargers*,11,5,,.688,335,241,94,5.9,-2.8,3.1,1.9,1.3,1992
Kansas City Chiefs+,10,6,,.625,348,282,66,4.1,-0.7,3.4,3.7,-0.2,1992
Denver Broncos,8,8,,.500,262,329,-67,-4.2,0.8,-3.4,-1.4,-1.9,1992
Los Angeles Raiders,7,9,,.438,249,281,-32,-2.0,0.4,-1.6,-3.2,1.5,1992
Seattle Seahawks,2,14,,.125,140,312,-172,-10.8,0.8,-10.0,-9.8,-0.2,1992
Dallas Cowboys*,13,3,,.813,409,243,166,10.4,-0.4,10.0,6.4,3.6,1992
Philadelphia Eagles+,11,5,,.688,354,245,109,6.8,2.1,8.9,4.8,4.1,1992
Washington Redskins+,9,7,,.563,300,255,45,2.8,1.6,4.4,0.7,3.8,1992
New York Giants,6,10,,.375,306,367,-61,-3.8,2.0,-1.8,1.6,-3.4,1992
Phoenix Cardinals,4,12,,.250,243,332,-89,-5.6,2.5,-3.1,-2.9,-0.1,1992
Minnesota Vikings*,11,5,,.688,374,249,125,7.8,-0.1,7.7,4.4,3.3,1992
Green Bay Packers,9,7,,.563,276,296,-20,-1.3,-0.3,-1.6,-2.6,1.0,1992
Tampa Bay Buccaneers,5,11,,.313,267,365,-98,-6.1,0.3,-5.9,-2.0,-3.9,1992
Chicago Bears,5,11,,.313,295,361,-66,-4.1,0.6,-3.5,-0.2,-3.3,1992
Detroit Lions,5,11,,.313,273,332,-59,-3.7,1.8,-1.9,-0.7,-1.1,1992
San Francisco 49ers*,14,2,,.875,431,236,195,12.2,-0.4,11.8,7.3,4.5,1992
New Orleans Saints+,12,4,,.750,330,202,128,8.0,-0.2,7.8,0.7,7.1,1992
Atlanta Falcons,6,10,,.375,327,414,-87,-5.4,1.4,-4.1,2.3,-6.4,1992
Los Angeles Rams,6,10,,.375,313,383,-70,-4.4,1.5,-2.9,1.1,-4.0,1992
Buffalo Bills*,12,4,,.750,329,242,87,5.4,-0.6,4.8,1.8,3.0,1993
Miami Dolphins,9,7,,.563,349,351,-2,-0.1,-0.3,-0.5,3.9,-4.3,1993
New York Jets,8,8,,.500,270,247,23,1.4,-0.6,0.8,-2.1,2.9,1993
New England Patriots,5,11,,.313,238,286,-48,-3.0,-0.8,-3.8,-4.0,0.3,1993
Indianapolis Colts,4,12,,.250,189,378,-189,-11.8,0.5,-11.3,-6.2,-5.1,1993
Houston Oilers*,12,4,,.750,368,238,130,8.1,-0.9,7.2,4.1,3.1,1993
Pittsburgh Steelers+,9,7,,.563,308,281,27,1.7,-0.2,1.5,0.1,1.5,1993
Cleveland Browns,7,9,,.438,304,307,-3,-0.2,-1.0,-1.2,-0.6,-0.6,1993
Cincinnati Bengals,3,13,,.188,187,319,-132,-8.3,-0.2,-8.4,-7.4,-1.0,1993
Kansas City Chiefs*,11,5,,.688,328,291,37,2.3,0.6,2.9,1.9,1.0,1993
Los Angeles Raiders+,10,6,,.625,306,326,-20,-1.3,0.6,-0.7,1.1,-1.7,1993
Denver Broncos+,9,7,,.563,373,284,89,5.6,-0.5,5.0,4.6,0.4,1993
San Diego Chargers,8,8,,.500,322,290,32,2.0,0.3,2.3,1.1,1.1,1993
Seattle Seahawks,6,10,,.375,280,314,-34,-2.1,0.9,-1.2,-0.8,-0.5,1993
Dallas Cowboys*,12,4,,.750,376,229,147,9.2,0.4,9.6,4.9,4.7,1993
New York Giants+,11,5,,.688,288,205,83,5.2,-0.5,4.6,-0.8,5.4,1993
Philadelphia Eagles,8,8,,.500,293,315,-22,-1.4,1.8,0.4,0.7,-0.3,1993
Phoenix Cardinals,7,9,,.438,326,269,57,3.6,0.4,3.9,1.9,2.1,1993
Washington Redskins,4,12,,.250,230,345,-115,-7.2,0.7,-6.5,-3.8,-2.7,1993
Detroit Lions*,10,6,,.625,298,292,6,0.4,-0.7,-0.3,-0.3,0.0,1993
Minnesota Vikings+,9,7,,.563,277,290,-13,-0.8,0.7,-0.1,-1.3,1.2,1993
Green Bay Packers+,9,7,,.563,340,282,58,3.6,-0.4,3.2,2.7,0.5,1993
Chicago Bears,7,9,,.438,234,230,4,0.3,-0.5,-0.2,-4.6,4.3,1993
Tampa Bay Buccaneers,5,11,,.313,237,376,-139,-8.7,1.1,-7.6,-3.3,-4.3,1993
San Francisco 49ers*,10,6,,.625,473,295,178,11.1,-1.5,9.7,9.9,-0.3,1993
New Orleans Saints,8,8,,.500,317,343,-26,-1.6,0.3,-1.3,0.7,-2.1,1993
Atlanta Falcons,6,10,,.375,316,385,-69,-4.3,-0.1,-4.4,0.8,-5.2,1993
Los Angeles Rams,5,11,,.313,221,367,-146,-9.1,0.7,-8.4,-5.0,-3.4,1993
Miami Dolphins*,10,6,,.625,389,327,62,3.9,0.3,4.2,4.5,-0.3,1994
New England Patriots+,10,6,,.625,351,312,39,2.4,0.8,3.2,1.9,1.3,1994
Indianapolis Colts,8,8,,.500,307,320,-13,-0.8,-0.7,-1.5,-1.3,-0.2,1994
Buffalo Bills,7,9,,.438,340,356,-16,-1.0,0.8,-0.2,1.5,-1.8,1994
New York Jets,6,10,,.375,264,320,-56,-3.5,1.3,-2.2,-3.7,1.5,1994
Pittsburgh Steelers*,12,4,,.750,316,234,82,5.1,-0.4,4.7,-0.2,5.0,1994
Cleveland Browns+,11,5,,.688,340,204,136,8.5,-1.2,7.3,1.2,6.1,1994
Cincinnati Bengals,3,13,,.188,276,406,-130,-8.1,1.2,-6.9,-1.6,-5.4,1994
Houston Oilers,2,14,,.125,226,352,-126,-7.9,0.6,-7.3,-4.7,-2.6,1994
San Diego Chargers*,11,5,,.688,381,306,75,4.7,-1.1,3.6,2.9,0.7,1994
Kansas City Chiefs+,9,7,,.563,319,298,21,1.3,-0.4,0.9,-1.3,2.1,1994
Los Angeles Raiders,9,7,,.563,303,327,-24,-1.5,-0.1,-1.6,-1.9,0.3,1994
Denver Broncos,7,9,,.438,347,396,-49,-3.1,-0.3,-3.3,1.3,-4.6,1994
Seattle Seahawks,6,10,,.375,287,323,-36,-2.3,-1.2,-3.4,-2.8,-0.6,1994
Dallas Cowboys*,12,4,,.750,414,248,166,10.4,-0.3,10.1,5.6,4.5,1994
New York Giants,9,7,,.563,279,305,-26,-1.6,-0.1,-1.7,-2.7,1.0,1994
Arizona Cardinals,8,8,,.500,235,267,-32,-2.0,-0.3,-2.3,-5.6,3.3,1994
Philadelphia Eagles,7,9,,.438,308,308,0,0.0,0.6,0.6,-0.4,1.0,1994
Washington Redskins,3,13,,.188,320,412,-92,-5.8,-0.3,-6.1,0.3,-6.4,1994
Minnesota Vikings*,10,6,,.625,356,314,42,2.6,0.6,3.2,2.4,0.8,1994
Green Bay Packers+,9,7,,.563,382,287,95,5.9,0.1,6.0,3.8,2.2,1994
Detroit Lions+,9,7,,.563,357,342,15,0.9,1.4,2.4,2.8,-0.4,1994
Chicago Bears+,9,7,,.563,271,307,-36,-2.3,0.3,-1.9,-3.2,1.3,1994
Tampa Bay Buccaneers,6,10,,.375,251,351,-100,-6.3,0.0,-6.2,-5.4,-0.8,1994
San Francisco 49ers*,13,3,,.813,505,296,209,13.1,-1.4,11.6,9.9,1.7,1994
New Orleans Saints,7,9,,.438,348,407,-59,-3.7,0.1,-3.6,1.0,-4.6,1994
Atlanta Falcons,7,9,,.438,317,385,-68,-4.3,0.0,-4.3,-1.2,-3.1,1994
Los Angeles Rams,4,12,,.250,286,365,-79,-4.9,-0.3,-5.3,-3.2,-2.1,1994
Buffalo Bills*,10,6,,.625,350,335,15,0.9,-1.8,-0.9,-0.5,-0.4,1995
Indianapolis Colts+,9,7,,.563,331,316,15,0.9,-2.3,-1.3,-1.8,0.4,1995
Miami Dolphins+,9,7,,.563,398,332,66,4.1,-1.4,2.7,3.1,-0.4,1995
New England Patriots,6,10,,.375,294,377,-83,-5.2,-0.2,-5.4,-2.8,-2.6,1995
New York Jets,3,13,,.188,233,384,-151,-9.4,-1.7,-11.2,-7.9,-3.3,1995
Pittsburgh Steelers*,11,5,,.688,407,327,80,5.0,-0.4,4.6,3.4,1.2,1995
Cincinnati Bengals,7,9,,.438,349,374,-25,-1.6,-0.2,-1.7,0.1,-1.9,1995
Houston Oilers,7,9,,.438,348,324,24,1.5,-0.7,0.8,-0.1,0.9,1995
Cleveland Browns,5,11,,.313,289,356,-67,-4.2,0.4,-3.8,-3.2,-0.6,1995
Jacksonville Jaguars,4,12,,.250,275,404,-129,-8.1,0.0,-8.1,-4.4,-3.7,1995
Kansas City Chiefs*,13,3,,.813,358,241,117,7.3,0.3,7.6,0.8,6.9,1995
San Diego Chargers+,9,7,,.563,321,323,-2,-0.1,1.6,1.5,-0.6,2.1,1995
Seattle Seahawks,8,8,,.500,363,366,-3,-0.2,-0.4,-0.6,1.6,-2.2,1995
Denver Broncos,8,8,,.500,388,345,43,2.7,0.4,3.1,3.3,-0.2,1995
Oakland Raiders,8,8,,.500,348,332,16,1.0,1.1,2.1,1.1,1.0,1995
Dallas Cowboys*,12,4,,.750,435,291,144,9.0,0.7,9.7,6.2,3.5,1995
Philadelphia Eagles+,10,6,,.625,318,338,-20,-1.3,-0.5,-1.7,-1.9,0.2,1995
Washington Redskins,6,10,,.375,326,359,-33,-2.1,0.1,-1.9,-0.8,-1.2,1995
New York Giants,5,11,,.313,290,340,-50,-3.1,1.6,-1.5,-2.6,1.1,1995
Arizona Cardinals,4,12,,.250,275,422,-147,-9.2,1.7,-7.5,-3.5,-4.0,1995
Green Bay Packers*,11,5,,.688,404,314,90,5.6,0.4,6.0,3.5,2.5,1995
Detroit Lions+,10,6,,.625,436,336,100,6.3,0.6,6.9,5.9,1.0,1995
Chicago Bears,9,7,,.563,392,360,32,2.0,0.3,2.3,3.1,-0.8,1995
Minnesota Vikings,8,8,,.500,412,385,27,1.7,2.0,3.7,5.1,-1.4,1995
Tampa Bay Buccaneers,7,9,,.438,238,335,-97,-6.1,1.1,-5.0,-6.9,1.9,1995
San Francisco 49ers*,11,5,,.688,457,258,199,12.4,-0.7,11.8,6.5,5.3,1995
Atlanta Falcons+,9,7,,.563,362,349,13,0.8,-0.7,0.1,0.9,-0.9,1995
St. Louis Rams,7,9,,.438,309,418,-109,-6.8,0.4,-6.4,-1.8,-4.6,1995
Carolina Panthers,7,9,,.438,289,325,-36,-2.3,-1.5,-3.8,-4.1,0.3,1995
New Orleans Saints,7,9,,.438,319,348,-29,-1.8,-0.3,-2.2,-1.7,-0.4,1995
New England Patriots*,11,5,,.688,418,313,105,6.6,-1.5,5.1,4.9,0.2,1996
Buffalo Bills+,10,6,,.625,319,266,53,3.3,-0.4,2.9,-1.0,3.9,1996
Indianapolis Colts+,9,7,,.563,317,334,-17,-1.1,-0.6,-1.6,-1.8,0.2,1996
Miami Dolphins,8,8,,.500,339,325,14,0.9,-0.6,0.3,0.6,-0.4,1996
New York Jets,1,15,,.063,279,454,-175,-10.9,0.8,-10.1,-2.5,-7.6,1996
Pittsburgh Steelers*,10,6,,.625,344,257,87,5.4,-0.3,5.2,0.0,5.1,1996
Jacksonville Jaguars+,9,7,,.563,325,335,-10,-0.6,-0.9,-1.5,-1.6,0.1,1996
Cincinnati Bengals,8,8,,.500,372,369,3,0.2,-0.3,-0.1,2.5,-2.6,1996
Houston Oilers,8,8,,.500,345,319,26,1.6,-0.7,1.0,0.1,0.8,1996
Baltimore Ravens,4,12,,.250,371,441,-70,-4.4,1.4,-2.9,3.9,-6.8,1996
Denver Broncos*,13,3,,.813,391,275,116,7.3,0.3,7.6,3.7,3.9,1996
Kansas City Chiefs,9,7,,.563,297,300,-3,-0.2,2.0,1.8,-0.7,2.5,1996
San Diego Chargers,8,8,,.500,310,376,-66,-4.1,2.4,-1.8,0.4,-2.1,1996
Oakland Raiders,7,9,,.438,340,293,47,2.9,-0.5,2.4,0.3,2.1,1996
Seattle Seahawks,7,9,,.438,317,376,-59,-3.7,2.0,-1.7,1.0,-2.6,1996
Dallas Cowboys*,10,6,,.625,286,250,36,2.3,0.1,2.4,-2.9,5.3,1996
Philadelphia Eagles+,10,6,,.625,363,341,22,1.4,-0.8,0.6,2.1,-1.6,1996
Washington Redskins,9,7,,.563,364,312,52,3.3,-1.4,1.8,2.3,-0.4,1996
Arizona Cardinals,7,9,,.438,300,397,-97,-6.1,-1.4,-7.5,-1.7,-5.8,1996
New York Giants,6,10,,.375,242,297,-55,-3.4,-0.7,-4.1,-5.7,1.5,1996
Green Bay Packers*,13,3,,.813,456,210,246,15.4,-0.1,15.3,8.7,6.6,1996
Minnesota Vikings+,9,7,,.563,298,315,-17,-1.1,0.9,-0.1,-0.9,0.7,1996
Chicago Bears,7,9,,.438,283,305,-22,-1.4,1.1,-0.2,-1.4,1.2,1996
Tampa Bay Buccaneers,6,10,,.375,221,293,-72,-4.5,1.5,-3.0,-5.9,2.9,1996
Detroit Lions,5,11,,.313,302,368,-66,-4.1,1.2,-2.9,-0.4,-2.5,1996
Carolina Panthers*,12,4,,.750,367,218,149,9.3,-2.3,7.1,1.4,5.6,1996
San Francisco 49ers+,12,4,,.750,398,257,141,8.8,-0.8,8.0,3.7,4.3,1996
St. Louis Rams,6,10,,.375,303,409,-106,-6.6,0.3,-6.3,-1.7,-4.6,1996
Atlanta Falcons,3,13,,.188,309,461,-152,-9.5,0.4,-9.1,-0.2,-8.9,1996
New Orleans Saints,3,13,,.188,229,339,-110,-6.9,-1.2,-8.1,-7.1,-1.0,1996
New England Patriots*,10,6,0,.625,369,289,80,5.0,0.3,5.3,2.3,3.0,1997
Miami Dolphins+,9,7,0,.563,339,327,12,0.8,0.6,1.3,1.0,0.3,1997
New York Jets,9,7,0,.563,348,287,61,3.8,-0.9,2.9,0.1,2.8,1997
Buffalo Bills,6,10,0,.375,255,367,-112,-7.0,2.5,-4.5,-4.0,-0.5,1997
Indianapolis Colts,3,13,0,.188,313,401,-88,-5.5,1.2,-4.3,-0.6,-3.8,1997
Pittsburgh Steelers*,11,5,0,.688,372,307,65,4.1,1.3,5.3,2.7,2.6,1997
Jacksonville Jaguars+,11,5,0,.688,394,318,76,4.8,0.7,5.5,4.4,1.0,1997
Tennessee Oilers,8,8,0,.500,333,310,23,1.4,0.2,1.7,-0.3,1.9,1997
Cincinnati Bengals,7,9,0,.438,355,405,-50,-3.1,1.0,-2.2,1.8,-4.0,1997
Baltimore Ravens,6,9,1,.406,326,345,-19,-1.2,0.6,-0.6,-0.4,-0.2,1997
Kansas City Chiefs*,13,3,0,.813,375,232,143,8.9,-0.5,8.4,1.8,6.6,1997
Denver Broncos+,12,4,0,.750,472,287,185,11.6,-0.9,10.7,8.1,2.6,1997
Seattle Seahawks,8,8,0,.500,365,362,3,0.2,0.0,0.1,1.8,-1.7,1997
Oakland Raiders,4,12,0,.250,324,419,-95,-5.9,0.8,-5.1,-0.1,-5.0,1997
San Diego Chargers,4,12,0,.250,266,425,-159,-9.9,1.0,-8.9,-4.1,-4.8,1997
New York Giants*,10,5,1,.656,307,265,42,2.6,-1.1,1.5,-1.8,3.3,1997
Washington Redskins,8,7,1,.531,327,289,38,2.4,-1.1,1.3,-0.6,1.8,1997
Philadelphia Eagles,6,9,1,.406,317,372,-55,-3.4,0.5,-3.0,-0.7,-2.3,1997
Dallas Cowboys,6,10,0,.375,304,314,-10,-0.6,-0.1,-0.8,-1.7,1.0,1997
Arizona Cardinals,4,12,0,.250,283,379,-96,-6.0,-0.4,-6.4,-2.6,-3.8,1997
Green Bay Packers*,13,3,0,.813,422,282,140,8.8,-1.1,7.7,5.3,2.4,1997
Tampa Bay Buccaneers+,10,6,0,.625,299,263,36,2.3,0.5,2.7,-2.4,5.1,1997
Detroit Lions+,9,7,0,.563,379,306,73,4.6,-0.6,4.0,3.0,0.9,1997
Minnesota Vikings+,9,7,0,.563,354,359,-5,-0.3,0.2,-0.1,1.7,-1.8,1997
Chicago Bears,4,12,0,.250,263,421,-158,-9.9,1.4,-8.5,-3.1,-5.3,1997
San Francisco 49ers*,13,3,0,.813,375,265,110,6.9,-1.8,5.1,2.4,2.7,1997
Carolina Panthers,7,9,0,.438,265,314,-49,-3.1,-0.5,-3.6,-4.4,0.8,1997
Atlanta Falcons,7,9,0,.438,320,361,-41,-2.6,-1.6,-4.2,-1.2,-2.9,1997
New Orleans Saints,6,10,0,.375,237,327,-90,-5.6,-1.8,-7.4,-6.8,-0.6,1997
St. Louis Rams,5,11,0,.313,299,359,-60,-3.8,-0.2,-4.0,-1.8,-2.2,1997
New York Jets*,12,4,,.750,416,266,150,9.4,1.8,11.2,5.4,5.8,1998
Miami Dolphins+,10,6,,.625,321,265,56,3.5,2.4,5.9,-0.7,6.5,1998
Buffalo Bills+,10,6,,.625,400,333,67,4.2,1.0,5.2,4.4,0.7,1998
New England Patriots+,9,7,,.563,337,329,8,0.5,3.4,3.9,1.1,2.8,1998
Indianapolis Colts,3,13,,.188,310,444,-134,-8.4,3.0,-5.4,-0.1,-5.3,1998
Jacksonville Jaguars*,11,5,,.688,392,338,54,3.4,-0.9,2.5,3.1,-0.6,1998
Tennessee Oilers,8,8,,.500,330,320,10,0.6,-0.6,0.0,-0.5,0.5,1998
Pittsburgh Steelers,7,9,,.438,263,303,-40,-2.5,-1.3,-3.8,-5.1,1.3,1998
Baltimore Ravens,6,10,,.375,269,335,-66,-4.1,-1.3,-5.4,-5.2,-0.2,1998
Cincinnati Bengals,3,13,,.188,268,452,-184,-11.5,0.5,-11.0,-4.5,-6.5,1998
Denver Broncos*,14,2,,.875,501,309,192,12.0,-3.1,8.9,9.5,-0.6,1998
Oakland Raiders,8,8,,.500,288,356,-68,-4.3,-1.4,-5.6,-4.1,-1.5,1998
Seattle Seahawks,8,8,,.500,372,310,62,3.9,-2.4,1.5,0.9,0.6,1998
Kansas City Chiefs,7,9,,.438,327,363,-36,-2.3,-0.8,-3.1,-0.7,-2.4,1998
San Diego Chargers,5,11,,.313,241,342,-101,-6.3,-2.1,-8.4,-7.7,-0.7,1998
Dallas Cowboys*,10,6,,.625,381,275,106,6.6,-3.1,3.5,0.9,2.6,1998
Arizona Cardinals+,9,7,,.563,325,378,-53,-3.3,-4.1,-7.4,-1.6,-5.8,1998
New York Giants,8,8,,.500,287,309,-22,-1.4,-1.9,-3.2,-4.3,1.1,1998
Washington Redskins,6,10,,.375,319,421,-102,-6.4,-1.1,-7.5,-1.5,-6.0,1998
Philadelphia Eagles,3,13,,.188,161,344,-183,-11.4,-1.3,-12.8,-12.3,-0.5,1998
Minnesota Vikings*,15,1,,.938,556,296,260,16.3,-1.4,14.9,13.2,1.6,1998
Green Bay Packers+,11,5,,.688,408,319,89,5.6,-0.6,5.0,4.3,0.7,1998
Tampa Bay Buccaneers,8,8,,.500,314,295,19,1.2,0.1,1.3,-2.3,3.5,1998
Detroit Lions,5,11,,.313,306,378,-72,-4.5,1.1,-3.4,-1.9,-1.5,1998
Chicago Bears,4,12,,.250,276,368,-92,-5.8,2.0,-3.7,-3.4,-0.3,1998
Atlanta Falcons*,14,2,,.875,442,289,153,9.6,0.4,10.0,7.0,3.0,1998
San Francisco 49ers+,12,4,,.750,479,328,151,9.4,1.2,10.6,8.8,1.8,1998
New Orleans Saints,6,10,,.375,305,359,-54,-3.4,3.5,0.1,-1.5,1.6,1998
Carolina Panthers,4,12,,.250,336,413,-77,-4.8,3.5,-1.3,1.0,-2.4,1998
St. Louis Rams,4,12,,.250,285,378,-93,-5.8,3.5,-2.3,-2.3,0.0,1998
Indianapolis Colts*,13,3,,.813,423,333,90,5.6,0.5,6.1,6.6,-0.5,1999
Buffalo Bills+,11,5,,.688,320,229,91,5.7,1.5,7.1,-0.2,7.4,1999
Miami Dolphins+,9,7,,.563,326,336,-10,-0.6,2.5,1.9,1.2,0.7,1999
New York Jets,8,8,,.500,308,309,-1,-0.1,3.1,3.1,0.2,2.9,1999
New England Patriots,8,8,,.500,299,284,15,0.9,1.3,2.2,-1.0,3.2,1999
Jacksonville Jaguars*,14,2,,.875,396,217,179,11.2,-4.8,6.4,1.3,5.1,1999
Tennessee Titans+,13,3,,.813,392,324,68,4.3,-3.2,1.0,2.0,-1.0,1999
Baltimore Ravens,8,8,,.500,324,277,47,2.9,-2.0,0.9,-1.6,2.5,1999
Pittsburgh Steelers,6,10,,.375,317,320,-3,-0.2,-2.2,-2.4,-2.2,-0.2,1999
Cincinnati Bengals,4,12,,.250,283,460,-177,-11.1,-0.5,-11.5,-3.3,-8.2,1999
Cleveland Browns,2,14,,.125,217,437,-220,-13.8,-0.3,-14.1,-7.6,-6.5,1999
Seattle Seahawks*,9,7,,.563,338,298,40,2.5,2.0,4.5,1.9,2.6,1999
Kansas City Chiefs,9,7,,.563,390,322,68,4.3,2.6,6.8,5.5,1.3,1999
San Diego Chargers,8,8,,.500,269,316,-47,-2.9,2.0,-1.0,-3.9,2.9,1999
Oakland Raiders,8,8,,.500,390,329,61,3.8,2.9,6.8,5.7,1.0,1999
Denver Broncos,6,10,,.375,314,318,-4,-0.3,3.6,3.4,1.0,2.4,1999
Washington Redskins*,10,6,,.625,443,377,66,4.1,-1.3,2.9,6.8,-3.9,1999
Dallas Cowboys+,8,8,,.500,352,276,76,4.8,-1.6,3.1,-0.3,3.4,1999
New York Giants,7,9,,.438,299,358,-59,-3.7,0.7,-3.0,-1.8,-1.2,1999
Arizona Cardinals,6,10,,.375,245,382,-137,-8.6,-0.2,-8.8,-5.5,-3.2,1999
Philadelphia Eagles,5,11,,.313,272,357,-85,-5.3,1.1,-4.2,-3.3,-0.9,1999
Tampa Bay Buccaneers*,11,5,,.688,270,235,35,2.2,0.4,2.6,-4.1,6.7,1999
Minnesota Vikings+,10,6,,.625,399,335,64,4.0,0.4,4.4,5.2,-0.8,1999
Detroit Lions+,8,8,,.500,322,323,-1,-0.1,2.0,1.9,0.1,1.8,1999
Green Bay Packers,8,8,,.500,357,341,16,1.0,0.6,1.6,2.5,-0.9,1999
Chicago Bears,6,10,,.375,272,341,-69,-4.3,2.3,-2.0,-3.0,1.0,1999
St. Louis Rams*,13,3,,.813,526,242,284,17.8,-5.9,11.9,8.7,3.2,1999
Carolina Panthers,8,8,,.500,421,381,40,2.5,-3.6,-1.1,3.0,-4.0,1999
Atlanta Falcons,5,11,,.313,285,380,-95,-5.9,-1.1,-7.1,-4.0,-3.0,1999
San Francisco 49ers,4,12,,.250,295,453,-158,-9.9,-1.5,-11.3,-4.5,-6.8,1999
New Orleans Saints,3,13,,.188,260,434,-174,-10.9,-1.3,-12.1,-5.3,-6.9,1999
Miami Dolphins*,11,5,,.688,323,226,97,6.1,1.0,7.1,0.0,7.1,2000
Indianapolis Colts+,10,6,,.625,429,326,103,6.4,1.5,7.9,7.1,0.8,2000
New York Jets,9,7,,.563,321,321,0,0.0,3.5,3.5,1.4,2.2,2000
Buffalo Bills,8,8,,.500,315,350,-35,-2.2,2.2,0.0,0.5,-0.5,2000
New England Patriots,5,11,,.313,276,338,-62,-3.9,1.4,-2.5,-2.7,0.2,2000
Tennessee Titans*,13,3,,.813,346,191,155,9.7,-1.3,8.3,1.5,6.8,2000
Baltimore Ravens+,12,4,,.750,333,165,168,10.5,-2.5,8.0,0.0,8.0,2000
Pittsburgh Steelers,9,7,,.563,321,255,66,4.1,-0.2,3.9,0.6,3.3,2000
Jacksonville Jaguars,7,9,,.438,367,327,40,2.5,-1.4,1.1,3.2,-2.1,2000
Cincinnati Bengals,4,12,,.250,185,359,-174,-10.9,0.4,-10.5,-8.1,-2.4,2000
Cleveland Browns,3,13,,.188,161,419,-258,-16.1,1.5,-14.6,-9.1,-5.5,2000
Oakland Raiders*,12,4,,.750,479,299,180,11.3,-1.5,9.7,8.0,1.8,2000
Denver Broncos+,11,5,,.688,485,369,116,7.3,-2.2,5.0,7.8,-2.7,2000
Kansas City Chiefs,7,9,,.438,355,354,1,0.1,0.6,0.6,0.1,0.6,2000
Seattle Seahawks,6,10,,.375,320,405,-85,-5.3,1.6,-3.7,-1.4,-2.3,2000
San Diego Chargers,1,15,,.063,269,440,-171,-10.7,2.6,-8.1,-3.7,-4.4,2000
New York Giants*,12,4,,.750,328,246,82,5.1,-2.7,2.4,-1.3,3.8,2000
Philadelphia Eagles+,11,5,,.688,351,245,106,6.6,-3.6,3.1,1.0,2.1,2000
Washington Redskins,8,8,,.500,281,269,12,0.8,0.2,1.0,-2.9,3.8,2000
Dallas Cowboys,5,11,,.313,294,361,-67,-4.2,-0.4,-4.6,-1.5,-3.0,2000
Arizona Cardinals,3,13,,.188,210,443,-233,-14.6,-0.7,-15.2,-7.2,-8.1,2000
Minnesota Vikings*,11,5,,.688,397,371,26,1.6,0.3,1.9,4.3,-2.3,2000
Tampa Bay Buccaneers+,10,6,,.625,388,269,119,7.4,-0.1,7.3,3.4,3.9,2000
Green Bay Packers,9,7,,.563,353,323,30,1.9,0.6,2.5,1.8,0.7,2000
Detroit Lions,9,7,,.563,307,307,0,0.0,1.4,1.4,-0.1,1.5,2000
Chicago Bears,5,11,,.313,216,355,-139,-8.7,2.4,-6.3,-6.4,0.1,2000
New Orleans Saints*,10,6,,.625,354,305,49,3.1,-2.2,0.9,-1.2,2.1,2000
St. Louis Rams+,10,6,,.625,540,471,69,4.3,-1.2,3.1,12.6,-9.5,2000
Carolina Panthers,7,9,,.438,310,310,0,0.0,-1.1,-1.1,-3.6,2.5,2000
San Francisco 49ers,6,10,,.375,388,422,-34,-2.1,-1.7,-3.8,1.7,-5.5,2000
Atlanta Falcons,4,12,,.250,252,413,-161,-10.1,1.5,-8.6,-5.7,-2.9,2000
New England Patriots*,11,5,,.688,371,272,99,6.2,-1.9,4.3,1.2,3.1,2001
Miami Dolphins+,11,5,,.688,344,290,54,3.4,-0.7,2.7,-0.3,3.1,2001
New York Jets+,10,6,,.625,308,295,13,0.8,0.0,0.8,-2.0,2.8,2001
Indianapolis Colts,6,10,,.375,413,486,-73,-4.6,0.8,-3.8,6.1,-9.8,2001
Buffalo Bills,3,13,,.188,265,420,-155,-9.7,0.2,-9.5,-3.9,-5.7,2001
Pittsburgh Steelers*,13,3,,.813,352,212,140,8.8,-1.4,7.4,1.5,5.8,2001
Baltimore Ravens+,10,6,,.625,303,265,38,2.4,0.8,3.2,-0.8,4.0,2001
Cleveland Browns,7,9,,.438,285,319,-34,-2.1,1.3,-0.8,-0.9,0.1,2001
Tennessee Titans,7,9,,.438,336,388,-52,-3.3,1.2,-2.0,2.4,-4.4,2001
Jacksonville Jaguars,6,10,,.375,294,286,8,0.5,0.4,0.9,-1.1,2.0,2001
Cincinnati Bengals,6,10,,.375,226,309,-83,-5.2,1.7,-3.5,-4.5,1.0,2001
Oakland Raiders*,10,6,,.625,399,327,72,4.5,-0.9,3.6,4.0,-0.4,2001
Seattle Seahawks,9,7,,.563,301,324,-23,-1.4,-0.4,-1.9,-1.4,-0.4,2001
Denver Broncos,8,8,,.500,340,339,1,0.1,-0.5,-0.5,0.5,-1.0,2001
Kansas City Chiefs,6,10,,.375,320,344,-24,-1.5,0.3,-1.2,-0.2,-1.0,2001
San Diego Chargers,5,11,,.313,332,321,11,0.7,-1.0,-0.3,0.3,-0.6,2001
Philadelphia Eagles*,11,5,,.688,343,208,135,8.4,-0.7,7.7,0.9,6.8,2001
Washington Redskins,8,8,,.500,256,303,-47,-2.9,-0.7,-3.7,-4.0,0.4,2001
New York Giants,7,9,,.438,294,321,-27,-1.7,-0.1,-1.8,-1.8,0.0,2001
Arizona Cardinals,7,9,,.438,295,343,-48,-3.0,-1.2,-4.2,-1.5,-2.6,2001
Dallas Cowboys,5,11,,.313,246,338,-92,-5.8,-0.2,-6.0,-4.5,-1.5,2001
Chicago Bears*,13,3,,.813,338,203,135,8.4,-0.5,7.9,0.9,7.1,2001
Green Bay Packers+,12,4,,.750,390,266,124,7.8,-1.1,6.6,4.0,2.6,2001
Tampa Bay Buccaneers+,9,7,,.563,324,280,44,2.8,1.3,4.0,0.7,3.3,2001
Minnesota Vikings,5,11,,.313,290,390,-100,-6.3,1.5,-4.7,-0.8,-3.9,2001
Detroit Lions,2,14,,.125,270,424,-154,-9.6,2.4,-7.2,-2.0,-5.2,2001
St. Louis Rams*,14,2,,.875,503,273,230,14.4,-1.0,13.4,10.4,2.9,2001
San Francisco 49ers+,12,4,,.750,409,282,127,7.9,-1.1,6.8,4.2,2.7,2001
New Orleans Saints,7,9,,.438,333,409,-76,-4.8,-0.1,-4.8,-0.1,-4.7,2001
Atlanta Falcons,7,9,,.438,291,377,-86,-5.4,0.7,-4.7,-2.7,-2.0,2001
Carolina Panthers,1,15,,.063,253,410,-157,-9.8,0.9,-8.9,-4.6,-4.4,2001
New York Jets*,9,7,0,.563,359,336,23,1.4,1.7,3.2,0.9,2.3,2002
New England Patriots,9,7,0,.563,381,346,35,2.2,1.8,4.0,2.1,1.9,2002
Miami Dolphins,9,7,0,.563,378,301,77,4.8,1.2,6.1,1.7,4.4,2002
Buffalo Bills,8,8,0,.500,379,397,-18,-1.1,0.9,-0.3,2.1,-2.3,2002
Pittsburgh Steelers*,10,5,1,.656,390,345,45,2.8,-0.1,2.7,3.1,-0.4,2002
Cleveland Browns+,9,7,0,.563,344,320,24,1.5,-0.3,1.2,-0.4,1.7,2002
Baltimore Ravens,7,9,0,.438,316,354,-38,-2.4,0.3,-2.1,-1.5,-0.6,2002
Cincinnati Bengals,2,14,0,.125,279,456,-177,-11.1,0.6,-10.5,-3.6,-6.9,2002
Tennessee Titans*,11,5,0,.688,367,324,43,2.7,-0.9,1.8,1.6,0.1,2002
Indianapolis Colts+,10,6,0,.625,349,313,36,2.3,-1.1,1.2,0.4,0.7,2002
Jacksonville Jaguars,6,10,0,.375,328,315,13,0.8,-1.0,-0.2,-1.3,1.1,2002
Houston Texans,4,12,0,.250,213,356,-143,-8.9,-0.5,-9.4,-8.4,-1.1,2002
Oakland Raiders*,11,5,0,.688,450,304,146,9.1,1.5,10.6,6.3,4.3,2002
Denver Broncos,9,7,0,.563,392,344,48,3.0,1.9,4.9,3.0,1.9,2002
San Diego Chargers,8,8,0,.500,333,367,-34,-2.1,1.4,-0.7,-1.0,0.2,2002
Kansas City Chiefs,8,8,0,.500,467,399,68,4.3,1.9,6.1,8.4,-2.3,2002
Philadelphia Eagles*,12,4,0,.750,415,241,174,10.9,-2.6,8.3,4.5,3.8,2002
New York Giants+,10,6,0,.625,320,279,41,2.6,-1.7,0.8,-2.2,3.0,2002
Washington Redskins,7,9,0,.438,307,365,-58,-3.6,-0.8,-4.5,-2.2,-2.2,2002
Dallas Cowboys,5,11,0,.313,217,329,-112,-7.0,-1.5,-8.5,-8.2,-0.3,2002
Green Bay Packers*,12,4,0,.750,398,328,70,4.4,-0.8,3.6,2.4,1.2,2002
Minnesota Vikings,6,10,0,.375,390,442,-52,-3.3,0.2,-3.0,3.1,-6.1,2002
Chicago Bears,4,12,0,.250,281,379,-98,-6.1,0.9,-5.3,-4.4,-0.9,2002
Detroit Lions,3,13,0,.188,306,451,-145,-9.1,-0.1,-9.2,-2.5,-6.7,2002
Tampa Bay Buccaneers*,12,4,0,.750,346,196,150,9.4,-0.6,8.8,-1.0,9.8,2002
Atlanta Falcons+,9,6,1,.594,402,314,88,5.5,-0.4,5.1,3.5,1.5,2002
New Orleans Saints,9,7,0,.563,432,388,44,2.8,-0.3,2.4,5.8,-3.3,2002
Carolina Panthers,7,9,0,.438,258,302,-44,-2.8,-0.5,-3.3,-6.0,2.8,2002
San Francisco 49ers*,10,6,0,.625,367,351,16,1.0,-0.4,0.6,0.7,-0.1,2002
St. Louis Rams,7,9,0,.438,316,369,-53,-3.3,0.0,-3.3,-1.6,-1.8,2002
Seattle Seahawks,7,9,0,.438,355,369,-14,-0.9,-0.4,-1.3,0.0,-1.2,2002
Arizona Cardinals,5,11,0,.313,262,417,-155,-9.7,-0.2,-9.9,-5.4,-4.5,2002
New England Patriots*,14,2,,.875,348,238,110,6.9,0.1,6.9,2.1,4.9,2003
Miami Dolphins,10,6,,.625,311,261,50,3.1,0.3,3.4,-0.7,4.1,2003
Buffalo Bills,6,10,,.375,243,279,-36,-2.3,1.3,-1.0,-5.0,4.0,2003
New York Jets,6,10,,.375,283,299,-16,-1.0,0.4,-0.6,-1.9,1.3,2003
Baltimore Ravens*,10,6,,.625,391,281,110,6.9,-0.6,6.3,3.3,3.0,2003
Cincinnati Bengals,8,8,,.500,346,384,-38,-2.4,0.0,-2.4,1.1,-3.5,2003
Pittsburgh Steelers,6,10,,.375,300,327,-27,-1.7,0.6,-1.1,-2.5,1.4,2003
Cleveland Browns,5,11,,.313,254,322,-68,-4.3,1.3,-2.9,-5.3,2.4,2003
Indianapolis Colts*,12,4,,.750,447,336,111,6.9,0.0,7.0,8.2,-1.2,2003
Tennessee Titans+,12,4,,.750,435,324,111,6.9,-0.5,6.5,7.0,-0.5,2003
Jacksonville Jaguars,5,11,,.313,276,331,-55,-3.4,1.0,-2.4,-3.3,0.9,2003
Houston Texans,5,11,,.313,255,380,-125,-7.8,1.9,-6.0,-4.4,-1.5,2003
Kansas City Chiefs*,13,3,,.813,484,332,152,9.5,-1.2,8.3,9.2,-0.9,2003
Denver Broncos+,10,6,,.625,381,301,80,5.0,0.5,5.5,2.4,3.1,2003
Oakland Raiders,4,12,,.250,270,379,-109,-6.8,1.3,-5.5,-4.2,-1.3,2003
San Diego Chargers,4,12,,.250,313,441,-128,-8.0,1.2,-6.8,-0.6,-6.2,2003
Philadelphia Eagles*,12,4,,.750,374,287,87,5.4,-1.0,4.4,2.9,1.5,2003
Dallas Cowboys+,10,6,,.625,289,260,29,1.8,-2.3,-0.5,-3.2,2.7,2003
Washington Redskins,5,11,,.313,287,372,-85,-5.3,-0.4,-5.7,-1.9,-3.8,2003
New York Giants,4,12,,.250,243,387,-144,-9.0,0.4,-8.6,-4.8,-3.7,2003
Green Bay Packers*,10,6,,.625,442,307,135,8.4,-0.3,8.1,6.2,1.9,2003
Minnesota Vikings,9,7,,.563,416,353,63,3.9,-1.0,2.9,4.0,-1.1,2003
Chicago Bears,7,9,,.438,283,346,-63,-3.9,0.4,-3.5,-4.2,0.7,2003
Detroit Lions,5,11,,.313,270,379,-109,-6.8,1.0,-5.8,-4.3,-1.6,2003
Carolina Panthers*,11,5,,.688,325,304,21,1.3,-2.2,-0.9,-1.5,0.6,2003
New Orleans Saints,8,8,,.500,340,326,14,0.9,-1.1,-0.3,0.1,-0.4,2003
Tampa Bay Buccaneers,7,9,,.438,301,264,37,2.3,-0.7,1.6,-2.9,4.5,2003
Atlanta Falcons,5,11,,.313,299,422,-123,-7.7,0.3,-7.4,-2.0,-5.4,2003
St. Louis Rams*,12,4,,.750,447,328,119,7.4,-1.6,5.9,6.0,-0.2,2003
Seattle Seahawks+,10,6,,.625,404,327,77,4.8,-0.7,4.1,3.6,0.5,2003
San Francisco 49ers,7,9,,.438,384,337,47,2.9,0.1,3.1,3.0,0.1,2003
Arizona Cardinals,4,12,,.250,225,452,-227,-14.2,1.6,-12.6,-6.3,-6.2,2003
New England Patriots*,14,2,,.875,437,260,177,11.1,1.8,12.8,6.4,6.5,2004
New York Jets+,10,6,,.625,333,261,72,4.5,2.1,6.6,0.5,6.0,2004
Buffalo Bills,9,7,,.563,395,284,111,6.9,1.1,8.1,4.6,3.5,2004
Miami Dolphins,4,12,,.250,275,354,-79,-4.9,2.7,-2.2,-2.7,0.5,2004
Pittsburgh Steelers*,15,1,,.938,372,251,121,7.6,1.4,9.0,3.4,5.6,2004
Baltimore Ravens,9,7,,.563,317,268,49,3.1,3.1,6.1,-0.6,6.8,2004
Cincinnati Bengals,8,8,,.500,374,372,2,0.1,2.5,2.7,4.3,-1.6,2004
Cleveland Browns,4,12,,.250,276,390,-114,-7.1,3.7,-3.4,-1.5,-1.9,2004
Indianapolis Colts*,12,4,,.750,522,351,171,10.7,0.7,11.4,11.7,-0.3,2004
Jacksonville Jaguars,9,7,,.563,261,280,-19,-1.2,1.9,0.8,-5.7,6.4,2004
Houston Texans,7,9,,.438,309,339,-30,-1.9,1.2,-0.6,-2.4,1.8,2004
Tennessee Titans,5,11,,.313,344,439,-95,-5.9,1.5,-4.4,0.3,-4.6,2004
San Diego Chargers*,12,4,,.750,446,313,133,8.3,0.8,9.1,6.1,3.0,2004
Denver Broncos+,10,6,,.625,381,304,77,4.8,1.0,5.9,1.6,4.3,2004
Kansas City Chiefs,7,9,,.438,483,435,48,3.0,2.3,5.3,10.0,-4.7,2004
Oakland Raiders,5,11,,.313,320,442,-122,-7.6,3.4,-4.3,-0.6,-3.7,2004
Philadelphia Eagles*,13,3,,.813,386,260,126,7.9,-2.3,5.6,2.0,3.5,2004
New York Giants,6,10,,.375,303,347,-44,-2.8,-1.2,-3.9,-2.3,-1.6,2004
Dallas Cowboys,6,10,,.375,293,405,-112,-7.0,-0.8,-7.8,-3.0,-4.8,2004
Washington Redskins,6,10,,.375,240,265,-25,-1.6,-1.8,-3.4,-7.4,4.0,2004
Green Bay Packers*,10,6,,.625,424,380,44,2.8,-2.4,0.3,4.3,-4.0,2004
Minnesota Vikings+,8,8,,.500,405,395,10,0.6,-2.3,-1.7,3.0,-4.7,2004
Detroit Lions,6,10,,.375,296,350,-54,-3.4,-1.8,-5.2,-3.8,-1.4,2004
Chicago Bears,5,11,,.313,231,331,-100,-6.3,-2.0,-8.2,-8.5,0.3,2004
Atlanta Falcons*,11,5,,.688,340,337,3,0.2,-2.4,-2.2,-1.8,-0.4,2004
New Orleans Saints,8,8,,.500,348,405,-57,-3.6,-2.0,-5.6,-1.2,-4.3,2004
Carolina Panthers,7,9,,.438,355,339,16,1.0,-1.7,-0.7,-0.8,0.1,2004
Tampa Bay Buccaneers,5,11,,.313,301,304,-3,-0.2,-2.5,-2.7,-4.0,1.3,2004
Seattle Seahawks*,9,7,,.563,371,373,-2,-0.1,-2.8,-2.9,0.4,-3.3,2004
St. Louis Rams+,8,8,,.500,319,392,-73,-4.6,-1.4,-6.0,-2.2,-3.8,2004
Arizona Cardinals,6,10,,.375,284,322,-38,-2.4,-2.5,-4.9,-5.1,0.2,2004
San Francisco 49ers,2,14,,.125,259,452,-193,-12.1,-1.6,-13.6,-5.1,-8.6,2004
New England Patriots*,10,6,,.625,379,338,41,2.6,0.6,3.1,3.7,-0.5,2005
Miami Dolphins,9,7,,.563,318,317,1,0.1,-0.8,-0.8,-1.1,0.3,2005
Buffalo Bills,5,11,,.313,271,367,-96,-6.0,0.2,-5.8,-4.0,-1.8,2005
New York Jets,4,12,,.250,240,355,-115,-7.2,0.8,-6.4,-5.2,-1.2,2005
Cincinnati Bengals*,11,5,,.688,421,350,71,4.4,-0.6,3.8,6.5,-2.7,2005
Pittsburgh Steelers+,11,5,,.688,389,258,131,8.2,-0.4,7.8,3.8,4.0,2005
Baltimore Ravens,6,10,,.375,265,299,-34,-2.1,0.3,-1.8,-3.5,1.7,2005
Cleveland Browns,6,10,,.375,232,301,-69,-4.3,0.1,-4.2,-6.0,1.7,2005
Indianapolis Colts*,14,2,,.875,439,247,192,12.0,-1.2,10.8,5.6,5.2,2005
Jacksonville Jaguars+,12,4,,.750,361,269,92,5.8,-1.0,4.8,1.1,3.7,2005
Tennessee Titans,4,12,,.250,299,421,-122,-7.6,0.1,-7.6,-2.0,-5.5,2005
Houston Texans,2,14,,.125,260,431,-171,-10.7,0.7,-10.0,-4.4,-5.7,2005
Denver Broncos*,13,3,,.813,395,258,137,8.6,2.2,10.8,5.0,5.8,2005
Kansas City Chiefs,10,6,,.625,403,325,78,4.9,2.1,7.0,5.1,1.9,2005
San Diego Chargers,9,7,,.563,418,312,106,6.6,3.3,9.9,7.1,2.9,2005
Oakland Raiders,4,12,,.250,290,383,-93,-5.8,3.0,-2.8,-1.2,-1.6,2005
New York Giants*,11,5,,.688,422,314,108,6.8,0.7,7.5,5.8,1.7,2005
Washington Redskins+,10,6,,.625,359,293,66,4.1,1.9,6.0,2.6,3.4,2005
Dallas Cowboys,9,7,,.563,325,308,17,1.1,2.1,3.2,-0.1,3.2,2005
Philadelphia Eagles,6,10,,.375,310,388,-78,-4.9,2.6,-2.3,-0.7,-1.7,2005
Chicago Bears*,11,5,,.688,260,202,58,3.6,-2.2,1.4,-5.2,6.6,2005
Minnesota Vikings,9,7,,.563,306,344,-38,-2.4,-1.1,-3.5,-1.4,-2.1,2005
Detroit Lions,5,11,,.313,254,345,-91,-5.7,-1.0,-6.7,-4.3,-2.4,2005
Green Bay Packers,4,12,,.250,298,344,-46,-2.9,-0.8,-3.7,-1.5,-2.2,2005
Tampa Bay Buccaneers*,11,5,,.688,300,274,26,1.6,-2.6,-1.0,-2.8,1.8,2005
Carolina Panthers+,11,5,,.688,391,259,132,8.3,-3.2,5.1,3.0,2.1,2005
Atlanta Falcons,8,8,,.500,351,341,10,0.6,-1.9,-1.2,1.1,-2.3,2005
New Orleans Saints,3,13,,.188,235,398,-163,-10.2,-0.9,-11.1,-6.2,-4.9,2005
Seattle Seahawks*,13,3,,.813,452,271,181,11.3,-2.2,9.1,5.8,3.4,2005
St. Louis Rams,6,10,,.375,363,429,-66,-4.1,-1.0,-5.1,1.3,-6.4,2005
Arizona Cardinals,5,11,,.313,311,387,-76,-4.8,-0.2,-5.0,-2.0,-3.0,2005
San Francisco 49ers,4,12,,.250,239,428,-189,-11.8,0.7,-11.1,-5.6,-5.5,2005
New England Patriots*,12,4,,.750,385,237,148,9.3,1.0,10.2,4.3,5.9,2006
New York Jets+,10,6,,.625,316,295,21,1.3,0.7,2.0,0.4,1.7,2006
Buffalo Bills,7,9,,.438,300,311,-11,-0.7,2.9,2.2,-0.2,2.4,2006
Miami Dolphins,6,10,,.375,260,283,-23,-1.4,2.1,0.7,-3.3,4.0,2006
Baltimore Ravens*,13,3,,.813,353,201,152,9.5,-0.2,9.3,1.5,7.8,2006
Cincinnati Bengals,8,8,,.500,373,331,42,2.6,1.5,4.1,4.0,0.0,2006
Pittsburgh Steelers,8,8,,.500,353,315,38,2.4,1.0,3.4,3.0,0.4,2006
Cleveland Browns,4,12,,.250,238,356,-118,-7.4,1.5,-5.8,-4.5,-1.3,2006
Indianapolis Colts*,12,4,,.750,427,360,67,4.2,1.7,5.9,6.9,-1.1,2006
Tennessee Titans,8,8,,.500,324,400,-76,-4.8,3.5,-1.3,1.0,-2.3,2006
Jacksonville Jaguars,8,8,,.500,371,274,97,6.1,1.4,7.5,2.6,4.9,2006
Houston Texans,6,10,,.375,267,366,-99,-6.2,1.7,-4.5,-3.2,-1.3,2006
San Diego Chargers*,14,2,,.875,492,303,189,11.8,-1.6,10.2,10.0,0.2,2006
Kansas City Chiefs+,9,7,,.563,331,315,16,1.0,0.0,1.0,0.4,0.6,2006
Denver Broncos,9,7,,.563,319,305,14,0.9,0.4,1.3,-0.8,2.1,2006
Oakland Raiders,2,14,,.125,168,332,-164,-10.3,0.6,-9.6,-10.3,0.7,2006
Philadelphia Eagles*,10,6,,.625,398,328,70,4.4,-1.0,3.4,3.2,0.2,2006
Dallas Cowboys+,9,7,,.563,425,350,75,4.7,-1.0,3.7,5.0,-1.3,2006
New York Giants+,8,8,,.500,355,362,-7,-0.4,0.5,0.1,1.2,-1.1,2006
Washington Redskins,5,11,,.313,307,376,-69,-4.3,0.3,-4.0,-2.1,-2.0,2006
Chicago Bears*,13,3,,.813,427,255,172,10.8,-2.9,7.9,4.9,3.0,2006
Green Bay Packers,8,8,,.500,301,366,-65,-4.1,-0.4,-4.4,-2.3,-2.1,2006
Minnesota Vikings,6,10,,.375,282,327,-45,-2.8,-1.3,-4.1,-3.7,-0.4,2006
Detroit Lions,3,13,,.188,305,398,-93,-5.8,-0.5,-6.4,-1.8,-4.6,2006
New Orleans Saints*,10,6,,.625,413,322,91,5.7,-1.6,4.0,4.9,-0.9,2006
Carolina Panthers,8,8,,.500,270,305,-35,-2.2,-0.5,-2.7,-4.2,1.5,2006
Atlanta Falcons,7,9,,.438,292,328,-36,-2.3,-0.8,-3.0,-2.8,-0.2,2006
Tampa Bay Buccaneers,4,12,,.250,211,353,-142,-8.9,0.9,-7.9,-7.2,-0.8,2006
Seattle Seahawks*,9,7,,.563,335,341,-6,-0.4,-3.2,-3.6,-1.7,-1.9,2006
St. Louis Rams,8,8,,.500,367,381,-14,-0.9,-3.1,-4.0,0.8,-4.7,2006
San Francisco 49ers,7,9,,.438,298,412,-114,-7.1,-1.6,-8.7,-3.5,-5.2,2006
Arizona Cardinals,5,11,,.313,314,389,-75,-4.7,-2.2,-6.9,-2.6,-4.3,2006
New England Patriots*,16,0,,1.000,589,274,315,19.7,0.4,20.1,15.9,4.2,2007
Buffalo Bills,7,9,,.438,252,354,-102,-6.4,2.3,-4.1,-5.6,1.5,2007
New York Jets,4,12,,.250,268,355,-87,-5.4,1.7,-3.7,-4.0,0.3,2007
Miami Dolphins,1,15,,.063,267,437,-170,-10.6,2.3,-8.4,-4.1,-4.2,2007
Pittsburgh Steelers*,10,6,,.625,393,269,124,7.8,-2.5,5.2,0.9,4.3,2007
Cleveland Browns,10,6,,.625,402,382,20,1.3,-2.3,-1.1,2.2,-3.3,2007
Cincinnati Bengals,7,9,,.438,380,385,-5,-0.3,-2.1,-2.4,1.6,-4.0,2007
Baltimore Ravens,5,11,,.313,275,384,-109,-6.8,0.1,-6.7,-5.0,-1.8,2007
Indianapolis Colts*,13,3,,.813,450,262,188,11.8,0.3,12.0,6.6,5.4,2007
Jacksonville Jaguars+,11,5,,.688,411,304,107,6.7,0.1,6.8,4.8,2.0,2007
Tennessee Titans+,10,6,,.625,301,297,4,0.3,0.5,0.7,-2.9,3.6,2007
Houston Texans,8,8,,.500,379,384,-5,-0.3,0.3,0.0,2.5,-2.5,2007
San Diego Chargers*,11,5,,.688,412,284,128,8.0,0.8,8.8,4.3,4.5,2007
Denver Broncos,7,9,,.438,320,409,-89,-5.6,1.6,-3.9,-0.2,-3.8,2007
Kansas City Chiefs,4,12,,.250,226,335,-109,-6.8,1.4,-5.5,-7.4,1.9,2007
Oakland Raiders,4,12,,.250,283,398,-115,-7.2,1.2,-6.0,-3.5,-2.5,2007
Dallas Cowboys*,13,3,,.813,455,325,130,8.1,1.3,9.5,7.8,1.7,2007
New York Giants+,10,6,,.625,373,351,22,1.4,1.9,3.3,2.8,0.4,2007
Washington Redskins+,9,7,,.563,334,310,24,1.5,3.0,4.5,0.2,4.3,2007
Philadelphia Eagles,8,8,,.500,336,300,36,2.3,3.0,5.3,0.1,5.1,2007
Green Bay Packers*,13,3,,.813,435,291,144,9.0,0.0,9.0,5.7,3.3,2007
Minnesota Vikings,8,8,,.500,365,311,54,3.4,0.4,3.8,1.4,2.4,2007
Detroit Lions,7,9,,.438,346,444,-98,-6.1,2.6,-3.6,1.4,-5.0,2007
Chicago Bears,7,9,,.438,334,348,-14,-0.9,2.1,1.2,-0.2,1.4,2007
Tampa Bay Buccaneers*,9,7,,.563,334,270,64,4.0,-2.8,1.2,-2.3,3.6,2007
Carolina Panthers,7,9,,.438,267,347,-80,-5.0,-0.8,-5.8,-5.7,-0.1,2007
New Orleans Saints,7,9,,.438,379,388,-9,-0.6,-2.0,-2.5,1.9,-4.5,2007
Atlanta Falcons,4,12,,.250,259,414,-155,-9.7,-0.9,-10.6,-5.8,-4.8,2007
Seattle Seahawks*,10,6,,.625,393,291,102,6.4,-4.6,1.8,0.8,0.9,2007
Arizona Cardinals,8,8,,.500,404,399,5,0.3,-4.3,-3.9,1.9,-5.9,2007
San Francisco 49ers,5,11,,.313,219,364,-145,-9.1,-2.9,-11.9,-9.9,-2.0,2007
St. Louis Rams,3,13,,.188,263,438,-175,-10.9,-2.0,-13.0,-6.5,-6.5,2007
Miami Dolphins*,11,5,0,.688,345,317,28,1.8,-2.3,-0.5,-2.4,1.8,2008
New England Patriots,11,5,0,.688,410,309,101,6.3,-2.4,3.9,2.3,1.6,2008
New York Jets,9,7,0,.563,405,356,49,3.1,-2.8,0.2,2.2,-1.9,2008
Buffalo Bills,7,9,0,.438,336,342,-6,-0.4,-3.0,-3.3,-2.8,-0.6,2008
Pittsburgh Steelers*,12,4,0,.750,347,223,124,7.8,2.0,9.8,1.6,8.2,2008
Baltimore Ravens+,11,5,0,.688,385,244,141,8.8,1.0,9.8,4.2,5.6,2008
Cincinnati Bengals,4,11,1,.281,204,364,-160,-10.0,3.0,-7.0,-6.9,-0.1,2008
Cleveland Browns,4,12,0,.250,232,350,-118,-7.4,2.7,-4.6,-5.2,0.6,2008
Tennessee Titans*,13,3,0,.813,375,234,141,8.8,0.1,8.9,1.5,7.5,2008
Indianapolis Colts+,12,4,0,.750,377,298,79,4.9,1.6,6.5,2.6,3.9,2008
Houston Texans,8,8,0,.500,366,394,-28,-1.8,1.4,-0.4,2.8,-3.2,2008
Jacksonville Jaguars,5,11,0,.313,302,367,-65,-4.1,1.6,-2.5,-2.1,-0.4,2008
San Diego Chargers*,8,8,0,.500,439,347,92,5.8,-0.8,5.0,5.0,0.0,2008
Denver Broncos,8,8,0,.500,370,448,-78,-4.9,-0.9,-5.8,0.7,-6.5,2008
Oakland Raiders,5,11,0,.313,263,388,-125,-7.8,0.3,-7.5,-6.5,-1.0,2008
Kansas City Chiefs,2,14,0,.125,291,440,-149,-9.3,0.1,-9.2,-3.9,-5.3,2008
New York Giants*,12,4,0,.750,427,294,133,8.3,0.1,8.4,5.5,2.8,2008
Philadelphia Eagles+,9,6,1,.594,416,289,127,7.9,-0.1,7.8,4.7,3.2,2008
Dallas Cowboys,9,7,0,.563,362,365,-3,-0.2,0.8,0.6,1.7,-1.2,2008
Washington Redskins,8,8,0,.500,265,296,-31,-1.9,0.2,-1.8,-5.8,4.1,2008
Minnesota Vikings*,10,6,0,.625,379,333,46,2.9,1.2,4.0,1.1,2.9,2008
Chicago Bears,9,7,0,.563,375,350,25,1.6,0.5,2.1,1.1,1.0,2008
Green Bay Packers,6,10,0,.375,419,380,39,2.4,0.5,2.9,4.1,-1.2,2008
Detroit Lions,0,16,0,.000,268,517,-249,-15.6,2.5,-13.1,-4.0,-9.1,2008
Carolina Panthers*,12,4,0,.750,414,329,85,5.3,0.3,5.6,2.8,2.9,2008
Atlanta Falcons+,11,5,0,.688,391,325,66,4.1,-0.3,3.8,1.3,2.5,2008
Tampa Bay Buccaneers,9,7,0,.563,361,323,38,2.4,-0.1,2.3,-0.6,2.9,2008
New Orleans Saints,8,8,0,.500,463,393,70,4.4,-0.3,4.0,6.8,-2.8,2008
Arizona Cardinals*,9,7,0,.563,427,426,1,0.1,-1.9,-1.9,4.1,-6.0,2008
San Francisco 49ers,7,9,0,.438,339,381,-42,-2.6,-2.7,-5.3,-2.9,-2.4,2008
Seattle Seahawks,4,12,0,.250,294,392,-98,-6.1,-1.5,-7.6,-4.9,-2.8,2008
St. Louis Rams,2,14,0,.125,232,465,-233,-14.6,-0.5,-15.1,-8.1,-7.0,2008
New England Patriots*,10,6,,.625,427,285,142,8.9,2.3,11.2,6.7,4.5,2009
New York Jets+,9,7,,.563,348,236,112,7.0,1.6,8.6,1.1,7.5,2009
Miami Dolphins,7,9,,.438,360,390,-30,-1.9,3.6,1.7,2.9,-1.2,2009
Buffalo Bills,6,10,,.375,258,326,-68,-4.3,2.4,-1.8,-4.5,2.7,2009
Cincinnati Bengals*,10,6,,.625,305,291,14,0.9,-0.2,0.7,-2.5,3.2,2009
Baltimore Ravens+,9,7,,.563,391,261,130,8.1,-0.7,7.5,2.6,4.9,2009
Pittsburgh Steelers,9,7,,.563,368,324,44,2.8,-1.1,1.7,1.0,0.7,2009
Cleveland Browns,5,11,,.313,245,375,-130,-8.1,-0.3,-8.4,-6.0,-2.4,2009
Indianapolis Colts*,14,2,,.875,416,307,109,6.8,-0.9,5.9,4.4,1.5,2009
Houston Texans,9,7,,.563,388,333,55,3.4,-1.5,2.0,2.7,-0.7,2009
Tennessee Titans,8,8,,.500,354,402,-48,-3.0,0.2,-2.8,0.9,-3.6,2009
Jacksonville Jaguars,7,9,,.438,290,380,-90,-5.6,-0.9,-6.5,-3.8,-2.6,2009
San Diego Chargers*,13,3,,.813,454,320,134,8.4,-1.7,6.6,6.4,0.2,2009
Denver Broncos,8,8,,.500,326,324,2,0.1,0.2,0.3,-1.0,1.3,2009
Oakland Raiders,5,11,,.313,197,379,-182,-11.4,1.1,-10.3,-8.7,-1.6,2009
Kansas City Chiefs,4,12,,.250,294,424,-130,-8.1,-0.3,-8.4,-2.5,-5.9,2009
Dallas Cowboys*,11,5,,.688,361,250,111,6.9,0.2,7.1,0.4,6.7,2009
Philadelphia Eagles+,11,5,,.688,429,337,92,5.8,0.2,6.0,5.8,0.2,2009
New York Giants,8,8,,.500,402,427,-25,-1.6,1.6,0.1,4.6,-4.5,2009
Washington Redskins,4,12,,.250,266,336,-70,-4.4,-0.2,-4.6,-5.5,1.0,2009
Minnesota Vikings*,12,4,,.750,470,312,158,9.9,-2.7,7.2,6.6,0.6,2009
Green Bay Packers+,11,5,,.688,461,297,164,10.3,-2.9,7.4,6.3,1.1,2009
Chicago Bears,7,9,,.438,327,375,-48,-3.0,-0.9,-3.9,-1.9,-2.0,2009
Detroit Lions,2,14,,.125,262,494,-232,-14.5,0.1,-14.4,-5.2,-9.2,2009
New Orleans Saints*,13,3,,.813,510,341,169,10.6,0.2,10.8,11.2,-0.5,2009
Atlanta Falcons,9,7,,.563,363,325,38,2.4,2.7,5.0,2.7,2.3,2009
Carolina Panthers,8,8,,.500,315,308,7,0.4,3.5,3.9,-0.6,4.5,2009
Tampa Bay Buccaneers,3,13,,.188,244,400,-156,-9.8,4.1,-5.6,-4.6,-1.1,2009
Arizona Cardinals*,10,6,,.625,375,325,50,3.1,-3.4,-0.3,0.1,-0.4,2009
San Francisco 49ers,8,8,,.500,330,281,49,3.1,-3.0,0.1,-2.9,3.0,2009
Seattle Seahawks,5,11,,.313,280,390,-110,-6.9,-2.4,-9.3,-5.0,-4.4,2009
St. Louis Rams,1,15,,.063,175,436,-261,-16.3,-1.1,-17.4,-11.7,-5.8,2009
New England Patriots*,14,2,,.875,518,313,205,12.8,2.6,15.4,12.6,2.8,2010
New York Jets+,11,5,,.688,367,304,63,3.9,2.5,6.5,2.2,4.2,2010
Miami Dolphins,7,9,,.438,273,333,-60,-3.8,4.1,0.3,-2.8,3.1,2010
Buffalo Bills,4,12,,.250,283,425,-142,-8.9,4.3,-4.6,-1.5,-3.1,2010
Pittsburgh Steelers*,12,4,,.750,375,232,143,8.9,1.3,10.2,2.5,7.7,2010
Baltimore Ravens+,12,4,,.750,357,270,87,5.4,1.0,6.4,0.9,5.5,2010
Cleveland Browns,5,11,,.313,271,332,-61,-3.8,2.3,-1.5,-3.4,2.0,2010
Cincinnati Bengals,4,12,,.250,322,395,-73,-4.6,3.1,-1.4,0.4,-1.9,2010
Indianapolis Colts*,10,6,,.625,435,388,47,2.9,-0.1,2.9,3.7,-0.9,2010
Jacksonville Jaguars,8,8,,.500,353,419,-66,-4.1,-0.4,-4.5,-1.2,-3.3,2010
Houston Texans,6,10,,.375,390,427,-37,-2.3,0.5,-1.8,1.8,-3.7,2010
Tennessee Titans,6,10,,.375,356,339,17,1.1,0.0,1.0,-0.9,1.9,2010
Kansas City Chiefs*,10,6,,.625,366,326,40,2.5,-3.2,-0.7,-1.5,0.8,2010
San Diego Chargers,9,7,,.563,441,322,119,7.4,-2.6,4.8,3.2,1.6,2010
Oakland Raiders,8,8,,.500,410,371,39,2.4,-2.3,0.2,2.3,-2.2,2010
Denver Broncos,4,12,,.250,344,471,-127,-7.9,-1.0,-8.9,-1.1,-7.8,2010
Philadelphia Eagles*,10,6,,.625,439,377,62,3.9,0.3,4.2,5.4,-1.2,2010
New York Giants,10,6,,.625,394,347,47,2.9,-0.8,2.1,1.7,0.4,2010
Dallas Cowboys,6,10,,.375,394,436,-42,-2.6,0.5,-2.2,2.5,-4.7,2010
Washington Redskins,6,10,,.375,302,377,-75,-4.7,0.9,-3.8,-3.4,-0.5,2010
Chicago Bears*,11,5,,.688,334,286,48,3.0,1.1,4.1,-0.6,4.7,2010
Green Bay Packers+,10,6,,.625,388,240,148,9.3,1.7,10.9,3.1,7.9,2010
Detroit Lions,6,10,,.375,362,369,-7,-0.4,2.3,1.9,2.4,-0.5,2010
Minnesota Vikings,6,10,,.375,281,348,-67,-4.2,2.6,-1.6,-3.3,1.7,2010
Atlanta Falcons*,13,3,,.813,414,288,126,7.9,-1.8,6.1,3.8,2.2,2010
New Orleans Saints+,11,5,,.688,384,307,77,4.8,-2.5,2.3,1.5,0.8,2010
Tampa Bay Buccaneers,10,6,,.625,341,318,23,1.4,-2.0,-0.6,-1.0,0.4,2010
Carolina Panthers,2,14,,.125,196,408,-212,-13.3,0.1,-13.2,-9.1,-4.1,2010
Seattle Seahawks*,7,9,,.438,310,407,-97,-6.1,-3.4,-9.4,-3.9,-5.5,2010
St. Louis Rams,7,9,,.438,289,328,-39,-2.4,-4.2,-6.7,-6.3,-0.4,2010
San Francisco 49ers,6,10,,.375,305,346,-41,-2.6,-3.3,-5.8,-4.7,-1.1,2010
Arizona Cardinals,5,11,,.313,289,434,-145,-9.1,-3.6,-12.7,-5.6,-7.1,2010
New England Patriots*,13,3,,.813,513,342,171,10.7,-1.4,9.3,9.4,-0.1,2011
New York Jets,8,8,,.500,377,363,14,0.9,0.0,0.9,1.2,-0.3,2011
Miami Dolphins,6,10,,.375,329,313,16,1.0,-0.1,0.9,-2.2,3.2,2011
Buffalo Bills,6,10,,.375,372,434,-62,-3.9,0.5,-3.4,1.2,-4.5,2011
Baltimore Ravens*,12,4,,.750,378,266,112,7.0,-0.9,6.1,2.6,3.5,2011
Pittsburgh Steelers+,12,4,,.750,325,227,98,6.1,-0.8,5.3,-0.8,6.0,2011
Cincinnati Bengals+,9,7,,.563,344,323,21,1.3,-0.9,0.5,0.7,-0.2,2011
Cleveland Browns,4,12,,.250,218,307,-89,-5.6,0.2,-5.4,-7.2,1.8,2011
Houston Texans*,10,6,,.625,381,278,103,6.4,-1.9,4.5,1.4,3.2,2011
Tennessee Titans,9,7,,.563,325,317,8,0.5,-1.5,-1.0,-2.2,1.2,2011
Jacksonville Jaguars,5,11,,.313,243,329,-86,-5.4,-0.3,-5.6,-7.1,1.4,2011
Indianapolis Colts,2,14,,.125,243,430,-187,-11.7,0.4,-11.3,-6.0,-5.3,2011
Denver Broncos*,8,8,,.500,309,390,-81,-5.1,-0.2,-5.3,-3.6,-1.7,2011
San Diego Chargers,8,8,,.500,406,377,29,1.8,-0.9,0.9,2.7,-1.8,2011
Oakland Raiders,8,8,,.500,359,433,-74,-4.6,-0.3,-4.9,0.2,-5.1,2011
Kansas City Chiefs,7,9,,.438,212,338,-126,-7.9,-0.2,-8.1,-10.2,2.1,2011
New York Giants*,9,7,,.563,394,400,-6,-0.4,2.0,1.6,3.1,-1.5,2011
Philadelphia Eagles,8,8,,.500,396,328,68,4.3,0.5,4.7,3.1,1.7,2011
Dallas Cowboys,8,8,,.500,369,347,22,1.4,0.3,1.6,0.7,0.9,2011
Washington Redskins,5,11,,.313,288,367,-79,-4.9,0.8,-4.1,-4.3,0.2,2011
Green Bay Packers*,15,1,,.938,560,359,201,12.6,-1.2,11.4,11.5,-0.1,2011
Detroit Lions+,10,6,,.625,474,387,87,5.4,0.6,6.1,6.9,-0.8,2011
Chicago Bears,8,8,,.500,353,341,12,0.8,0.9,1.7,-1.5,3.1,2011
Minnesota Vikings,3,13,,.188,340,449,-109,-6.8,1.1,-5.7,-1.6,-4.1,2011
New Orleans Saints*,13,3,,.813,547,339,208,13.0,-1.6,11.4,10.6,0.8,2011
Atlanta Falcons+,10,6,,.625,402,350,52,3.3,0.3,3.5,1.8,1.7,2011
Carolina Panthers,6,10,,.375,406,429,-23,-1.4,0.1,-1.3,2.6,-3.9,2011
Tampa Bay Buccaneers,4,12,,.250,287,494,-207,-12.9,2.3,-10.6,-4.0,-6.6,2011
San Francisco 49ers*,13,3,,.813,380,229,151,9.4,-1.1,8.3,1.7,6.6,2011
Arizona Cardinals,8,8,,.500,312,348,-36,-2.3,0.0,-2.2,-1.7,-0.5,2011
Seattle Seahawks,7,9,,.438,321,315,6,0.4,0.4,0.8,-0.5,1.3,2011
St. Louis Rams,2,14,,.125,193,407,-214,-13.4,2.9,-10.4,-8.4,-2.1,2011
New England Patriots*,12,4,0,.750,557,331,226,14.1,-1.4,12.8,12.2,0.5,2012
Miami Dolphins,7,9,0,.438,288,317,-29,-1.8,-0.8,-2.6,-5.5,2.9,2012
New York Jets,6,10,0,.375,281,375,-94,-5.9,0.0,-5.9,-5.1,-0.9,2012
Buffalo Bills,6,10,0,.375,344,435,-91,-5.7,-1.0,-6.7,-0.9,-5.8,2012
Baltimore Ravens*,10,6,0,.625,398,344,54,3.4,-0.5,2.9,1.9,1.0,2012
Cincinnati Bengals+,10,6,0,.625,391,320,71,4.4,-2.4,2.1,1.2,0.9,2012
Pittsburgh Steelers,8,8,0,.500,336,314,22,1.4,-2.0,-0.7,-2.8,2.1,2012
Cleveland Browns,5,11,0,.313,302,368,-66,-4.1,-1.2,-5.3,-4.6,-0.7,2012
Houston Texans*,12,4,0,.750,416,331,85,5.3,-1.8,3.5,1.8,1.7,2012
Indianapolis Colts+,11,5,0,.688,357,387,-30,-1.9,-2.8,-4.7,-1.9,-2.8,2012
Tennessee Titans,6,10,0,.375,330,471,-141,-8.8,-1.2,-10.0,-2.6,-7.4,2012
Jacksonville Jaguars,2,14,0,.125,255,444,-189,-11.8,-1.1,-13.0,-8.1,-4.9,2012
Denver Broncos*,13,3,0,.813,481,289,192,12.0,-1.9,10.1,6.3,3.8,2012
San Diego Chargers,7,9,0,.438,350,350,0,0.0,-2.3,-2.3,-2.0,-0.4,2012
Oakland Raiders,4,12,0,.250,290,443,-153,-9.6,-1.3,-10.8,-4.6,-6.2,2012
Kansas City Chiefs,2,14,0,.125,211,425,-214,-13.4,-0.6,-14.0,-10.3,-3.7,2012
Washington Redskins*,10,6,0,.625,436,388,48,3.0,0.4,3.4,4.6,-1.2,2012
New York Giants,9,7,0,.563,429,344,85,5.3,0.9,6.2,4.0,2.2,2012
Dallas Cowboys,8,8,0,.500,376,400,-24,-1.5,1.8,0.3,1.4,-1.2,2012
Philadelphia Eagles,4,12,0,.250,280,444,-164,-10.3,1.4,-8.9,-5.3,-3.6,2012
Green Bay Packers*,11,5,0,.688,433,336,97,6.1,1.2,7.3,4.9,2.4,2012
Minnesota Vikings+,10,6,0,.625,379,348,31,1.9,1.4,3.4,1.6,1.8,2012
Chicago Bears,10,6,0,.625,375,277,98,6.1,0.8,6.9,1.0,6.0,2012
Detroit Lions,4,12,0,.250,372,437,-65,-4.1,1.8,-2.3,2.1,-4.4,2012
Atlanta Falcons*,13,3,0,.813,419,299,120,7.5,-1.1,6.4,2.0,4.5,2012
Carolina Panthers,7,9,0,.438,357,363,-6,-0.4,1.2,0.8,-0.5,1.3,2012
New Orleans Saints,7,9,0,.438,461,454,7,0.4,1.0,1.4,6.5,-5.1,2012
Tampa Bay Buccaneers,7,9,0,.438,389,394,-5,-0.3,0.3,0.0,1.3,-1.3,2012
San Francisco 49ers*,11,4,1,.719,397,273,124,7.8,2.5,10.2,3.5,6.7,2012
Seattle Seahawks+,11,5,0,.688,412,245,167,10.4,1.8,12.2,4.5,7.7,2012
St. Louis Rams,7,8,1,.469,299,348,-49,-3.1,3.4,0.4,-2.1,2.4,2012
Arizona Cardinals,5,11,0,.313,250,357,-107,-6.7,3.5,-3.2,-4.8,1.6,2012
New England Patriots*,12,4,0,.750,444,338,106,6.6,-0.7,5.9,4.5,1.4,2013
New York Jets,8,8,0,.500,290,387,-97,-6.1,0.0,-6.1,-4.7,-1.4,2013
Miami Dolphins,8,8,0,.500,317,335,-18,-1.1,0.3,-0.8,-2.9,2.1,2013
Buffalo Bills,6,10,0,.375,339,388,-49,-3.1,-0.1,-3.2,-1.3,-1.9,2013
Cincinnati Bengals*,11,5,0,.688,430,305,125,7.8,-2.5,5.4,2.3,3.0,2013
Pittsburgh Steelers,8,8,0,.500,379,370,9,0.6,-2.5,-2.0,-0.9,-1.0,2013
Baltimore Ravens,8,8,0,.500,320,352,-32,-2.0,-1.5,-3.5,-5.0,1.4,2013
Cleveland Browns,4,12,0,.250,308,406,-98,-6.1,-1.6,-7.7,-4.8,-2.9,2013
Indianapolis Colts*,11,5,0,.688,391,336,55,3.4,0.6,4.0,1.7,2.3,2013
Tennessee Titans,7,9,0,.438,362,381,-19,-1.2,0.4,-0.8,-0.2,-0.6,2013
Jacksonville Jaguars,4,12,0,.250,247,449,-202,-12.6,1.5,-11.1,-7.1,-4.0,2013
Houston Texans,2,14,0,.125,276,428,-152,-9.5,1.9,-7.6,-5.0,-2.6,2013
Denver Broncos*,13,3,0,.813,606,399,207,12.9,-1.6,11.4,14.1,-2.7,2013
Kansas City Chiefs+,11,5,0,.688,430,305,125,7.8,-1.7,6.1,1.7,4.3,2013
San Diego Chargers+,9,7,0,.563,396,348,48,3.0,-0.3,2.7,0.5,2.1,2013
Oakland Raiders,4,12,0,.250,322,453,-131,-8.2,0.2,-8.0,-3.8,-4.2,2013
Philadelphia Eagles*,10,6,0,.625,442,382,60,3.8,-1.9,1.9,2.3,-0.5,2013
Dallas Cowboys,8,8,0,.500,439,432,7,0.4,-1.1,-0.7,2.7,-3.4,2013
New York Giants,7,9,0,.438,294,383,-89,-5.6,0.2,-5.4,-6.2,0.8,2013
Washington Redskins,3,13,0,.188,334,478,-144,-9.0,-0.3,-9.3,-3.9,-5.4,2013
Green Bay Packers*,8,7,1,.531,417,428,-11,-0.7,-2.4,-3.1,0.5,-3.6,2013
Chicago Bears,8,8,0,.500,445,478,-33,-2.1,-2.1,-4.1,3.0,-7.1,2013
Detroit Lions,7,9,0,.438,395,376,19,1.2,-2.8,-1.6,-1.2,-0.5,2013
Minnesota Vikings,5,10,1,.344,391,480,-89,-5.6,-1.1,-6.6,0.2,-6.9,2013
Carolina Panthers*,12,4,0,.750,366,241,125,7.8,1.4,9.2,0.6,8.6,2013
New Orleans Saints+,11,5,0,.688,414,304,110,6.9,1.9,8.8,3.8,5.0,2013
Atlanta Falcons,4,12,0,.250,353,443,-90,-5.6,2.9,-2.8,1.2,-3.9,2013
Tampa Bay Buccaneers,4,12,0,.250,288,389,-101,-6.3,3.6,-2.7,-2.9,0.3,2013
Seattle Seahawks*,13,3,0,.813,417,231,186,11.6,1.4,13.0,4.1,8.9,2013
San Francisco 49ers+,12,4,0,.750,406,272,134,8.4,1.8,10.1,3.5,6.6,2013
Arizona Cardinals,10,6,0,.625,379,324,55,3.4,3.0,6.4,2.7,3.7,2013
St. Louis Rams,7,9,0,.438,348,364,-16,-1.0,3.2,2.2,0.4,1.8,2013
New England Patriots*,12,4,0,.750,468,313,155,9.7,1.3,10.9,7.5,3.5,2014
Buffalo Bills,9,7,0,.563,343,289,54,3.4,1.6,4.9,-0.4,5.3,2014
Miami Dolphins,8,8,0,.500,388,373,15,0.9,1.6,2.6,2.9,-0.4,2014
New York Jets,4,12,0,.250,283,401,-118,-7.4,2.3,-5.0,-4.0,-1.0,2014
Pittsburgh Steelers*,11,5,0,.688,436,368,68,4.3,-2.0,2.2,4.4,-2.1,2014
Cincinnati Bengals+,10,5,1,.656,365,344,21,1.3,-0.6,0.7,-0.5,1.3,2014
Baltimore Ravens+,10,6,0,.625,409,302,107,6.7,-2.1,4.6,1.8,2.8,2014
Cleveland Browns,7,9,0,.438,299,337,-38,-2.4,-1.5,-3.9,-4.8,0.9,2014
Indianapolis Colts*,11,5,0,.688,458,369,89,5.6,-1.1,4.4,5.2,-0.8,2014
Houston Texans,9,7,0,.563,372,307,65,4.1,-2.3,1.7,-0.8,2.5,2014
Jacksonville Jaguars,3,13,0,.188,249,412,-163,-10.2,-0.3,-10.5,-7.8,-2.7,2014
Tennessee Titans,2,14,0,.125,254,438,-184,-11.5,-0.3,-11.8,-7.0,-4.9,2014
Denver Broncos*,12,4,0,.750,482,354,128,8.0,1.6,9.6,9.2,0.4,2014
Kansas City Chiefs,9,7,0,.563,353,281,72,4.5,1.2,5.7,0.0,5.7,2014
San Diego Chargers,9,7,0,.563,348,348,0,0.0,1.9,1.9,0.7,1.2,2014
Oakland Raiders,3,13,0,.188,253,452,-199,-12.4,3.4,-9.0,-4.3,-4.7,2014
Dallas Cowboys*,12,4,0,.750,467,352,115,7.2,-1.8,5.4,5.3,0.1,2014
Philadelphia Eagles,10,6,0,.625,474,400,74,4.6,-0.7,3.9,6.6,-2.7,2014
New York Giants,6,10,0,.375,380,400,-20,-1.3,-0.4,-1.7,0.8,-2.5,2014
Washington Redskins,4,12,0,.250,301,438,-137,-8.6,-0.2,-8.7,-4.0,-4.7,2014
Green Bay Packers*,12,4,0,.750,486,348,138,8.6,-0.3,8.3,7.9,0.4,2014
Detroit Lions+,11,5,0,.688,321,282,39,2.4,-0.4,2.1,-3.2,5.2,2014
Minnesota Vikings,7,9,0,.438,325,343,-18,-1.1,-0.5,-1.7,-2.8,1.1,2014
Chicago Bears,5,11,0,.313,319,442,-123,-7.7,1.0,-6.7,-2.0,-4.7,2014
Carolina Panthers*,7,8,1,.469,339,374,-35,-2.2,-0.9,-3.1,-2.4,-0.7,2014
New Orleans Saints,7,9,0,.438,401,424,-23,-1.4,-1.5,-2.9,1.9,-4.8,2014
Atlanta Falcons,6,10,0,.375,381,417,-36,-2.3,-1.6,-3.8,0.6,-4.4,2014
Tampa Bay Buccaneers,2,14,0,.125,277,410,-133,-8.3,-1.5,-9.8,-6.5,-3.3,2014
Seattle Seahawks*,12,4,0,.750,394,254,140,8.8,0.8,9.5,2.4,7.1,2014
Arizona Cardinals+,11,5,0,.688,310,299,11,0.7,1.3,2.0,-2.4,4.4,2014
San Francisco 49ers,8,8,0,.500,306,340,-34,-2.1,1.2,-1.0,-3.0,2.1,2014
St. Louis Rams,6,10,0,.375,324,354,-30,-1.9,1.0,-0.8,-1.2,0.4,2014
New England Patriots*,12,4,,.750,465,315,150,9.4,-2.4,7.0,5.3,1.7,2015
New York Jets,10,6,,.625,387,314,73,4.6,-3.0,1.5,-0.5,2.0,2015
Buffalo Bills,8,8,,.500,379,359,20,1.3,-1.2,0.0,0.3,-0.2,2015
Miami Dolphins,6,10,,.375,310,389,-79,-4.9,-1.9,-6.8,-4.7,-2.2,2015
Cincinnati Bengals*,12,4,,.750,419,279,140,8.8,1.9,10.6,4.8,5.8,2015
Pittsburgh Steelers+,10,6,,.625,423,319,104,6.5,2.2,8.7,5.1,3.6,2015
Baltimore Ravens,5,11,,.313,328,401,-73,-4.6,2.6,-1.9,-0.7,-1.2,2015
Cleveland Browns,3,13,,.188,278,432,-154,-9.6,3.5,-6.1,-3.2,-2.9,2015
Houston Texans*,9,7,,.563,339,313,26,1.6,-2.4,-0.8,-3.3,2.6,2015
Indianapolis Colts,8,8,,.500,333,408,-75,-4.7,-2.0,-6.7,-3.1,-3.6,2015
Jacksonville Jaguars,5,11,,.313,376,448,-72,-4.5,-3.0,-7.5,-0.7,-6.9,2015
Tennessee Titans,3,13,,.188,299,423,-124,-7.8,-2.8,-10.5,-5.9,-4.6,2015
Denver Broncos*,12,4,,.750,355,296,59,3.7,2.1,5.8,0.3,5.5,2015
Kansas City Chiefs+,11,5,,.688,405,287,118,7.4,1.6,9.0,3.7,5.3,2015
Oakland Raiders,7,9,,.438,359,399,-40,-2.5,2.3,-0.2,1.4,-1.6,2015
San Diego Chargers,4,12,,.250,320,398,-78,-4.9,2.2,-2.6,-1.5,-1.1,2015
Washington Redskins*,9,7,,.563,388,379,9,0.6,-2.5,-1.9,-0.2,-1.8,2015
Philadelphia Eagles,7,9,,.438,377,430,-53,-3.3,-1.3,-4.6,-0.6,-4.0,2015
New York Giants,6,10,,.375,420,442,-22,-1.4,-2.2,-3.6,2.5,-6.1,2015
Dallas Cowboys,4,12,,.250,275,374,-99,-6.2,-0.7,-6.9,-7.0,0.1,2015
Minnesota Vikings*,11,5,,.688,365,302,63,3.9,1.9,5.8,1.1,4.7,2015
Green Bay Packers+,10,6,,.625,368,323,45,2.8,2.5,5.3,2.0,3.3,2015
Detroit Lions,7,9,,.438,358,400,-42,-2.6,2.4,-0.2,1.0,-1.3,2015
Chicago Bears,6,10,,.375,335,397,-62,-3.9,2.6,-1.3,-0.1,-1.2,2015
Carolina Panthers*,15,1,,.938,500,308,192,12.0,-3.9,8.1,6.0,2.1,2015
Atlanta Falcons,8,8,,.500,339,345,-6,-0.4,-3.4,-3.8,-4.0,0.3,2015
New Orleans Saints,7,9,,.438,408,476,-68,-4.3,-2.3,-6.6,1.1,-7.6,2015
Tampa Bay Buccaneers,6,10,,.375,342,417,-75,-4.7,-3.0,-7.7,-3.5,-4.2,2015
Arizona Cardinals*,13,3,,.813,489,313,176,11.0,1.3,12.3,9.0,3.4,2015
Seattle Seahawks+,10,6,,.625,423,277,146,9.1,2.2,11.3,5.4,6.0,2015
St. Louis Rams,7,9,,.438,280,330,-50,-3.1,3.0,-0.2,-3.8,3.6,2015
San Francisco 49ers,5,11,,.313,238,387,-149,-9.3,3.8,-5.5,-6.0,0.5,2015
New England Patriots*,14,2,0,.875,441,250,191,11.9,-2.7,9.3,4.3,5.0,2016
Miami Dolphins+,10,6,0,.625,363,380,-17,-1.1,-1.3,-2.4,-0.6,-1.8,2016
Buffalo Bills,7,9,0,.438,399,378,21,1.3,-1.6,-0.3,1.8,-2.2,2016
New York Jets,5,11,0,.313,275,409,-134,-8.4,-0.1,-8.5,-5.5,-3.0,2016
Pittsburgh Steelers*,11,5,0,.688,399,327,72,4.5,0.2,4.7,2.8,2.0,2016
Baltimore Ravens,8,8,0,.500,343,321,22,1.4,0.2,1.5,-1.1,2.6,2016
Cincinnati Bengals,6,9,1,.406,325,315,10,0.6,0.4,1.0,-1.5,2.5,2016
Cleveland Browns,1,15,0,.063,264,452,-188,-11.8,1.7,-10.1,-5.2,-4.9,2016
Houston Texans*,9,7,0,.563,279,328,-49,-3.1,0.4,-2.6,-5.3,2.7,2016
Tennessee Titans,9,7,0,.563,381,378,3,0.2,-1.2,-1.0,0.7,-1.7,2016
Indianapolis Colts,8,8,0,.500,411,392,19,1.2,-0.8,0.4,3.1,-2.7,2016
Jacksonville Jaguars,3,13,0,.188,318,400,-82,-5.1,0.2,-5.0,-2.7,-2.3,2016
Kansas City Chiefs*,12,4,0,.750,389,311,78,4.9,0.7,5.6,1.2,4.4,2016
Oakland Raiders+,12,4,0,.750,416,385,31,1.9,1.3,3.3,3.5,-0.3,2016
Denver Broncos,9,7,0,.563,333,297,36,2.3,1.8,4.0,-2.0,6.1,2016
San Diego Chargers,5,11,0,.313,410,423,-13,-0.8,0.9,0.1,3.0,-3.0,2016
Dallas Cowboys*,13,3,0,.813,421,306,115,7.2,-0.2,7.0,4.1,2.9,2016
New York Giants+,11,5,0,.688,310,284,26,1.6,0.5,2.1,-3.2,5.4,2016
Washington Redskins,8,7,1,.531,396,383,13,0.8,1.2,2.0,3.3,-1.3,2016
Philadelphia Eagles,7,9,0,.438,367,331,36,2.3,1.6,3.8,1.3,2.5,2016
Green Bay Packers*,10,6,0,.625,432,388,44,2.8,0.1,2.8,4.9,-2.0,2016
Detroit Lions+,9,7,0,.563,346,358,-12,-0.8,-0.6,-1.4,-1.3,-0.1,2016
Minnesota Vikings,8,8,0,.500,327,307,20,1.3,-0.3,0.9,-2.6,3.6,2016
Chicago Bears,3,13,0,.188,279,399,-120,-7.5,0.0,-7.5,-5.2,-2.3,2016
Atlanta Falcons*,11,5,0,.688,540,406,134,8.4,0.1,8.5,10.5,-2.0,2016
Tampa Bay Buccaneers,9,7,0,.563,354,369,-15,-0.9,0.7,-0.2,-1.5,1.3,2016
New Orleans Saints,7,9,0,.438,469,454,15,0.9,0.6,1.5,6.8,-5.3,2016
Carolina Panthers,6,10,0,.375,369,402,-33,-2.1,1.1,-1.0,-0.2,-0.8,2016
Seattle Seahawks*,10,5,1,.656,354,292,62,3.9,-1.7,2.1,-2.4,4.5,2016
Arizona Cardinals,7,8,1,.469,418,362,56,3.5,-1.9,1.6,2.4,-0.8,2016
Los Angeles Rams,4,12,0,.250,224,394,-170,-10.6,-0.5,-11.1,-9.5,-1.6,2016
San Francisco 49ers,2,14,0,.125,309,480,-171,-10.7,-0.5,-11.2,-3.7,-7.5,2016
New England Patriots*,13,3,,.813,458,296,162,10.1,-1.2,8.9,6.3,2.6,2017
Buffalo Bills+,9,7,,.563,302,359,-57,-3.6,-0.5,-4.0,-3.0,-1.0,2017
Miami Dolphins,6,10,,.375,281,393,-112,-7.0,0.7,-6.3,-3.9,-2.4,2017
New York Jets,5,11,,.313,298,382,-84,-5.3,0.3,-4.9,-2.9,-2.1,2017
Pittsburgh Steelers*,13,3,,.813,406,308,98,6.1,-1.1,5.0,3.2,1.8,2017
Baltimore Ravens,9,7,,.563,395,303,92,5.8,-2.4,3.4,2.2,1.2,2017
Cincinnati Bengals,7,9,,.438,290,349,-59,-3.7,-1.3,-5.0,-4.1,-0.9,2017
Cleveland Browns,0,16,,.000,234,410,-176,-11.0,0.0,-11.0,-6.8,-4.1,2017
Jacksonville Jaguars*,10,6,,.625,417,268,149,9.3,-2.8,6.5,3.0,3.6,2017
Tennessee Titans+,9,7,,.563,334,356,-22,-1.4,-2.1,-3.5,-2.0,-1.5,2017
Indianapolis Colts,4,12,,.250,263,404,-141,-8.8,-1.3,-10.1,-6.1,-4.0,2017
Houston Texans,4,12,,.250,338,436,-98,-6.1,-0.3,-6.4,-0.8,-5.6,2017
Kansas City Chiefs*,10,6,,.625,415,339,76,4.8,-1.3,3.4,3.8,-0.3,2017
Los Angeles Chargers,9,7,,.563,355,272,83,5.2,-1.5,3.6,-0.3,4.0,2017
Oakland Raiders,6,10,,.375,301,373,-72,-4.5,-0.2,-4.7,-3.0,-1.8,2017
Denver Broncos,5,11,,.313,289,382,-93,-5.8,-0.9,-6.7,-3.9,-2.9,2017
Philadelphia Eagles*,13,3,,.813,457,295,162,10.1,-0.7,9.4,7.0,2.5,2017
Dallas Cowboys,9,7,,.563,354,332,22,1.4,0.2,1.6,0.4,1.2,2017
Washington Redskins,7,9,,.438,342,388,-46,-2.9,1.6,-1.3,0.5,-1.8,2017
New York Giants,3,13,,.188,246,388,-142,-8.9,1.3,-7.6,-6.4,-1.2,2017
Minnesota Vikings*,13,3,,.813,382,252,130,8.1,1.0,9.1,2.3,6.8,2017
Detroit Lions,9,7,,.563,410,376,34,2.1,0.6,2.7,5.2,-2.5,2017
Green Bay Packers,7,9,,.438,320,384,-64,-4.0,2.1,-1.9,-0.3,-1.6,2017
Chicago Bears,5,11,,.313,264,320,-56,-3.5,2.2,-1.3,-4.6,3.3,2017
New Orleans Saints*,11,5,,.688,448,326,122,7.6,1.5,9.2,7.0,2.2,2017
Carolina Panthers+,11,5,,.688,363,327,36,2.3,2.1,4.3,1.7,2.7,2017
Atlanta Falcons+,10,6,,.625,353,315,38,2.4,1.9,4.3,1.1,3.2,2017
Tampa Bay Buccaneers,5,11,,.313,335,382,-47,-2.9,1.7,-1.3,0.4,-1.7,2017
Los Angeles Rams*,11,5,,.688,478,329,149,9.3,-0.2,9.2,8.2,1.0,2017
Seattle Seahawks,9,7,,.563,366,332,34,2.1,-0.2,1.9,0.7,1.2,2017
Arizona Cardinals,8,8,,.500,295,361,-66,-4.1,0.4,-3.7,-4.0,0.2,2017
San Francisco 49ers,6,10,,.375,331,383,-52,-3.3,0.4,-2.9,-0.8,-2.1,2017
New England Patriots*,11,5,0,.688,436,325,111,6.9,-1.8,5.2,3.1,2.1,2018
Miami Dolphins,7,9,0,.438,319,433,-114,-7.1,-1.7,-8.8,-3.6,-5.2,2018
Buffalo Bills,6,10,0,.375,269,374,-105,-6.6,-0.3,-6.9,-6.3,-0.6,2018
New York Jets,4,12,0,.250,333,441,-108,-6.8,-1.1,-7.8,-2.0,-5.9,2018
Baltimore Ravens*,10,6,0,.625,389,287,102,6.4,0.6,7.0,0.6,6.4,2018
Pittsburgh Steelers,9,6,1,.594,428,360,68,4.3,1.3,5.6,3.9,1.7,2018
Cleveland Browns,7,8,1,.469,359,392,-33,-2.1,1.7,-0.3,-1.0,0.6,2018
Cincinnati Bengals,6,10,0,.375,368,455,-87,-5.4,2.0,-3.4,0.0,-3.4,2018
Houston Texans*,11,5,0,.688,402,316,86,5.4,-1.5,3.8,2.4,1.4,2018
Indianapolis Colts+,10,6,0,.625,433,344,89,5.6,-2.2,3.4,3.9,-0.6,2018
Tennessee Titans,9,7,0,.563,310,303,7,0.4,-0.2,0.2,-3.2,3.5,2018
Jacksonville Jaguars,5,11,0,.313,245,316,-71,-4.4,0.4,-4.0,-8.1,4.0,2018
Kansas City Chiefs*,12,4,0,.750,565,421,144,9.0,-0.1,8.9,12.6,-3.8,2018
Los Angeles Chargers+,12,4,0,.750,428,329,99,6.2,-0.2,6.0,3.0,2.9,2018
Denver Broncos,6,10,0,.375,329,349,-20,-1.3,0.7,-0.5,-3.6,3.1,2018
Oakland Raiders,4,12,0,.250,290,467,-177,-11.1,1.8,-9.3,-5.2,-4.1,2018
Dallas Cowboys*,10,6,0,.625,339,324,15,0.9,0.2,1.1,-1.9,2.9,2018
Philadelphia Eagles+,9,7,0,.563,367,348,19,1.2,0.5,1.7,0.0,1.8,2018
Washington Redskins,7,9,0,.438,281,359,-78,-4.9,-0.1,-4.9,-5.6,0.6,2018
New York Giants,5,11,0,.313,369,412,-43,-2.7,0.5,-2.2,0.8,-2.9,2018
Chicago Bears*,12,4,0,.750,421,283,138,8.6,-2.3,6.3,1.5,4.8,2018
Minnesota Vikings,8,7,1,.531,360,341,19,1.2,-0.6,0.6,-1.2,1.8,2018
Green Bay Packers,6,9,1,.406,376,400,-24,-1.5,-1.2,-2.7,0.0,-2.7,2018
Detroit Lions,6,10,0,.375,324,360,-36,-2.3,-0.8,-3.0,-3.3,0.3,2018
New Orleans Saints*,13,3,0,.813,504,353,151,9.4,0.6,10.1,7.9,2.2,2018
Atlanta Falcons,7,9,0,.438,414,423,-9,-0.6,0.4,-0.1,2.5,-2.6,2018
Carolina Panthers,7,9,0,.438,376,382,-6,-0.4,1.3,0.9,0.1,0.8,2018
Tampa Bay Buccaneers,5,11,0,.313,396,464,-68,-4.3,1.7,-2.6,2.0,-4.6,2018
Los Angeles Rams*,13,3,0,.813,527,384,143,8.9,-0.4,8.5,9.5,-1.1,2018
Seattle Seahawks+,10,6,0,.625,428,347,81,5.1,-0.6,4.5,3.0,1.5,2018
San Francisco 49ers,4,12,0,.250,342,435,-93,-5.8,0.3,-5.5,-2.5,-3.1,2018
Arizona Cardinals,3,13,0,.188,225,425,-200,-12.5,1.0,-11.5,-9.6,-1.9,2018
New England Patriots*,12,4,0,.750,420,225,195,12.2,-1.8,10.4,2.8,7.6,2019
Buffalo Bills+,10,6,0,.625,314,259,55,3.4,-1.3,2.2,-3.5,5.7,2019
New York Jets,7,9,0,.438,276,359,-83,-5.2,-1.1,-6.3,-5.7,-0.6,2019
Miami Dolphins,5,11,0,.313,306,494,-188,-11.8,0.2,-11.6,-2.4,-9.1,2019
Baltimore Ravens*,14,2,0,.875,531,282,249,15.6,0.1,15.6,11.0,4.7,2019
Pittsburgh Steelers,8,8,0,.500,289,303,-14,-0.9,1.2,0.3,-4.3,4.6,2019
Cleveland Browns,6,10,0,.375,335,393,-58,-3.6,1.7,-1.9,-0.4,-1.5,2019
Cincinnati Bengals,2,14,0,.125,279,420,-141,-8.8,1.5,-7.3,-4.4,-2.9,2019
Houston Texans*,10,6,0,.625,378,385,-7,-0.4,1.0,0.5,1.0,-0.5,2019
Tennessee Titans+,9,7,0,.563,402,331,71,4.4,-1.0,3.4,1.8,1.7,2019
Indianapolis Colts,7,9,0,.438,361,373,-12,-0.8,-1.1,-1.8,-1.0,-0.8,2019
Jacksonville Jaguars,6,10,0,.375,300,397,-97,-6.1,-0.6,-6.7,-4.6,-2.1,2019
Kansas City Chiefs*,12,4,0,.750,451,308,143,8.9,0.2,9.1,6.2,2.9,2019
Denver Broncos,7,9,0,.438,282,316,-34,-2.1,0.0,-2.1,-4.8,2.7,2019
Oakland Raiders,7,9,0,.438,313,419,-106,-6.6,-0.3,-6.9,-2.5,-4.4,2019
Los Angeles Chargers,5,11,0,.313,337,345,-8,-0.5,-0.8,-1.3,-1.6,0.3,2019
Philadelphia Eagles*,9,7,0,.563,385,354,31,1.9,-1.7,0.3,0.7,-0.4,2019
Dallas Cowboys,8,8,0,.500,434,321,113,7.1,-1.8,5.3,3.8,1.5,2019
New York Giants,4,12,0,.250,341,451,-110,-6.9,-1.0,-7.9,-1.8,-6.1,2019
Washington Redskins,3,13,0,.188,266,435,-169,-10.6,-0.2,-10.8,-6.3,-4.5,2019
Green Bay Packers*,13,3,0,.813,376,313,63,3.9,-0.7,3.2,0.6,2.6,2019
Minnesota Vikings+,10,6,0,.625,407,303,104,6.5,-1.1,5.4,2.5,2.9,2019
Chicago Bears,8,8,0,.500,280,298,-18,-1.1,0.2,-0.9,-5.4,4.5,2019
Detroit Lions,3,12,1,.219,341,423,-82,-5.1,-0.1,-5.2,-1.2,-4.0,2019
New Orleans Saints*,13,3,0,.813,458,341,117,7.3,0.0,7.4,5.0,2.3,2019
Atlanta Falcons,7,9,0,.438,381,399,-18,-1.1,1.1,-0.1,0.3,-0.4,2019
Tampa Bay Buccaneers,7,9,0,.438,458,449,9,0.6,-0.2,0.4,4.9,-4.5,2019
Carolina Panthers,5,11,0,.313,340,470,-130,-8.1,1.1,-7.0,-1.9,-5.1,2019
San Francisco 49ers*,13,3,0,.813,479,310,169,10.6,0.4,11.0,6.7,4.3,2019
Seattle Seahawks+,11,5,0,.688,405,398,7,0.4,2.3,2.7,2.9,-0.2,2019
Los Angeles Rams,9,7,0,.563,394,364,30,1.9,2.0,3.9,2.2,1.7,2019
Arizona Cardinals,5,10,1,.344,361,442,-81,-5.1,1.8,-3.2,-0.3,-2.9,2019
Buffalo Bills*,13,3,0,.813,501,375,126,7.9,-0.2,7.7,7.1,0.6,2020
Miami Dolphins,10,6,0,.625,404,338,66,4.1,-1.2,3.0,0.3,2.7,2020
New England Patriots,7,9,0,.438,326,353,-27,-1.7,0.7,-1.0,-4.2,3.2,2020
New York Jets,2,14,0,.125,243,457,-214,-13.4,1.9,-11.5,-8.7,-2.8,2020
Pittsburgh Steelers*,12,4,0,.750,416,312,104,6.5,-1.8,4.7,0.3,4.4,2020
Baltimore Ravens+,11,5,0,.688,468,303,165,10.3,-2.0,8.3,3.9,4.3,2020
Cleveland Browns+,11,5,0,.688,408,419,-11,-0.7,-1.9,-2.6,0.3,-2.8,2020
Cincinnati Bengals,4,11,1,.281,311,424,-113,-7.1,-0.4,-7.5,-5.4,-2.1,2020
Tennessee Titans*,11,5,0,.688,491,439,52,3.3,-1.7,1.6,4.7,-3.1,2020
Indianapolis Colts+,11,5,0,.688,451,362,89,5.6,-2.8,2.8,1.2,1.6,2020
Houston Texans,4,12,0,.250,384,464,-80,-5.0,-0.5,-5.5,-1.4,-4.1,2020
Jacksonville Jaguars,1,15,0,.063,306,492,-186,-11.6,-0.1,-11.7,-6.5,-5.3,2020
Kansas City Chiefs*,14,2,0,.875,473,362,111,6.9,-0.1,6.8,4.5,2.3,2020
Las Vegas Raiders,8,8,0,.500,434,478,-44,-2.8,0.8,-2.0,2.9,-4.9,2020
Los Angeles Chargers,7,9,0,.438,384,426,-42,-2.6,-0.3,-2.9,-1.0,-2.0,2020
Denver Broncos,5,11,0,.313,323,446,-123,-7.7,1.7,-6.0,-4.3,-1.7,2020
Washington Football Team*,7,9,0,.438,335,329,6,0.4,-1.2,-0.8,-4.1,3.2,2020
New York Giants,6,10,0,.375,280,357,-77,-4.8,0.4,-4.4,-6.7,2.3,2020
Dallas Cowboys,6,10,0,.375,395,473,-78,-4.9,-0.2,-5.1,1.0,-6.1,2020
Philadelphia Eagles,4,11,1,.281,334,418,-84,-5.3,0.8,-4.4,-2.8,-1.6,2020
Green Bay Packers*,13,3,0,.813,509,369,140,8.8,-1.1,7.7,5.9,1.8,2020
Chicago Bears+,8,8,0,.500,372,370,2,0.1,0.1,0.2,-2.2,2.4,2020
Minnesota Vikings,7,9,0,.438,430,475,-45,-2.8,0.4,-2.4,1.3,-3.8,2020
Detroit Lions,5,11,0,.313,377,519,-142,-8.9,1.2,-7.7,-1.0,-6.7,2020
New Orleans Saints*,12,4,0,.750,482,337,145,9.1,0.5,9.6,5.1,4.5,2020
Tampa Bay Buccaneers+,11,5,0,.688,492,355,137,8.6,0.8,9.4,6.5,2.8,2020
Carolina Panthers,5,11,0,.313,350,402,-52,-3.3,2.2,-1.1,-2.4,1.3,2020
Atlanta Falcons,4,12,0,.250,396,414,-18,-1.1,1.9,0.7,-0.1,0.8,2020
Seattle Seahawks*,12,4,0,.750,459,371,88,5.5,0.0,5.5,4.8,0.7,2020
Los Angeles Rams+,10,6,0,.625,372,296,76,4.8,0.7,5.4,-0.8,6.2,2020
Arizona Cardinals,8,8,0,.500,410,367,43,2.7,-0.1,2.6,1.5,1.0,2020
San Francisco 49ers,6,10,0,.375,376,390,-14,-0.9,1.7,0.8,0.2,0.7,2020
Buffalo Bills*,11,6,0,.647,483,289,194,11.4,-1.6,9.8,5.0,4.8,2021
New England Patriots+,10,7,0,.588,462,303,159,9.4,-0.9,8.5,3.6,4.8,2021
Miami Dolphins,9,8,0,.529,341,373,-32,-1.9,-0.8,-2.7,-3.1,0.3,2021
New York Jets,4,13,0,.235,310,504,-194,-11.4,1.0,-10.4,-3.6,-6.7,2021
Cincinnati Bengals*,10,7,0,.588,460,376,84,4.9,-1.9,3.1,3.4,-0.3,2021
Pittsburgh Steelers+,9,7,1,.559,343,398,-55,-3.2,0.8,-2.5,-2.6,0.1,2021
Cleveland Browns,8,9,0,.471,349,371,-22,-1.3,0.0,-1.3,-2.7,1.3,2021
Baltimore Ravens,8,9,0,.471,387,392,-5,-0.3,0.0,-0.3,-0.3,0.0,2021
Tennessee Titans*,12,5,0,.706,419,354,65,3.8,-0.4,3.4,1.8,1.6,2021
Indianapolis Colts,9,8,0,.529,451,365,86,5.1,-0.6,4.4,3.3,1.1,2021
Houston Texans,4,13,0,.235,280,452,-172,-10.1,0.4,-9.7,-6.3,-3.4,2021
Jacksonville Jaguars,3,14,0,.176,253,457,-204,-12.0,0.6,-11.4,-7.7,-3.7,2021
Kansas City Chiefs*,12,5,0,.706,480,364,116,6.8,0.6,7.4,5.4,2.0,2021
Las Vegas Raiders+,10,7,0,.588,374,439,-65,-3.8,0.6,-3.3,-0.7,-2.6,2021
Los Angeles Chargers,9,8,0,.529,474,459,15,0.9,0.2,1.1,5.3,-4.2,2021
Denver Broncos,7,10,0,.412,335,322,13,0.8,-1.3,-0.5,-4.7,4.2,2021
Dallas Cowboys*,12,5,0,.706,530,358,172,10.1,-0.2,9.9,8.2,1.7,2021
Philadelphia Eagles+,9,8,0,.529,444,385,59,3.5,-1.0,2.5,2.6,-0.1,2021
Washington Football Team,7,10,0,.412,335,434,-99,-5.8,1.6,-4.2,-2.7,-1.5,2021
New York Giants,4,13,0,.235,258,416,-158,-9.3,1.0,-8.3,-7.7,-0.6,2021
Green Bay Packers*,13,4,0,.765,450,371,79,4.6,-0.2,4.4,3.5,1.0,2021
Minnesota Vikings,8,9,0,.471,425,426,-1,-0.1,0.3,0.3,1.9,-1.6,2021
Chicago Bears,6,11,0,.353,311,407,-96,-5.6,0.5,-5.2,-4.9,-0.3,2021
Detroit Lions,3,13,1,.206,325,467,-142,-8.4,0.6,-7.8,-3.5,-4.3,2021
Tampa Bay Buccaneers*,13,4,0,.765,511,353,158,9.3,-0.7,8.6,7.3,1.3,2021
New Orleans Saints,9,8,0,.529,364,335,29,1.7,0.3,2.0,-1.5,3.6,2021
Atlanta Falcons,7,10,0,.412,313,459,-146,-8.6,0.1,-8.5,-4.2,-4.3,2021
Carolina Panthers,5,12,0,.294,304,404,-100,-5.9,0.4,-5.5,-5.0,-0.5,2021
Los Angeles Rams*,12,5,0,.706,460,372,88,5.2,0.1,5.3,4.2,1.1,2021
Arizona Cardinals+,11,6,0,.647,449,366,83,4.9,0.3,5.2,3.6,1.6,2021
San Francisco 49ers+,10,7,0,.588,427,365,62,3.6,0.1,3.8,1.8,1.9,2021
Seattle Seahawks,7,10,0,.412,395,366,29,1.7,0.2,1.9,0.4,1.5,2021
Buffalo Bills*,13,3,0,.813,455,286,169,10.6,0.4,10.9,7.1,3.8,2022
Miami Dolphins+,9,8,0,.529,397,399,-2,-0.1,2.0,1.8,2.7,-0.9,2022
New England Patriots,8,9,0,.471,364,347,17,1.0,1.0,2.0,-0.3,2.3,2022
New York Jets,7,10,0,.412,296,316,-20,-1.2,2.0,0.8,-4.0,4.8,2022
Cincinnati Bengals*,12,4,0,.750,418,322,96,6.0,0.9,6.9,5.5,1.4,2022
Baltimore Ravens+,10,7,0,.588,350,315,35,2.1,1.1,3.1,-0.2,3.4,2022
Pittsburgh Steelers,9,8,0,.529,308,346,-38,-2.2,1.5,-0.8,-3.0,2.3,2022
Cleveland Browns,7,10,0,.412,361,381,-20,-1.2,1.1,-0.1,0.7,-0.9,2022
Jacksonville Jaguars*,9,8,0,.529,404,350,54,3.2,-1.4,1.8,1.6,0.2,2022
Tennessee Titans,7,10,0,.412,298,359,-61,-3.6,0.0,-3.6,-4.7,1.1,2022
Indianapolis Colts,4,12,1,.265,289,427,-138,-8.1,-0.5,-8.6,-4.9,-3.7,2022
Houston Texans,3,13,1,.206,289,420,-131,-7.7,-0.8,-8.5,-5.4,-3.1,2022
Kansas City Chiefs*,14,3,0,.824,496,369,127,7.5,-1.2,6.2,6.8,-0.6,2022
Los Angeles Chargers+,10,7,0,.588,391,384,7,0.4,-1.3,-0.9,0.1,-1.0,2022
Las Vegas Raiders,6,11,0,.353,395,418,-23,-1.4,-1.1,-2.5,1.2,-3.7,2022
Denver Broncos,5,12,0,.294,287,359,-72,-4.2,-0.7,-5.0,-5.6,0.6,2022
Philadelphia Eagles*,14,3,0,.824,477,344,133,7.8,-1.3,6.5,5.8,0.7,2022
Dallas Cowboys+,12,5,0,.706,467,342,125,7.4,-0.8,6.5,5.3,1.3,2022
New York Giants+,9,7,1,.559,365,371,-6,-0.4,0.0,-0.4,-0.8,0.4,2022
Washington Commanders,8,8,1,.500,321,343,-22,-1.3,0.4,-0.9,-3.5,2.6,2022
Minnesota Vikings*,13,4,0,.765,424,427,-3,-0.2,0.1,-0.1,2.8,-2.9,2022
Detroit Lions,9,8,0,.529,453,427,26,1.5,0.7,2.2,4.7,-2.4,2022
Green Bay Packers,8,9,0,.471,370,371,-1,-0.1,0.4,0.3,-0.3,0.6,2022
Chicago Bears,3,14,0,.176,326,463,-137,-8.1,1.6,-6.4,-2.5,-4.0,2022
Tampa Bay Buccaneers*,8,9,0,.471,313,358,-45,-2.6,0.4,-2.3,-3.3,1.1,2022
Carolina Panthers,7,10,0,.412,347,374,-27,-1.6,-0.6,-2.2,-1.3,-0.9,2022
New Orleans Saints,7,10,0,.412,330,345,-15,-0.9,-0.3,-1.2,-2.8,1.7,2022
Atlanta Falcons,7,10,0,.412,365,386,-21,-1.2,-0.9,-2.1,-0.1,-2.0,2022
San Francisco 49ers*,13,4,0,.765,450,277,173,10.2,-2.3,7.9,3.3,4.6,2022
Seattle Seahawks+,9,8,0,.529,407,401,6,0.4,-0.8,-0.5,1.9,-2.4,2022
Los Angeles Rams,5,12,0,.294,307,384,-77,-4.5,0.5,-4.0,-4.1,0.0,2022
Arizona Cardinals,4,13,0,.235,340,449,-109,-6.4,0.2,-6.2,-1.9,-4.3,2022
Buffalo Bills*,11,6,,.647,451,311,140,8.2,-1.8,6.5,4.1,2.3,2023
Miami Dolphins+,11,6,,.647,496,391,105,6.2,-1.8,4.4,7.6,-3.1,2023
New York Jets,7,10,,.412,268,355,-87,-5.1,-0.6,-5.8,-6.7,0.9,2023
New England Patriots,4,13,,.235,236,366,-130,-7.6,-0.2,-7.9,-8.5,0.6,2023
Baltimore Ravens*,13,4,,.765,483,280,203,11.9,1.2,13.2,6.7,6.5,2023
Cleveland Browns+,11,6,,.647,396,362,34,2.0,1.3,3.3,2.4,0.9,2023
Pittsburgh Steelers+,10,7,,.588,304,324,-20,-1.2,1.9,0.7,-3.0,3.7,2023
Cincinnati Bengals,9,8,,.529,366,384,-18,-1.1,2.8,1.7,1.3,0.4,2023
Houston Texans*,10,7,,.588,377,353,24,1.4,-1.0,0.4,0.3,0.1,2023
Jacksonville Jaguars,9,8,,.529,377,371,6,0.4,1.1,1.4,1.3,0.1,2023
Indianapolis Colts,9,8,,.529,396,415,-19,-1.1,-0.2,-1.3,2.4,-3.8,2023
Tennessee Titans,6,11,,.353,305,367,-62,-3.6,0.4,-3.2,-4.0,0.7,2023
Kansas City Chiefs*,11,6,,.647,371,294,77,4.5,-0.8,3.7,-0.6,4.4,2023
Las Vegas Raiders,8,9,,.471,332,331,1,0.1,-0.9,-0.9,-2.4,1.6,2023
Denver Broncos,8,9,,.471,357,413,-56,-3.3,-0.5,-3.8,-0.8,-3.0,2023
Los Angeles Chargers,5,12,,.294,346,398,-52,-3.1,0.9,-2.2,-0.6,-1.6,2023
Dallas Cowboys*,12,5,,.706,509,315,194,11.4,-2.2,9.2,6.5,2.7,2023
Philadelphia Eagles+,11,6,,.647,433,428,5,0.3,-0.4,-0.1,3.6,-3.7,2023
New York Giants,6,11,,.353,266,407,-141,-8.3,0.4,-7.9,-6.9,-1.0,2023
Washington Commanders,4,13,,.235,329,518,-189,-11.1,0.0,-11.1,-2.8,-8.4,2023
Detroit Lions*,12,5,,.706,461,395,66,3.9,0.4,4.3,6.0,-1.8,2023
Green Bay Packers+,9,8,,.529,383,350,33,1.9,-0.8,1.2,0.9,0.2,2023
Minnesota Vikings,7,10,,.412,344,362,-18,-1.1,0.5,-0.6,-1.6,1.0,2023
Chicago Bears,7,10,,.412,360,379,-19,-1.1,-0.9,-2.0,-1.2,-0.9,2023
Tampa Bay Buccaneers*,9,8,,.529,348,325,23,1.4,-0.3,1.1,-1.6,2.7,2023
New Orleans Saints,9,8,,.529,402,327,75,4.4,-2.2,2.2,1.7,0.5,2023
Atlanta Falcons,7,10,,.412,321,373,-52,-3.1,-1.9,-5.0,-3.6,-1.4,2023
Carolina Panthers,2,15,,.118,236,416,-180,-10.6,0.7,-9.9,-7.9,-2.0,2023
San Francisco 49ers*,12,5,,.706,491,298,193,11.4,0.4,11.8,7.1,4.7,2023
Los Angeles Rams+,10,7,,.588,404,377,27,1.6,1.4,3.0,2.0,1.0,2023
Seattle Seahawks,9,8,,.529,364,402,-38,-2.2,1.3,-1.0,-0.2,-0.8,2023
Arizona Cardinals,4,13,,.235,330,455,-125,-7.4,1.9,-5.4,-1.8,-3.7,2023
