Week,Day,Date,Winner/tie,Filler Column 1,Loser/tie,Filler Column 2,PtsW,PtsL,year
WildCard,Sun,1980-12-28,Dallas Cowboys,,Los Angeles Rams,boxscore,34,13,1980
WildCard,Sun,1980-12-28,Oakland Raiders,,Houston Oilers,boxscore,27,7,1980
Division,Sat,1981-01-03,Philadelphia Eagles,,Minnesota Vikings,boxscore,31,16,1980
Division,Sat,1981-01-03,San Diego Chargers,,Buffalo Bills,boxscore,20,14,1980
Division,Sun,1981-01-04,Dallas Cowboys,@,Atlanta Falcons,boxscore,30,27,1980
Division,Sun,1981-01-04,Oakland Raiders,@,Cleveland Browns,boxscore,14,12,1980
ConfChamp,Sun,1981-01-11,Philadelphia Eagles,,Dallas Cowboys,boxscore,20,7,1980
ConfChamp,Sun,1981-01-11,Oakland Raiders,@,San Diego Chargers,boxscore,34,27,1980
SuperBowl,Sun,1981-01-25,Oakland Raiders,N,Philadelphia Eagles,boxscore,27,10,1980
WildCard,Sun,1981-12-27,Buffalo Bills,@,New York Jets,boxscore,31,27,1981
WildCard,Sun,1981-12-27,New York Giants,@,Philadelphia Eagles,boxscore,27,21,1981
Division,Sat,1982-01-02,Dallas Cowboys,,Tampa Bay Buccaneers,boxscore,38,0,1981
Division,Sat,1982-01-02,San Diego Chargers,@,Miami Dolphins,boxscore,41,38,1981
Division,Sun,1982-01-03,Cincinnati Bengals,,Buffalo Bills,boxscore,28,21,1981
Division,Sun,1982-01-03,San Francisco 49ers,,New York Giants,boxscore,38,24,1981
ConfChamp,Sun,1982-01-10,Cincinnati Bengals,,San Diego Chargers,boxscore,27,7,1981
ConfChamp,Sun,1982-01-10,San Francisco 49ers,,Dallas Cowboys,boxscore,28,27,1981
SuperBowl,Sun,1982-01-24,San Francisco 49ers,N,Cincinnati Bengals,boxscore,26,21,1981
WildCard,Sat,1983-01-08,Green Bay Packers,,St. Louis Cardinals,boxscore,41,16,1982
WildCard,Sat,1983-01-08,Miami Dolphins,,New England Patriots,boxscore,28,13,1982
WildCard,Sat,1983-01-08,Los Angeles Raiders,,Cleveland Browns,boxscore,27,10,1982
WildCard,Sat,1983-01-08,Washington Redskins,,Detroit Lions,boxscore,31,7,1982
WildCard,Sun,1983-01-09,Dallas Cowboys,,Tampa Bay Buccaneers,boxscore,30,17,1982
WildCard,Sun,1983-01-09,Minnesota Vikings,,Atlanta Falcons,boxscore,30,24,1982
WildCard,Sun,1983-01-09,New York Jets,@,Cincinnati Bengals,boxscore,44,17,1982
WildCard,Sun,1983-01-09,San Diego Chargers,@,Pittsburgh Steelers,boxscore,31,28,1982
Division,Sat,1983-01-15,New York Jets,@,Los Angeles Raiders,boxscore,17,14,1982
Division,Sat,1983-01-15,Washington Redskins,,Minnesota Vikings,boxscore,21,7,1982
Division,Sun,1983-01-16,Dallas Cowboys,,Green Bay Packers,boxscore,37,26,1982
Division,Sun,1983-01-16,Miami Dolphins,,San Diego Chargers,boxscore,34,13,1982
ConfChamp,Sat,1983-01-22,Washington Redskins,,Dallas Cowboys,boxscore,31,17,1982
ConfChamp,Sun,1983-01-23,Miami Dolphins,,New York Jets,boxscore,14,0,1982
SuperBowl,Sun,1983-01-30,Washington Redskins,N,Miami Dolphins,boxscore,27,17,1982
WildCard,Sat,1983-12-24,Seattle Seahawks,,Denver Broncos,boxscore,31,7,1983
WildCard,Mon,1983-12-26,Los Angeles Rams,@,Dallas Cowboys,boxscore,24,17,1983
Division,Sat,1983-12-31,San Francisco 49ers,,Detroit Lions,boxscore,24,23,1983
Division,Sat,1983-12-31,Seattle Seahawks,@,Miami Dolphins,boxscore,27,20,1983
Division,Sun,1984-01-01,Los Angeles Raiders,,Pittsburgh Steelers,boxscore,38,10,1983
Division,Sun,1984-01-01,Washington Redskins,,Los Angeles Rams,boxscore,51,7,1983
ConfChamp,Sun,1984-01-08,Los Angeles Raiders,,Seattle Seahawks,boxscore,30,14,1983
ConfChamp,Sun,1984-01-08,Washington Redskins,,San Francisco 49ers,boxscore,24,21,1983
SuperBowl,Sun,1984-01-22,Los Angeles Raiders,N,Washington Redskins,boxscore,38,9,1983
WildCard,Sat,1984-12-22,Seattle Seahawks,,Los Angeles Raiders,boxscore,13,7,1984
WildCard,Sun,1984-12-23,New York Giants,@,Los Angeles Rams,boxscore,16,13,1984
Division,Sat,1984-12-29,Miami Dolphins,,Seattle Seahawks,boxscore,31,10,1984
Division,Sat,1984-12-29,San Francisco 49ers,,New York Giants,boxscore,21,10,1984
Division,Sun,1984-12-30,Chicago Bears,@,Washington Redskins,boxscore,23,19,1984
Division,Sun,1984-12-30,Pittsburgh Steelers,@,Denver Broncos,boxscore,24,17,1984
ConfChamp,Sun,1985-01-06,Miami Dolphins,,Pittsburgh Steelers,boxscore,45,28,1984
ConfChamp,Sun,1985-01-06,San Francisco 49ers,,Chicago Bears,boxscore,23,0,1984
SuperBowl,Sun,1985-01-20,San Francisco 49ers,N,Miami Dolphins,boxscore,38,16,1984
WildCard,Sat,1985-12-28,New England Patriots,@,New York Jets,boxscore,26,14,1985
WildCard,Sun,1985-12-29,New York Giants,,San Francisco 49ers,boxscore,17,3,1985
Division,Sat,1986-01-04,Miami Dolphins,,Cleveland Browns,boxscore,24,21,1985
Division,Sat,1986-01-04,Los Angeles Rams,,Dallas Cowboys,boxscore,20,0,1985
Division,Sun,1986-01-05,Chicago Bears,,New York Giants,boxscore,21,0,1985
Division,Sun,1986-01-05,New England Patriots,@,Los Angeles Raiders,boxscore,27,20,1985
ConfChamp,Sun,1986-01-12,Chicago Bears,,Los Angeles Rams,boxscore,24,0,1985
ConfChamp,Sun,1986-01-12,New England Patriots,@,Miami Dolphins,boxscore,31,14,1985
SuperBowl,Sun,1986-01-26,Chicago Bears,N,New England Patriots,boxscore,46,10,1985
WildCard,Sun,1986-12-28,New York Jets,,Kansas City Chiefs,boxscore,35,15,1986
WildCard,Sun,1986-12-28,Washington Redskins,,Los Angeles Rams,boxscore,19,7,1986
Division,Sat,1987-01-03,Cleveland Browns,,New York Jets,boxscore,23,20,1986
Division,Sat,1987-01-03,Washington Redskins,@,Chicago Bears,boxscore,27,13,1986
Division,Sun,1987-01-04,Denver Broncos,,New England Patriots,boxscore,22,17,1986
Division,Sun,1987-01-04,New York Giants,,San Francisco 49ers,boxscore,49,3,1986
ConfChamp,Sun,1987-01-11,Denver Broncos,@,Cleveland Browns,boxscore,23,20,1986
ConfChamp,Sun,1987-01-11,New York Giants,,Washington Redskins,boxscore,17,0,1986
SuperBowl,Sun,1987-01-25,New York Giants,N,Denver Broncos,boxscore,39,20,1986
WildCard,Sun,1988-01-03,Minnesota Vikings,@,New Orleans Saints,boxscore,44,10,1987
WildCard,Sun,1988-01-03,Houston Oilers,,Seattle Seahawks,boxscore,23,20,1987
Division,Sat,1988-01-09,Cleveland Browns,,Indianapolis Colts,boxscore,38,21,1987
Division,Sat,1988-01-09,Minnesota Vikings,@,San Francisco 49ers,boxscore,36,24,1987
Division,Sun,1988-01-10,Denver Broncos,,Houston Oilers,boxscore,34,10,1987
Division,Sun,1988-01-10,Washington Redskins,@,Chicago Bears,boxscore,21,17,1987
ConfChamp,Sun,1988-01-17,Denver Broncos,,Cleveland Browns,boxscore,38,33,1987
ConfChamp,Sun,1988-01-17,Washington Redskins,,Minnesota Vikings,boxscore,17,10,1987
SuperBowl,Sun,1988-01-31,Washington Redskins,N,Denver Broncos,boxscore,42,10,1987
WildCard,Sat,1988-12-24,Houston Oilers,@,Cleveland Browns,boxscore,24,23,1988
WildCard,Mon,1988-12-26,Minnesota Vikings,,Los Angeles Rams,boxscore,28,17,1988
Division,Sat,1988-12-31,Chicago Bears,,Philadelphia Eagles,boxscore,20,12,1988
Division,Sat,1988-12-31,Cincinnati Bengals,,Seattle Seahawks,boxscore,21,13,1988
Division,Sun,1989-01-01,Buffalo Bills,,Houston Oilers,boxscore,17,10,1988
Division,Sun,1989-01-01,San Francisco 49ers,,Minnesota Vikings,boxscore,34,9,1988
ConfChamp,Sun,1989-01-08,Cincinnati Bengals,,Buffalo Bills,boxscore,21,10,1988
ConfChamp,Sun,1989-01-08,San Francisco 49ers,@,Chicago Bears,boxscore,28,3,1988
SuperBowl,Sun,1989-01-22,San Francisco 49ers,N,Cincinnati Bengals,boxscore,20,16,1988
WildCard,Sun,1989-12-31,Pittsburgh Steelers,@,Houston Oilers,boxscore,26,23,1989
WildCard,Sun,1989-12-31,Los Angeles Rams,@,Philadelphia Eagles,boxscore,21,7,1989
Division,Sat,1990-01-06,Cleveland Browns,,Buffalo Bills,boxscore,34,30,1989
Division,Sat,1990-01-06,San Francisco 49ers,,Minnesota Vikings,boxscore,41,13,1989
Division,Sun,1990-01-07,Denver Broncos,,Pittsburgh Steelers,boxscore,24,23,1989
Division,Sun,1990-01-07,Los Angeles Rams,@,New York Giants,boxscore,19,13,1989
ConfChamp,Sun,1990-01-14,Denver Broncos,,Cleveland Browns,boxscore,37,21,1989
ConfChamp,Sun,1990-01-14,San Francisco 49ers,,Los Angeles Rams,boxscore,30,3,1989
SuperBowl,Sun,1990-01-28,San Francisco 49ers,N,Denver Broncos,boxscore,55,10,1989
WildCard,Sat,1991-01-05,Miami Dolphins,,Kansas City Chiefs,boxscore,17,16,1990
WildCard,Sat,1991-01-05,Washington Redskins,@,Philadelphia Eagles,boxscore,20,6,1990
WildCard,Sun,1991-01-06,Chicago Bears,,New Orleans Saints,boxscore,16,6,1990
WildCard,Sun,1991-01-06,Cincinnati Bengals,,Houston Oilers,boxscore,41,14,1990
Division,Sat,1991-01-12,Buffalo Bills,,Miami Dolphins,boxscore,44,34,1990
Division,Sat,1991-01-12,San Francisco 49ers,,Washington Redskins,boxscore,28,10,1990
Division,Sun,1991-01-13,New York Giants,,Chicago Bears,boxscore,31,3,1990
Division,Sun,1991-01-13,Los Angeles Raiders,,Cincinnati Bengals,boxscore,20,10,1990
ConfChamp,Sun,1991-01-20,Buffalo Bills,,Los Angeles Raiders,boxscore,51,3,1990
ConfChamp,Sun,1991-01-20,New York Giants,@,San Francisco 49ers,boxscore,15,13,1990
SuperBowl,Sun,1991-01-27,New York Giants,N,Buffalo Bills,boxscore,20,19,1990
WildCard,Sat,1991-12-28,Atlanta Falcons,@,New Orleans Saints,boxscore,27,20,1991
WildCard,Sat,1991-12-28,Kansas City Chiefs,,Los Angeles Raiders,boxscore,10,6,1991
WildCard,Sun,1991-12-29,Dallas Cowboys,@,Chicago Bears,boxscore,17,13,1991
WildCard,Sun,1991-12-29,Houston Oilers,,New York Jets,boxscore,17,10,1991
Division,Sat,1992-01-04,Denver Broncos,,Houston Oilers,boxscore,26,24,1991
Division,Sat,1992-01-04,Washington Redskins,,Atlanta Falcons,boxscore,24,7,1991
Division,Sun,1992-01-05,Buffalo Bills,,Kansas City Chiefs,boxscore,37,14,1991
Division,Sun,1992-01-05,Detroit Lions,,Dallas Cowboys,boxscore,38,6,1991
ConfChamp,Sun,1992-01-12,Buffalo Bills,,Denver Broncos,boxscore,10,7,1991
ConfChamp,Sun,1992-01-12,Washington Redskins,,Detroit Lions,boxscore,41,10,1991
SuperBowl,Sun,1992-01-26,Washington Redskins,N,Buffalo Bills,boxscore,37,24,1991
WildCard,Sat,1993-01-02,San Diego Chargers,,Kansas City Chiefs,boxscore,17,0,1992
WildCard,Sat,1993-01-02,Washington Redskins,@,Minnesota Vikings,boxscore,24,7,1992
WildCard,Sun,1993-01-03,Buffalo Bills,,Houston Oilers,boxscore,41,38,1992
WildCard,Sun,1993-01-03,Philadelphia Eagles,@,New Orleans Saints,boxscore,36,20,1992
Division,Sat,1993-01-09,San Francisco 49ers,,Washington Redskins,boxscore,20,13,1992
Division,Sat,1993-01-09,Buffalo Bills,@,Pittsburgh Steelers,boxscore,24,3,1992
Division,Sun,1993-01-10,Dallas Cowboys,,Philadelphia Eagles,boxscore,34,10,1992
Division,Sun,1993-01-10,Miami Dolphins,,San Diego Chargers,boxscore,31,0,1992
ConfChamp,Sun,1993-01-17,Dallas Cowboys,@,San Francisco 49ers,boxscore,30,20,1992
ConfChamp,Sun,1993-01-17,Buffalo Bills,@,Miami Dolphins,boxscore,29,10,1992
SuperBowl,Sun,1993-01-31,Dallas Cowboys,N,Buffalo Bills,boxscore,52,17,1992
WildCard,Sat,1994-01-08,Green Bay Packers,@,Detroit Lions,boxscore,28,24,1993
WildCard,Sat,1994-01-08,Kansas City Chiefs,,Pittsburgh Steelers,boxscore,27,24,1993
WildCard,Sun,1994-01-09,New York Giants,,Minnesota Vikings,boxscore,17,10,1993
WildCard,Sun,1994-01-09,Los Angeles Raiders,,Denver Broncos,boxscore,42,24,1993
Division,Sat,1994-01-15,Buffalo Bills,,Los Angeles Raiders,boxscore,29,23,1993
Division,Sat,1994-01-15,San Francisco 49ers,,New York Giants,boxscore,44,3,1993
Division,Sun,1994-01-16,Dallas Cowboys,,Green Bay Packers,boxscore,27,17,1993
Division,Sun,1994-01-16,Kansas City Chiefs,@,Houston Oilers,boxscore,28,20,1993
ConfChamp,Sun,1994-01-23,Buffalo Bills,,Kansas City Chiefs,boxscore,30,13,1993
ConfChamp,Sun,1994-01-23,Dallas Cowboys,,San Francisco 49ers,boxscore,38,21,1993
SuperBowl,Sun,1994-01-30,Dallas Cowboys,N,Buffalo Bills,boxscore,30,13,1993
WildCard,Sat,1994-12-31,Green Bay Packers,,Detroit Lions,boxscore,16,12,1994
WildCard,Sat,1994-12-31,Miami Dolphins,,Kansas City Chiefs,boxscore,27,17,1994
WildCard,Sun,1995-01-01,Chicago Bears,@,Minnesota Vikings,boxscore,35,18,1994
WildCard,Sun,1995-01-01,Cleveland Browns,,New England Patriots,boxscore,20,13,1994
Division,Sat,1995-01-07,Pittsburgh Steelers,,Cleveland Browns,boxscore,29,9,1994
Division,Sat,1995-01-07,San Francisco 49ers,,Chicago Bears,boxscore,44,15,1994
Division,Sun,1995-01-08,Dallas Cowboys,,Green Bay Packers,boxscore,35,9,1994
Division,Sun,1995-01-08,San Diego Chargers,,Miami Dolphins,boxscore,22,21,1994
ConfChamp,Sun,1995-01-15,San Diego Chargers,@,Pittsburgh Steelers,boxscore,17,13,1994
ConfChamp,Sun,1995-01-15,San Francisco 49ers,,Dallas Cowboys,boxscore,38,28,1994
SuperBowl,Sun,1995-01-29,San Francisco 49ers,N,San Diego Chargers,boxscore,49,26,1994
WildCard,Sat,1995-12-30,Buffalo Bills,,Miami Dolphins,boxscore,37,22,1995
WildCard,Sat,1995-12-30,Philadelphia Eagles,,Detroit Lions,boxscore,58,37,1995
WildCard,Sun,1995-12-31,Indianapolis Colts,@,San Diego Chargers,boxscore,35,20,1995
WildCard,Sun,1995-12-31,Green Bay Packers,,Atlanta Falcons,boxscore,37,20,1995
Division,Sat,1996-01-06,Pittsburgh Steelers,,Buffalo Bills,boxscore,40,21,1995
Division,Sat,1996-01-06,Green Bay Packers,@,San Francisco 49ers,boxscore,27,17,1995
Division,Sun,1996-01-07,Dallas Cowboys,,Philadelphia Eagles,boxscore,30,11,1995
Division,Sun,1996-01-07,Indianapolis Colts,@,Kansas City Chiefs,boxscore,10,7,1995
ConfChamp,Sun,1996-01-14,Dallas Cowboys,,Green Bay Packers,boxscore,38,27,1995
ConfChamp,Sun,1996-01-14,Pittsburgh Steelers,,Indianapolis Colts,boxscore,20,16,1995
SuperBowl,Sun,1996-01-28,Dallas Cowboys,N,Pittsburgh Steelers,boxscore,27,17,1995
WildCard,Sat,1996-12-28,Dallas Cowboys,,Minnesota Vikings,boxscore,40,15,1996
WildCard,Sat,1996-12-28,Jacksonville Jaguars,@,Buffalo Bills,boxscore,30,27,1996
WildCard,Sun,1996-12-29,Pittsburgh Steelers,,Indianapolis Colts,boxscore,42,14,1996
WildCard,Sun,1996-12-29,San Francisco 49ers,,Philadelphia Eagles,boxscore,14,0,1996
Division,Sat,1997-01-04,Green Bay Packers,,San Francisco 49ers,boxscore,35,14,1996
Division,Sat,1997-01-04,Jacksonville Jaguars,@,Denver Broncos,boxscore,30,27,1996
Division,Sun,1997-01-05,Carolina Panthers,,Dallas Cowboys,boxscore,26,17,1996
Division,Sun,1997-01-05,New England Patriots,,Pittsburgh Steelers,boxscore,28,3,1996
ConfChamp,Sun,1997-01-12,Green Bay Packers,,Carolina Panthers,boxscore,30,13,1996
ConfChamp,Sun,1997-01-12,New England Patriots,,Jacksonville Jaguars,boxscore,20,6,1996
SuperBowl,Sun,1997-01-26,Green Bay Packers,N,New England Patriots,boxscore,35,21,1996
WildCard,Sat,1997-12-27,Denver Broncos,,Jacksonville Jaguars,boxscore,42,17,1997
WildCard,Sat,1997-12-27,Minnesota Vikings,@,New York Giants,boxscore,23,22,1997
WildCard,Sun,1997-12-28,New England Patriots,,Miami Dolphins,boxscore,17,3,1997
WildCard,Sun,1997-12-28,Tampa Bay Buccaneers,,Detroit Lions,boxscore,20,10,1997
Division,Sat,1998-01-03,Pittsburgh Steelers,,New England Patriots,boxscore,7,6,1997
Division,Sat,1998-01-03,San Francisco 49ers,,Minnesota Vikings,boxscore,38,22,1997
Division,Sun,1998-01-04,Green Bay Packers,,Tampa Bay Buccaneers,boxscore,21,7,1997
Division,Sun,1998-01-04,Denver Broncos,@,Kansas City Chiefs,boxscore,14,10,1997
ConfChamp,Sun,1998-01-11,Green Bay Packers,@,San Francisco 49ers,boxscore,23,10,1997
ConfChamp,Sun,1998-01-11,Denver Broncos,@,Pittsburgh Steelers,boxscore,24,21,1997
SuperBowl,Sun,1998-01-25,Denver Broncos,N,Green Bay Packers,boxscore,31,24,1997
WildCard,Sat,1999-01-02,Arizona Cardinals,@,Dallas Cowboys,boxscore,20,7,1998
WildCard,Sat,1999-01-02,Miami Dolphins,,Buffalo Bills,boxscore,24,17,1998
WildCard,Sun,1999-01-03,Jacksonville Jaguars,,New England Patriots,boxscore,25,10,1998
WildCard,Sun,1999-01-03,San Francisco 49ers,,Green Bay Packers,boxscore,30,27,1998
Division,Sat,1999-01-09,Atlanta Falcons,,San Francisco 49ers,boxscore,20,18,1998
Division,Sat,1999-01-09,Denver Broncos,,Miami Dolphins,boxscore,38,3,1998
Division,Sun,1999-01-10,Minnesota Vikings,,Arizona Cardinals,boxscore,41,21,1998
Division,Sun,1999-01-10,New York Jets,,Jacksonville Jaguars,boxscore,34,24,1998
ConfChamp,Sun,1999-01-17,Atlanta Falcons,@,Minnesota Vikings,boxscore,30,27,1998
ConfChamp,Sun,1999-01-17,Denver Broncos,,New York Jets,boxscore,23,10,1998
SuperBowl,Sun,1999-01-31,Denver Broncos,N,Atlanta Falcons,boxscore,34,19,1998
WildCard,Sat,2000-01-08,Tennessee Titans,,Buffalo Bills,boxscore,22,16,1999
WildCard,Sat,2000-01-08,Washington Redskins,,Detroit Lions,boxscore,27,13,1999
WildCard,Sun,2000-01-09,Miami Dolphins,@,Seattle Seahawks,boxscore,20,17,1999
WildCard,Sun,2000-01-09,Minnesota Vikings,,Dallas Cowboys,boxscore,27,10,1999
Division,Sat,2000-01-15,Jacksonville Jaguars,,Miami Dolphins,boxscore,62,7,1999
Division,Sat,2000-01-15,Tampa Bay Buccaneers,,Washington Redskins,boxscore,14,13,1999
Division,Sun,2000-01-16,St. Louis Rams,,Minnesota Vikings,boxscore,49,37,1999
Division,Sun,2000-01-16,Tennessee Titans,@,Indianapolis Colts,boxscore,19,16,1999
ConfChamp,Sun,2000-01-23,St. Louis Rams,,Tampa Bay Buccaneers,boxscore,11,6,1999
ConfChamp,Sun,2000-01-23,Tennessee Titans,@,Jacksonville Jaguars,boxscore,33,14,1999
SuperBowl,Sun,2000-01-30,St. Louis Rams,N,Tennessee Titans,boxscore,23,16,1999
WildCard,Sat,2000-12-30,Miami Dolphins,,Indianapolis Colts,boxscore,23,17,2000
WildCard,Sat,2000-12-30,New Orleans Saints,,St. Louis Rams,boxscore,31,28,2000
WildCard,Sun,2000-12-31,Philadelphia Eagles,,Tampa Bay Buccaneers,boxscore,21,3,2000
WildCard,Sun,2000-12-31,Baltimore Ravens,,Denver Broncos,boxscore,21,3,2000
Division,Sat,2001-01-06,Minnesota Vikings,,New Orleans Saints,boxscore,34,16,2000
Division,Sat,2001-01-06,Oakland Raiders,,Miami Dolphins,boxscore,27,0,2000
Division,Sun,2001-01-07,New York Giants,,Philadelphia Eagles,boxscore,20,10,2000
Division,Sun,2001-01-07,Baltimore Ravens,@,Tennessee Titans,boxscore,24,10,2000
ConfChamp,Sun,2001-01-14,New York Giants,,Minnesota Vikings,boxscore,41,0,2000
ConfChamp,Sun,2001-01-14,Baltimore Ravens,@,Oakland Raiders,boxscore,16,3,2000
SuperBowl,Sun,2001-01-28,Baltimore Ravens,N,New York Giants,boxscore,34,7,2000
WildCard,Sat,2002-01-12,Philadelphia Eagles,,Tampa Bay Buccaneers,boxscore,31,9,2001
WildCard,Sat,2002-01-12,Oakland Raiders,,New York Jets,boxscore,38,24,2001
WildCard,Sun,2002-01-13,Green Bay Packers,,San Francisco 49ers,boxscore,25,15,2001
WildCard,Sun,2002-01-13,Baltimore Ravens,@,Miami Dolphins,boxscore,20,3,2001
Division,Sat,2002-01-19,New England Patriots,,Oakland Raiders,boxscore,16,13,2001
Division,Sat,2002-01-19,Philadelphia Eagles,@,Chicago Bears,boxscore,33,19,2001
Division,Sun,2002-01-20,Pittsburgh Steelers,,Baltimore Ravens,boxscore,27,10,2001
Division,Sun,2002-01-20,St. Louis Rams,,Green Bay Packers,boxscore,45,17,2001
ConfChamp,Sun,2002-01-27,New England Patriots,@,Pittsburgh Steelers,boxscore,24,17,2001
ConfChamp,Sun,2002-01-27,St. Louis Rams,,Philadelphia Eagles,boxscore,29,24,2001
SuperBowl,Sun,2002-02-03,New England Patriots,N,St. Louis Rams,boxscore,20,17,2001
WildCard,Sat,2003-01-04,Atlanta Falcons,@,Green Bay Packers,boxscore,27,7,2002
WildCard,Sat,2003-01-04,New York Jets,,Indianapolis Colts,boxscore,41,0,2002
WildCard,Sun,2003-01-05,Pittsburgh Steelers,,Cleveland Browns,boxscore,36,33,2002
WildCard,Sun,2003-01-05,San Francisco 49ers,,New York Giants,boxscore,39,38,2002
Division,Sat,2003-01-11,Tennessee Titans,,Pittsburgh Steelers,boxscore,34,31,2002
Division,Sat,2003-01-11,Philadelphia Eagles,,Atlanta Falcons,boxscore,20,6,2002
Division,Sun,2003-01-12,Oakland Raiders,,New York Jets,boxscore,30,10,2002
Division,Sun,2003-01-12,Tampa Bay Buccaneers,,San Francisco 49ers,boxscore,31,6,2002
ConfChamp,Sun,2003-01-19,Oakland Raiders,,Tennessee Titans,boxscore,41,24,2002
ConfChamp,Sun,2003-01-19,Tampa Bay Buccaneers,@,Philadelphia Eagles,boxscore,27,10,2002
SuperBowl,Sun,2003-01-26,Tampa Bay Buccaneers,N,Oakland Raiders,boxscore,48,21,2002
WildCard,Sat,2004-01-03,Carolina Panthers,,Dallas Cowboys,boxscore,29,10,2003
WildCard,Sat,2004-01-03,Tennessee Titans,@,Baltimore Ravens,boxscore,20,17,2003
WildCard,Sun,2004-01-04,Indianapolis Colts,,Denver Broncos,boxscore,41,10,2003
WildCard,Sun,2004-01-04,Green Bay Packers,,Seattle Seahawks,boxscore,33,27,2003
Division,Sat,2004-01-10,New England Patriots,,Tennessee Titans,boxscore,17,14,2003
Division,Sat,2004-01-10,Carolina Panthers,@,St. Louis Rams,boxscore,29,23,2003
Division,Sun,2004-01-11,Philadelphia Eagles,,Green Bay Packers,boxscore,20,17,2003
Division,Sun,2004-01-11,Indianapolis Colts,@,Kansas City Chiefs,boxscore,38,31,2003
ConfChamp,Sun,2004-01-18,New England Patriots,,Indianapolis Colts,boxscore,24,14,2003
ConfChamp,Sun,2004-01-18,Carolina Panthers,@,Philadelphia Eagles,boxscore,14,3,2003
SuperBowl,Sun,2004-02-01,New England Patriots,N,Carolina Panthers,boxscore,32,29,2003
WildCard,Sat,2005-01-08,New York Jets,@,San Diego Chargers,boxscore,20,17,2004
WildCard,Sat,2005-01-08,St. Louis Rams,@,Seattle Seahawks,boxscore,27,20,2004
WildCard,Sun,2005-01-09,Indianapolis Colts,,Denver Broncos,boxscore,49,24,2004
WildCard,Sun,2005-01-09,Minnesota Vikings,@,Green Bay Packers,boxscore,31,17,2004
Division,Sat,2005-01-15,Atlanta Falcons,,St. Louis Rams,boxscore,47,17,2004
Division,Sat,2005-01-15,Pittsburgh Steelers,,New York Jets,boxscore,20,17,2004
Division,Sun,2005-01-16,New England Patriots,,Indianapolis Colts,boxscore,20,3,2004
Division,Sun,2005-01-16,Philadelphia Eagles,,Minnesota Vikings,boxscore,27,14,2004
ConfChamp,Sun,2005-01-23,New England Patriots,@,Pittsburgh Steelers,boxscore,41,27,2004
ConfChamp,Sun,2005-01-23,Philadelphia Eagles,,Atlanta Falcons,boxscore,27,10,2004
SuperBowl,Sun,2005-02-06,New England Patriots,N,Philadelphia Eagles,boxscore,24,21,2004
WildCard,Sat,2006-01-07,New England Patriots,,Jacksonville Jaguars,boxscore,28,3,2005
WildCard,Sat,2006-01-07,Washington Redskins,@,Tampa Bay Buccaneers,boxscore,17,10,2005
WildCard,Sun,2006-01-08,Carolina Panthers,@,New York Giants,boxscore,23,0,2005
WildCard,Sun,2006-01-08,Pittsburgh Steelers,@,Cincinnati Bengals,boxscore,31,17,2005
Division,Sat,2006-01-14,Denver Broncos,,New England Patriots,boxscore,27,13,2005
Division,Sat,2006-01-14,Seattle Seahawks,,Washington Redskins,boxscore,20,10,2005
Division,Sun,2006-01-15,Carolina Panthers,@,Chicago Bears,boxscore,29,21,2005
Division,Sun,2006-01-15,Pittsburgh Steelers,@,Indianapolis Colts,boxscore,21,18,2005
ConfChamp,Sun,2006-01-22,Seattle Seahawks,,Carolina Panthers,boxscore,34,14,2005
ConfChamp,Sun,2006-01-22,Pittsburgh Steelers,@,Denver Broncos,boxscore,34,17,2005
SuperBowl,Sun,2006-02-05,Pittsburgh Steelers,N,Seattle Seahawks,boxscore,21,10,2005
WildCard,Sat,2007-01-06,Indianapolis Colts,,Kansas City Chiefs,boxscore,23,8,2006
WildCard,Sat,2007-01-06,Seattle Seahawks,,Dallas Cowboys,boxscore,21,20,2006
WildCard,Sun,2007-01-07,New England Patriots,,New York Jets,boxscore,37,16,2006
WildCard,Sun,2007-01-07,Philadelphia Eagles,,New York Giants,boxscore,23,20,2006
Division,Sat,2007-01-13,New Orleans Saints,,Philadelphia Eagles,boxscore,27,24,2006
Division,Sat,2007-01-13,Indianapolis Colts,@,Baltimore Ravens,boxscore,15,6,2006
Division,Sun,2007-01-14,Chicago Bears,,Seattle Seahawks,boxscore,27,24,2006
Division,Sun,2007-01-14,New England Patriots,@,San Diego Chargers,boxscore,24,21,2006
ConfChamp,Sun,2007-01-21,Chicago Bears,,New Orleans Saints,boxscore,39,14,2006
ConfChamp,Sun,2007-01-21,Indianapolis Colts,,New England Patriots,boxscore,38,34,2006
SuperBowl,Sun,2007-02-04,Indianapolis Colts,N,Chicago Bears,boxscore,29,17,2006
WildCard,Sat,2008-01-05,Jacksonville Jaguars,@,Pittsburgh Steelers,boxscore,31,29,2007
WildCard,Sat,2008-01-05,Seattle Seahawks,,Washington Redskins,boxscore,35,14,2007
WildCard,Sun,2008-01-06,New York Giants,@,Tampa Bay Buccaneers,boxscore,24,14,2007
WildCard,Sun,2008-01-06,San Diego Chargers,,Tennessee Titans,boxscore,17,6,2007
Division,Sat,2008-01-12,Green Bay Packers,,Seattle Seahawks,boxscore,42,20,2007
Division,Sat,2008-01-12,New England Patriots,,Jacksonville Jaguars,boxscore,31,20,2007
Division,Sun,2008-01-13,New York Giants,@,Dallas Cowboys,boxscore,21,17,2007
Division,Sun,2008-01-13,San Diego Chargers,@,Indianapolis Colts,boxscore,28,24,2007
ConfChamp,Sun,2008-01-20,New England Patriots,,San Diego Chargers,boxscore,21,12,2007
ConfChamp,Sun,2008-01-20,New York Giants,@,Green Bay Packers,boxscore,23,20,2007
SuperBowl,Sun,2008-02-03,New York Giants,N,New England Patriots,boxscore,17,14,2007
WildCard,Sat,2009-01-03,Arizona Cardinals,,Atlanta Falcons,boxscore,30,24,2008
WildCard,Sat,2009-01-03,San Diego Chargers,,Indianapolis Colts,boxscore,23,17,2008
WildCard,Sun,2009-01-04,Philadelphia Eagles,@,Minnesota Vikings,boxscore,26,14,2008
WildCard,Sun,2009-01-04,Baltimore Ravens,@,Miami Dolphins,boxscore,27,9,2008
Division,Sat,2009-01-10,Arizona Cardinals,@,Carolina Panthers,boxscore,33,13,2008
Division,Sat,2009-01-10,Baltimore Ravens,@,Tennessee Titans,boxscore,13,10,2008
Division,Sun,2009-01-11,Pittsburgh Steelers,,San Diego Chargers,boxscore,35,24,2008
Division,Sun,2009-01-11,Philadelphia Eagles,@,New York Giants,boxscore,23,11,2008
ConfChamp,Sun,2009-01-18,Pittsburgh Steelers,,Baltimore Ravens,boxscore,23,14,2008
ConfChamp,Sun,2009-01-18,Arizona Cardinals,,Philadelphia Eagles,boxscore,32,25,2008
SuperBowl,Sun,2009-02-01,Pittsburgh Steelers,N,Arizona Cardinals,boxscore,27,23,2008
WildCard,Sat,2010-01-09,Dallas Cowboys,,Philadelphia Eagles,boxscore,34,14,2009
WildCard,Sat,2010-01-09,New York Jets,@,Cincinnati Bengals,boxscore,24,14,2009
WildCard,Sun,2010-01-10,Arizona Cardinals,,Green Bay Packers,boxscore,51,45,2009
WildCard,Sun,2010-01-10,Baltimore Ravens,@,New England Patriots,boxscore,33,14,2009
Division,Sat,2010-01-16,Indianapolis Colts,,Baltimore Ravens,boxscore,20,3,2009
Division,Sat,2010-01-16,New Orleans Saints,,Arizona Cardinals,boxscore,45,14,2009
Division,Sun,2010-01-17,Minnesota Vikings,,Dallas Cowboys,boxscore,34,3,2009
Division,Sun,2010-01-17,New York Jets,@,San Diego Chargers,boxscore,17,14,2009
ConfChamp,Sun,2010-01-24,Indianapolis Colts,,New York Jets,boxscore,30,17,2009
ConfChamp,Sun,2010-01-24,New Orleans Saints,,Minnesota Vikings,boxscore,31,28,2009
SuperBowl,Sun,2010-02-07,New Orleans Saints,N,Indianapolis Colts,boxscore,31,17,2009
WildCard,Sat,2011-01-08,New York Jets,@,Indianapolis Colts,boxscore,17,16,2010
WildCard,Sat,2011-01-08,Seattle Seahawks,,New Orleans Saints,boxscore,41,36,2010
WildCard,Sun,2011-01-09,Green Bay Packers,@,Philadelphia Eagles,boxscore,21,16,2010
WildCard,Sun,2011-01-09,Baltimore Ravens,@,Kansas City Chiefs,boxscore,30,7,2010
Division,Sat,2011-01-15,Pittsburgh Steelers,,Baltimore Ravens,boxscore,31,24,2010
Division,Sat,2011-01-15,Green Bay Packers,@,Atlanta Falcons,boxscore,48,21,2010
Division,Sun,2011-01-16,Chicago Bears,,Seattle Seahawks,boxscore,35,24,2010
Division,Sun,2011-01-16,New York Jets,@,New England Patriots,boxscore,28,21,2010
ConfChamp,Sun,2011-01-23,Pittsburgh Steelers,,New York Jets,boxscore,24,19,2010
ConfChamp,Sun,2011-01-23,Green Bay Packers,@,Chicago Bears,boxscore,21,14,2010
SuperBowl,Sun,2011-02-06,Green Bay Packers,N,Pittsburgh Steelers,boxscore,31,25,2010
WildCard,Sat,2012-01-07,Houston Texans,,Cincinnati Bengals,boxscore,31,10,2011
WildCard,Sat,2012-01-07,New Orleans Saints,,Detroit Lions,boxscore,45,28,2011
WildCard,Sun,2012-01-08,Denver Broncos,,Pittsburgh Steelers,boxscore,29,23,2011
WildCard,Sun,2012-01-08,New York Giants,,Atlanta Falcons,boxscore,24,2,2011
Division,Sat,2012-01-14,New England Patriots,,Denver Broncos,boxscore,45,10,2011
Division,Sat,2012-01-14,San Francisco 49ers,,New Orleans Saints,boxscore,36,32,2011
Division,Sun,2012-01-15,Baltimore Ravens,,Houston Texans,boxscore,20,13,2011
Division,Sun,2012-01-15,New York Giants,@,Green Bay Packers,boxscore,37,20,2011
ConfChamp,Sun,2012-01-22,New England Patriots,,Baltimore Ravens,boxscore,23,20,2011
ConfChamp,Sun,2012-01-22,New York Giants,@,San Francisco 49ers,boxscore,20,17,2011
SuperBowl,Sun,2012-02-05,New York Giants,N,New England Patriots,boxscore,21,17,2011
WildCard,Sat,2013-01-05,Green Bay Packers,,Minnesota Vikings,boxscore,24,10,2012
WildCard,Sat,2013-01-05,Houston Texans,,Cincinnati Bengals,boxscore,19,13,2012
WildCard,Sun,2013-01-06,Baltimore Ravens,,Indianapolis Colts,boxscore,24,9,2012
WildCard,Sun,2013-01-06,Seattle Seahawks,@,Washington Redskins,boxscore,24,14,2012
Division,Sat,2013-01-12,San Francisco 49ers,,Green Bay Packers,boxscore,45,31,2012
Division,Sat,2013-01-12,Baltimore Ravens,@,Denver Broncos,boxscore,38,35,2012
Division,Sun,2013-01-13,Atlanta Falcons,,Seattle Seahawks,boxscore,30,28,2012
Division,Sun,2013-01-13,New England Patriots,,Houston Texans,boxscore,41,28,2012
ConfChamp,Sun,2013-01-20,San Francisco 49ers,@,Atlanta Falcons,boxscore,28,24,2012
ConfChamp,Sun,2013-01-20,Baltimore Ravens,@,New England Patriots,boxscore,28,13,2012
SuperBowl,Sun,2013-02-03,Baltimore Ravens,N,San Francisco 49ers,boxscore,34,31,2012
WildCard,Sat,2014-01-04,Indianapolis Colts,,Kansas City Chiefs,boxscore,45,44,2013
WildCard,Sat,2014-01-04,New Orleans Saints,@,Philadelphia Eagles,boxscore,26,24,2013
WildCard,Sun,2014-01-05,San Diego Chargers,@,Cincinnati Bengals,boxscore,27,10,2013
WildCard,Sun,2014-01-05,San Francisco 49ers,@,Green Bay Packers,boxscore,23,20,2013
Division,Sat,2014-01-11,New England Patriots,,Indianapolis Colts,boxscore,43,22,2013
Division,Sat,2014-01-11,Seattle Seahawks,,New Orleans Saints,boxscore,23,15,2013
Division,Sun,2014-01-12,Denver Broncos,,San Diego Chargers,boxscore,24,17,2013
Division,Sun,2014-01-12,San Francisco 49ers,@,Carolina Panthers,boxscore,23,10,2013
ConfChamp,Sun,2014-01-19,Denver Broncos,,New England Patriots,boxscore,26,16,2013
ConfChamp,Sun,2014-01-19,Seattle Seahawks,,San Francisco 49ers,boxscore,23,17,2013
SuperBowl,Sun,2014-02-02,Seattle Seahawks,N,Denver Broncos,boxscore,43,8,2013
WildCard,Sat,2015-01-03,Carolina Panthers,,Arizona Cardinals,boxscore,27,16,2014
WildCard,Sat,2015-01-03,Baltimore Ravens,@,Pittsburgh Steelers,boxscore,30,17,2014
WildCard,Sun,2015-01-04,Indianapolis Colts,,Cincinnati Bengals,boxscore,26,10,2014
WildCard,Sun,2015-01-04,Dallas Cowboys,,Detroit Lions,boxscore,24,20,2014
Division,Sat,2015-01-10,New England Patriots,,Baltimore Ravens,boxscore,35,31,2014
Division,Sat,2015-01-10,Seattle Seahawks,,Carolina Panthers,boxscore,31,17,2014
Division,Sun,2015-01-11,Green Bay Packers,,Dallas Cowboys,boxscore,26,21,2014
Division,Sun,2015-01-11,Indianapolis Colts,@,Denver Broncos,boxscore,24,13,2014
ConfChamp,Sun,2015-01-18,New England Patriots,,Indianapolis Colts,boxscore,45,7,2014
ConfChamp,Sun,2015-01-18,Seattle Seahawks,,Green Bay Packers,boxscore,28,22,2014
SuperBowl,Sun,2015-02-01,New England Patriots,N,Seattle Seahawks,boxscore,28,24,2014
WildCard,Sat,2016-01-09,Kansas City Chiefs,@,Houston Texans,boxscore,30,0,2015
WildCard,Sat,2016-01-09,Pittsburgh Steelers,@,Cincinnati Bengals,boxscore,18,16,2015
WildCard,Sun,2016-01-10,Green Bay Packers,@,Washington Redskins,boxscore,35,18,2015
WildCard,Sun,2016-01-10,Seattle Seahawks,@,Minnesota Vikings,boxscore,10,9,2015
Division,Sat,2016-01-16,Arizona Cardinals,,Green Bay Packers,boxscore,26,20,2015
Division,Sat,2016-01-16,New England Patriots,,Kansas City Chiefs,boxscore,27,20,2015
Division,Sun,2016-01-17,Carolina Panthers,,Seattle Seahawks,boxscore,31,24,2015
Division,Sun,2016-01-17,Denver Broncos,,Pittsburgh Steelers,boxscore,23,16,2015
ConfChamp,Sun,2016-01-24,Carolina Panthers,,Arizona Cardinals,boxscore,49,15,2015
ConfChamp,Sun,2016-01-24,Denver Broncos,,New England Patriots,boxscore,20,18,2015
SuperBowl,Sun,2016-02-07,Denver Broncos,N,Carolina Panthers,boxscore,24,10,2015
WildCard,Sat,2017-01-07,Houston Texans,,Oakland Raiders,boxscore,27,14,2016
WildCard,Sat,2017-01-07,Seattle Seahawks,,Detroit Lions,boxscore,26,6,2016
WildCard,Sun,2017-01-08,Green Bay Packers,,New York Giants,boxscore,38,13,2016
WildCard,Sun,2017-01-08,Pittsburgh Steelers,,Miami Dolphins,boxscore,30,12,2016
Division,Sat,2017-01-14,Atlanta Falcons,,Seattle Seahawks,boxscore,36,20,2016
Division,Sat,2017-01-14,New England Patriots,,Houston Texans,boxscore,34,16,2016
Division,Sun,2017-01-15,Green Bay Packers,@,Dallas Cowboys,boxscore,34,31,2016
Division,Sun,2017-01-15,Pittsburgh Steelers,@,Kansas City Chiefs,boxscore,18,16,2016
ConfChamp,Sun,2017-01-22,Atlanta Falcons,,Green Bay Packers,boxscore,44,21,2016
ConfChamp,Sun,2017-01-22,New England Patriots,,Pittsburgh Steelers,boxscore,36,17,2016
SuperBowl,Sun,2017-02-05,New England Patriots,N,Atlanta Falcons,boxscore,34,28,2016
WildCard,Sat,2018-01-06,Atlanta Falcons,@,Los Angeles Rams,boxscore,26,13,2017
WildCard,Sat,2018-01-06,Tennessee Titans,@,Kansas City Chiefs,boxscore,22,21,2017
WildCard,Sun,2018-01-07,Jacksonville Jaguars,,Buffalo Bills,boxscore,10,3,2017
WildCard,Sun,2018-01-07,New Orleans Saints,,Carolina Panthers,boxscore,31,26,2017
Division,Sat,2018-01-13,New England Patriots,,Tennessee Titans,boxscore,35,14,2017
Division,Sat,2018-01-13,Philadelphia Eagles,,Atlanta Falcons,boxscore,15,10,2017
Division,Sun,2018-01-14,Minnesota Vikings,,New Orleans Saints,boxscore,29,24,2017
Division,Sun,2018-01-14,Jacksonville Jaguars,@,Pittsburgh Steelers,boxscore,45,42,2017
ConfChamp,Sun,2018-01-21,New England Patriots,,Jacksonville Jaguars,boxscore,24,20,2017
ConfChamp,Sun,2018-01-21,Philadelphia Eagles,,Minnesota Vikings,boxscore,38,7,2017
SuperBowl,Sun,2018-02-04,Philadelphia Eagles,N,New England Patriots,boxscore,41,33,2017
WildCard,Sat,2019-01-05,Indianapolis Colts,@,Houston Texans,boxscore,21,7,2018
WildCard,Sat,2019-01-05,Dallas Cowboys,,Seattle Seahawks,boxscore,24,22,2018
WildCard,Sun,2019-01-06,Philadelphia Eagles,@,Chicago Bears,boxscore,16,15,2018
WildCard,Sun,2019-01-06,Los Angeles Chargers,@,Baltimore Ravens,boxscore,23,17,2018
Division,Sat,2019-01-12,Kansas City Chiefs,,Indianapolis Colts,boxscore,31,13,2018
Division,Sat,2019-01-12,Los Angeles Rams,,Dallas Cowboys,boxscore,30,22,2018
Division,Sun,2019-01-13,New Orleans Saints,,Philadelphia Eagles,boxscore,20,14,2018
Division,Sun,2019-01-13,New England Patriots,,Los Angeles Chargers,boxscore,41,28,2018
ConfChamp,Sun,2019-01-20,New England Patriots,@,Kansas City Chiefs,boxscore,37,31,2018
ConfChamp,Sun,2019-01-20,Los Angeles Rams,@,New Orleans Saints,boxscore,26,23,2018
SuperBowl,Sun,2019-02-03,New England Patriots,N,Los Angeles Rams,boxscore,13,3,2018
WildCard,Sat,2020-01-04,Houston Texans,,Buffalo Bills,boxscore,22,19,2019
WildCard,Sat,2020-01-04,Tennessee Titans,@,New England Patriots,boxscore,20,13,2019
WildCard,Sun,2020-01-05,Minnesota Vikings,@,New Orleans Saints,boxscore,26,20,2019
WildCard,Sun,2020-01-05,Seattle Seahawks,@,Philadelphia Eagles,boxscore,17,9,2019
Division,Sat,2020-01-11,San Francisco 49ers,,Minnesota Vikings,boxscore,27,10,2019
Division,Sat,2020-01-11,Tennessee Titans,@,Baltimore Ravens,boxscore,28,12,2019
Division,Sun,2020-01-12,Green Bay Packers,,Seattle Seahawks,boxscore,28,23,2019
Division,Sun,2020-01-12,Kansas City Chiefs,,Houston Texans,boxscore,51,31,2019
ConfChamp,Sun,2020-01-19,Kansas City Chiefs,,Tennessee Titans,boxscore,35,24,2019
ConfChamp,Sun,2020-01-19,San Francisco 49ers,,Green Bay Packers,boxscore,37,20,2019
SuperBowl,Sun,2020-02-02,Kansas City Chiefs,N,San Francisco 49ers,boxscore,31,20,2019
WildCard,Sat,2021-01-09,Buffalo Bills,,Indianapolis Colts,boxscore,27,24,2020
WildCard,Sat,2021-01-09,Los Angeles Rams,@,Seattle Seahawks,boxscore,30,20,2020
WildCard,Sat,2021-01-09,Tampa Bay Buccaneers,@,Washington Football Team,boxscore,31,23,2020
WildCard,Sun,2021-01-10,Cleveland Browns,@,Pittsburgh Steelers,boxscore,48,37,2020
WildCard,Sun,2021-01-10,New Orleans Saints,,Chicago Bears,boxscore,21,9,2020
WildCard,Sun,2021-01-10,Baltimore Ravens,@,Tennessee Titans,boxscore,20,13,2020
Division,Sat,2021-01-16,Green Bay Packers,,Los Angeles Rams,boxscore,32,18,2020
Division,Sat,2021-01-16,Buffalo Bills,,Baltimore Ravens,boxscore,17,3,2020
Division,Sun,2021-01-17,Kansas City Chiefs,,Cleveland Browns,boxscore,22,17,2020
Division,Sun,2021-01-17,Tampa Bay Buccaneers,@,New Orleans Saints,boxscore,30,20,2020
ConfChamp,Sun,2021-01-24,Kansas City Chiefs,,Buffalo Bills,boxscore,38,24,2020
ConfChamp,Sun,2021-01-24,Tampa Bay Buccaneers,@,Green Bay Packers,boxscore,31,26,2020
SuperBowl,Sun,2021-02-07,Tampa Bay Buccaneers,N,Kansas City Chiefs,boxscore,31,9,2020
WildCard,Sat,2022-01-15,Buffalo Bills,,New England Patriots,boxscore,47,17,2021
WildCard,Sat,2022-01-15,Cincinnati Bengals,,Las Vegas Raiders,boxscore,26,19,2021
WildCard,Sun,2022-01-16,Kansas City Chiefs,,Pittsburgh Steelers,boxscore,42,21,2021
WildCard,Sun,2022-01-16,San Francisco 49ers,@,Dallas Cowboys,boxscore,23,17,2021
WildCard,Sun,2022-01-16,Tampa Bay Buccaneers,,Philadelphia Eagles,boxscore,31,15,2021
WildCard,Mon,2022-01-17,Los Angeles Rams,,Arizona Cardinals,boxscore,34,11,2021
Division,Sat,2022-01-22,Cincinnati Bengals,@,Tennessee Titans,boxscore,19,16,2021
Division,Sat,2022-01-22,San Francisco 49ers,@,Green Bay Packers,boxscore,13,10,2021
Division,Sun,2022-01-23,Kansas City Chiefs,,Buffalo Bills,boxscore,42,36,2021
Division,Sun,2022-01-23,Los Angeles Rams,@,Tampa Bay Buccaneers,boxscore,30,27,2021
ConfChamp,Sun,2022-01-30,Cincinnati Bengals,@,Kansas City Chiefs,boxscore,27,24,2021
ConfChamp,Sun,2022-01-30,Los Angeles Rams,,San Francisco 49ers,boxscore,20,17,2021
SuperBowl,Sun,2022-02-13,Los Angeles Rams,N,Cincinnati Bengals,boxscore,23,20,2021
WildCard,Sat,2023-01-14,Jacksonville Jaguars,,Los Angeles Chargers,boxscore,31,30,2022
WildCard,Sat,2023-01-14,San Francisco 49ers,,Seattle Seahawks,boxscore,41,23,2022
WildCard,Sun,2023-01-15,Buffalo Bills,,Miami Dolphins,boxscore,34,31,2022
WildCard,Sun,2023-01-15,Cincinnati Bengals,,Baltimore Ravens,boxscore,24,17,2022
WildCard,Sun,2023-01-15,New York Giants,@,Minnesota Vikings,boxscore,31,24,2022
WildCard,Mon,2023-01-16,Dallas Cowboys,@,Tampa Bay Buccaneers,boxscore,31,14,2022
Division,Sat,2023-01-21,Kansas City Chiefs,,Jacksonville Jaguars,boxscore,27,20,2022
Division,Sat,2023-01-21,Philadelphia Eagles,,New York Giants,boxscore,38,7,2022
Division,Sun,2023-01-22,Cincinnati Bengals,@,Buffalo Bills,boxscore,27,10,2022
Division,Sun,2023-01-22,San Francisco 49ers,,Dallas Cowboys,boxscore,19,12,2022
ConfChamp,Sun,2023-01-29,Kansas City Chiefs,,Cincinnati Bengals,boxscore,23,20,2022
ConfChamp,Sun,2023-01-29,Philadelphia Eagles,,San Francisco 49ers,boxscore,31,7,2022
SuperBowl,Sun,2023-02-12,Kansas City Chiefs,N,Philadelphia Eagles,boxscore,38,35,2022
WildCard,Sat,2024-01-13,Houston Texans,,Cleveland Browns,boxscore,45,14,2023
WildCard,Sat,2024-01-13,Kansas City Chiefs,,Miami Dolphins,boxscore,26,7,2023
WildCard,Sun,2024-01-14,Detroit Lions,,Los Angeles Rams,boxscore,24,23,2023
WildCard,Sun,2024-01-14,Green Bay Packers,@,Dallas Cowboys,boxscore,48,32,2023
WildCard,Mon,2024-01-15,Buffalo Bills,,Pittsburgh Steelers,boxscore,31,17,2023
WildCard,Mon,2024-01-15,Tampa Bay Buccaneers,,Philadelphia Eagles,boxscore,32,9,2023
Division,Sat,2024-01-20,Baltimore Ravens,,Houston Texans,boxscore,34,10,2023
Division,Sat,2024-01-20,San Francisco 49ers,,Green Bay Packers,boxscore,24,21,2023
Division,Sun,2024-01-21,Detroit Lions,,Tampa Bay Buccaneers,boxscore,31,23,2023
Division,Sun,2024-01-21,Kansas City Chiefs,@,Buffalo Bills,boxscore,27,24,2023
ConfChamp,Sun,2024-01-28,San Francisco 49ers,,Detroit Lions,boxscore,34,31,2023
ConfChamp,Sun,2024-01-28,Kansas City Chiefs,@,Baltimore Ravens,boxscore,17,10,2023
SuperBowl,Sun,2024-02-11,Kansas City Chiefs,N,San Francisco 49ers,boxscore,25,22,2023
