Team,GP,W,L,T,PTS,PTS%,GF,GA,SRS,SOS,year,OL,RPt%,ROW,RgRec,RgPt%,RW
Philadelphia Flyers,80,48,12,20,116,.725,327,254,0.87,-0.04,1980,,,,,,
New York Islanders,80,39,28,13,91,.569,281,247,0.41,-0.02,1980,,,,,,
New York Rangers,80,38,32,10,86,.538,308,284,0.29,-0.01,1980,,,,,,
Atlanta Flames,80,35,32,13,83,.519,282,269,0.16,-0.01,1980,,,,,,
Washington Capitals,80,27,40,13,67,.419,261,293,-0.38,0.02,1980,,,,,,
Chicago Black Hawks,80,34,27,19,87,.544,241,250,-0.11,0.01,1980,,,,,,
St. Louis Blues,80,34,34,12,80,.500,266,278,-0.14,0.01,1980,,,,,,
Vancouver Canucks,80,27,37,16,70,.438,256,281,-0.30,0.02,1980,,,,,,
Edmonton Oilers,80,28,39,13,69,.431,301,322,-0.25,0.01,1980,,,,,,
Winnipeg Jets,80,20,49,11,51,.319,214,314,-1.19,0.06,1980,,,,,,
Colorado Rockies,80,19,48,13,51,.319,234,308,-0.88,0.04,1980,,,,,,
Buffalo Sabres,80,47,17,16,110,.688,318,201,1.39,-0.07,1980,,,,,,
Boston Bruins,80,46,21,13,105,.656,310,234,0.91,-0.05,1980,,,,,,
Minnesota North Stars,80,36,28,16,88,.550,311,253,0.69,-0.04,1980,,,,,,
Toronto Maple Leafs,80,35,40,5,75,.469,304,327,-0.27,0.01,1980,,,,,,
Quebec Nordiques,80,25,44,11,61,.381,248,313,-0.77,0.04,1980,,,,,,
Montreal Canadiens,80,47,20,13,107,.669,328,240,1.05,-0.05,1980,,,,,,
Los Angeles Kings,80,30,36,14,74,.463,290,313,-0.27,0.01,1980,,,,,,
Pittsburgh Penguins,80,30,37,13,73,.456,251,303,-0.62,0.03,1980,,,,,,
Hartford Whalers,80,27,34,19,73,.456,303,312,-0.11,0.01,1980,,,,,,
Detroit Red Wings,80,26,43,11,63,.394,268,306,-0.45,0.02,1980,,,,,,
New York Islanders,80,48,18,14,110,.688,355,260,1.13,-0.06,1981,,,,,,
Philadelphia Flyers,80,41,24,15,97,.606,313,249,0.76,-0.04,1981,,,,,,
Calgary Flames,80,39,27,14,92,.575,329,298,0.37,-0.02,1981,,,,,,
New York Rangers,80,30,36,14,74,.463,312,317,-0.06,0.00,1981,,,,,,
Washington Capitals,80,26,36,18,70,.438,286,317,-0.37,0.02,1981,,,,,,
St. Louis Blues,80,45,18,17,107,.669,352,281,0.85,-0.04,1981,,,,,,
Chicago Black Hawks,80,31,33,16,78,.488,304,315,-0.13,0.01,1981,,,,,,
Vancouver Canucks,80,28,32,20,76,.475,289,301,-0.14,0.01,1981,,,,,,
Edmonton Oilers,80,29,35,16,74,.463,328,327,0.01,0.00,1981,,,,,,
Colorado Rockies,80,22,45,13,57,.356,258,344,-1.02,0.05,1981,,,,,,
Winnipeg Jets,80,9,57,14,32,.200,246,400,-1.83,0.09,1981,,,,,,
Buffalo Sabres,80,39,20,21,99,.619,327,250,0.92,-0.05,1981,,,,,,
Boston Bruins,80,37,30,13,87,.544,316,272,0.52,-0.03,1981,,,,,,
Minnesota North Stars,80,35,28,17,87,.544,291,263,0.33,-0.02,1981,,,,,,
Quebec Nordiques,80,30,32,18,78,.488,314,318,-0.05,0.00,1981,,,,,,
Toronto Maple Leafs,80,28,37,15,71,.444,322,367,-0.54,0.03,1981,,,,,,
Montreal Canadiens,80,45,22,13,103,.644,332,232,1.19,-0.06,1981,,,,,,
Los Angeles Kings,80,43,24,13,99,.619,337,290,0.56,-0.03,1981,,,,,,
Pittsburgh Penguins,80,30,37,13,73,.456,302,345,-0.51,0.03,1981,,,,,,
Hartford Whalers,80,21,41,18,60,.375,292,372,-0.95,0.05,1981,,,,,,
Detroit Red Wings,80,19,43,18,56,.350,252,339,-1.04,0.05,1981,,,,,,
Minnesota North Stars,80,37,23,20,94,.588,346,288,0.53,-0.19,1982,,,,,,
Winnipeg Jets,80,33,33,14,80,.500,319,332,-0.28,-0.12,1982,,,,,,
St. Louis Blues,80,32,40,8,72,.450,315,349,-0.52,-0.10,1982,,,,,,
Chicago Black Hawks,80,30,38,12,72,.450,332,363,-0.49,-0.10,1982,,,,,,
Toronto Maple Leafs,80,20,44,16,56,.350,298,380,-1.08,-0.05,1982,,,,,,
Detroit Red Wings,80,21,47,12,54,.338,270,351,-1.07,-0.05,1982,,,,,,
Edmonton Oilers,80,48,17,15,111,.694,417,295,1.33,-0.19,1982,,,,,,
Vancouver Canucks,80,30,33,17,77,.481,290,286,-0.01,-0.06,1982,,,,,,
Calgary Flames,80,29,34,17,75,.469,334,345,-0.18,-0.04,1982,,,,,,
Los Angeles Kings,80,24,41,15,63,.394,314,369,-0.68,0.01,1982,,,,,,
Colorado Rockies,80,18,49,13,49,.306,241,362,-1.43,0.08,1982,,,,,,
Montreal Canadiens,80,46,17,17,109,.681,360,223,1.68,-0.04,1982,,,,,,
Boston Bruins,80,43,27,10,96,.600,323,285,0.55,0.08,1982,,,,,,
Buffalo Sabres,80,39,26,15,93,.581,307,273,0.51,0.08,1982,,,,,,
Quebec Nordiques,80,33,31,16,82,.513,356,345,0.25,0.11,1982,,,,,,
Hartford Whalers,80,21,41,18,60,.375,264,351,-0.87,0.22,1982,,,,,,
New York Islanders,80,54,16,10,118,.738,385,250,1.63,-0.05,1982,,,,,,
New York Rangers,80,39,27,14,92,.575,316,306,0.21,0.09,1982,,,,,,
Philadelphia Flyers,80,38,31,11,87,.544,325,313,0.24,0.09,1982,,,,,,
Pittsburgh Penguins,80,31,36,13,75,.469,310,337,-0.21,0.13,1982,,,,,,
Washington Capitals,80,26,41,13,65,.406,319,338,-0.12,0.12,1982,,,,,,
Chicago Black Hawks,80,47,23,10,104,.650,338,268,0.75,-0.12,1983,,,,,,
Minnesota North Stars,80,40,24,16,96,.600,321,290,0.31,-0.08,1983,,,,,,
Toronto Maple Leafs,80,28,40,12,68,.425,293,330,-0.46,0.00,1983,,,,,,
St. Louis Blues,80,25,40,15,65,.406,285,316,-0.40,-0.01,1983,,,,,,
Detroit Red Wings,80,21,44,15,57,.356,263,344,-0.96,0.05,1983,,,,,,
Edmonton Oilers,80,47,21,12,106,.663,424,315,1.26,-0.10,1983,,,,,,
Calgary Flames,80,32,34,14,78,.488,321,317,0.07,0.02,1983,,,,,,
Vancouver Canucks,80,30,35,15,75,.469,303,309,-0.04,0.03,1983,,,,,,
Winnipeg Jets,80,33,39,8,74,.463,311,333,-0.23,0.05,1983,,,,,,
Los Angeles Kings,80,27,41,12,66,.413,308,365,-0.62,0.09,1983,,,,,,
Boston Bruins,80,50,20,10,110,.688,327,228,1.18,-0.06,1983,,,,,,
Montreal Canadiens,80,42,24,14,98,.613,350,286,0.78,-0.02,1983,,,,,,
Buffalo Sabres,80,38,29,13,89,.556,318,285,0.43,0.02,1983,,,,,,
Quebec Nordiques,80,34,34,12,80,.500,343,336,0.14,0.05,1983,,,,,,
Hartford Whalers,80,19,54,7,45,.281,261,403,-1.56,0.22,1983,,,,,,
Philadelphia Flyers,80,49,23,8,106,.663,326,240,0.96,-0.12,1983,,,,,,
New York Islanders,80,42,26,12,96,.600,302,226,0.84,-0.11,1983,,,,,,
Washington Capitals,80,39,25,16,94,.588,306,283,0.23,-0.05,1983,,,,,,
New York Rangers,80,35,35,10,80,.500,306,287,0.19,-0.05,1983,,,,,,
New Jersey Devils,80,17,49,14,48,.300,230,338,-1.27,0.08,1983,,,,,,
Pittsburgh Penguins,80,18,53,9,45,.281,257,394,-1.61,0.11,1983,,,,,,
Minnesota North Stars,80,39,31,10,88,.550,345,344,-0.14,-0.15,1984,,,,,,
St. Louis Blues,80,32,41,7,71,.444,293,316,-0.41,-0.12,1984,,,,,,
Detroit Red Wings,80,31,42,7,69,.431,298,323,-0.43,-0.12,1984,,,,,,
Chicago Black Hawks,80,30,42,8,68,.425,277,311,-0.54,-0.11,1984,,,,,,
Toronto Maple Leafs,80,26,45,9,61,.381,303,387,-1.10,-0.05,1984,,,,,,
Edmonton Oilers,80,57,18,5,119,.744,446,314,1.51,-0.15,1984,,,,,,
Calgary Flames,80,34,32,14,82,.513,311,314,-0.03,0.01,1984,,,,,,
Vancouver Canucks,80,32,39,9,73,.456,306,328,-0.25,0.03,1984,,,,,,
Winnipeg Jets,80,31,38,11,73,.456,340,374,-0.38,0.04,1984,,,,,,
Los Angeles Kings,80,23,44,13,59,.369,309,376,-0.76,0.08,1984,,,,,,
Boston Bruins,80,49,25,6,104,.650,336,261,1.01,0.07,1984,,,,,,
Buffalo Sabres,80,48,25,7,103,.644,315,257,0.82,0.09,1984,,,,,,
Quebec Nordiques,80,42,28,10,94,.588,360,278,1.09,0.06,1984,,,,,,
Montreal Canadiens,80,35,40,5,75,.469,286,295,0.06,0.17,1984,,,,,,
Hartford Whalers,80,28,42,10,66,.413,288,320,-0.21,0.19,1984,,,,,,
New York Islanders,80,50,26,4,104,.650,357,269,1.00,-0.10,1984,,,,,,
Washington Capitals,80,48,27,5,101,.631,308,226,0.93,-0.09,1984,,,,,,
Philadelphia Flyers,80,44,26,10,98,.613,350,290,0.68,-0.07,1984,,,,,,
New York Rangers,80,42,29,9,93,.581,314,304,0.10,-0.02,1984,,,,,,
New Jersey Devils,80,17,56,7,41,.256,231,350,-1.38,0.11,1984,,,,,,
Pittsburgh Penguins,80,16,58,6,38,.238,254,390,-1.57,0.13,1984,,,,,,
St. Louis Blues,80,37,31,12,86,.538,299,288,-0.04,-0.18,1985,,,,,,
Chicago Black Hawks,80,38,35,7,83,.519,309,299,-0.05,-0.18,1985,,,,,,
Detroit Red Wings,80,27,41,12,66,.413,313,357,-0.66,-0.11,1985,,,,,,
Minnesota North Stars,80,25,43,12,62,.388,268,321,-0.77,-0.10,1985,,,,,,
Toronto Maple Leafs,80,20,52,8,48,.300,253,358,-1.36,-0.04,1985,,,,,,
Edmonton Oilers,80,49,20,11,109,.681,401,298,1.25,-0.04,1985,,,,,,
Winnipeg Jets,80,43,27,10,96,.600,358,332,0.37,0.05,1985,,,,,,
Calgary Flames,80,41,27,12,94,.588,363,302,0.77,0.01,1985,,,,,,
Los Angeles Kings,80,34,32,14,82,.513,339,326,0.23,0.06,1985,,,,,,
Vancouver Canucks,80,25,46,9,59,.369,284,401,-1.25,0.21,1985,,,,,,
Montreal Canadiens,80,41,27,12,94,.588,309,262,0.64,0.05,1985,,,,,,
Quebec Nordiques,80,41,30,9,91,.569,323,275,0.65,0.05,1985,,,,,,
Buffalo Sabres,80,38,28,14,90,.563,290,237,0.71,0.04,1985,,,,,,
Boston Bruins,80,36,34,10,82,.513,303,287,0.29,0.09,1985,,,,,,
Hartford Whalers,80,30,41,9,69,.431,268,318,-0.47,0.16,1985,,,,,,
Philadelphia Flyers,80,53,20,7,113,.706,348,241,1.22,-0.12,1985,,,,,,
Washington Capitals,80,46,25,9,101,.631,322,240,0.93,-0.10,1985,,,,,,
New York Islanders,80,40,34,6,86,.538,345,312,0.37,-0.05,1985,,,,,,
New York Rangers,80,26,44,10,62,.388,295,345,-0.59,0.04,1985,,,,,,
New Jersey Devils,80,22,48,10,54,.338,264,346,-0.96,0.07,1985,,,,,,
Pittsburgh Penguins,80,24,51,5,53,.331,276,385,-1.27,0.10,1985,,,,,,
Chicago Black Hawks,80,39,33,8,86,.538,351,349,-0.15,-0.17,1986,,,,,,
Minnesota North Stars,80,38,33,9,85,.531,327,305,0.08,-0.20,1986,,,,,,
St. Louis Blues,80,37,34,9,83,.519,302,291,-0.05,-0.18,1986,,,,,,
Toronto Maple Leafs,80,25,48,7,57,.356,311,386,-1.02,-0.09,1986,,,,,,
Detroit Red Wings,80,17,57,6,40,.250,266,415,-1.86,0.00,1986,,,,,,
Edmonton Oilers,80,56,17,7,119,.744,426,310,1.25,-0.20,1986,,,,,,
Calgary Flames,80,40,31,9,89,.556,354,315,0.37,-0.12,1986,,,,,,
Winnipeg Jets,80,26,47,7,59,.369,295,372,-0.95,0.02,1986,,,,,,
Vancouver Canucks,80,23,44,13,59,.369,282,333,-0.65,-0.01,1986,,,,,,
Los Angeles Kings,80,23,49,8,54,.338,284,389,-1.26,0.05,1986,,,,,,
Quebec Nordiques,80,43,31,6,92,.575,330,289,0.60,0.09,1986,,,,,,
Montreal Canadiens,80,40,33,7,87,.544,330,280,0.70,0.08,1986,,,,,,
Boston Bruins,80,37,31,12,86,.538,311,288,0.40,0.11,1986,,,,,,
Hartford Whalers,80,40,36,4,84,.525,332,302,0.48,0.10,1986,,,,,,
Buffalo Sabres,80,37,37,6,80,.500,296,291,0.19,0.13,1986,,,,,,
Philadelphia Flyers,80,53,23,4,110,.688,335,241,1.17,-0.01,1986,,,,,,
Washington Capitals,80,50,23,7,107,.669,315,272,0.58,0.04,1986,,,,,,
New York Islanders,80,39,29,12,90,.563,327,284,0.58,0.04,1986,,,,,,
New York Rangers,80,36,38,6,78,.488,280,276,0.13,0.08,1986,,,,,,
Pittsburgh Penguins,80,34,38,8,76,.475,313,305,0.18,0.08,1986,,,,,,
New Jersey Devils,80,28,49,3,59,.369,300,374,-0.76,0.16,1986,,,,,,
St. Louis Blues,80,32,33,15,79,.494,281,293,-0.22,-0.07,1987,,,,,,
Detroit Red Wings,80,34,36,10,78,.488,260,274,-0.25,-0.07,1987,,,,,,
Chicago Blackhawks,80,29,37,14,72,.450,290,310,-0.32,-0.07,1987,,,,,,
Toronto Maple Leafs,80,32,42,6,70,.438,286,319,-0.46,-0.05,1987,,,,,,
Minnesota North Stars,80,30,40,10,70,.438,296,314,-0.29,-0.07,1987,,,,,,
Edmonton Oilers,80,50,24,6,106,.663,372,284,1.06,-0.04,1987,,,,,,
Calgary Flames,80,46,31,3,95,.594,318,289,0.39,0.03,1987,,,,,,
Winnipeg Jets,80,40,32,8,88,.550,279,271,0.15,0.05,1987,,,,,,
Los Angeles Kings,80,31,41,8,70,.438,318,341,-0.20,0.09,1987,,,,,,
Vancouver Canucks,80,29,43,8,66,.413,282,314,-0.30,0.10,1987,,,,,,
Hartford Whalers,80,43,30,7,93,.581,287,270,0.23,0.02,1987,,,,,,
Montreal Canadiens,80,41,29,10,92,.575,277,241,0.45,0.00,1987,,,,,,
Boston Bruins,80,39,34,7,85,.531,301,276,0.32,0.01,1987,,,,,,
Quebec Nordiques,80,31,39,10,72,.450,267,276,-0.07,0.05,1987,,,,,,
Buffalo Sabres,80,28,44,8,64,.400,280,308,-0.28,0.07,1987,,,,,,
Philadelphia Flyers,80,46,26,8,100,.625,310,245,0.74,-0.08,1987,,,,,,
Washington Capitals,80,38,32,10,86,.538,285,278,0.07,-0.02,1987,,,,,,
New York Islanders,80,35,33,12,82,.513,279,281,-0.03,-0.01,1987,,,,,,
New York Rangers,80,34,38,8,76,.475,307,323,-0.19,0.01,1987,,,,,,
Pittsburgh Penguins,80,30,38,12,72,.450,297,290,0.07,-0.02,1987,,,,,,
New Jersey Devils,80,29,45,6,64,.400,293,368,-0.87,0.07,1987,,,,,,
Detroit Red Wings,80,41,28,11,93,.581,322,269,0.44,-0.23,1988,,,,,,
St. Louis Blues,80,34,38,8,76,.475,278,294,-0.35,-0.15,1988,,,,,,
Chicago Blackhawks,80,30,41,9,69,.431,284,328,-0.67,-0.12,1988,,,,,,
Toronto Maple Leafs,80,21,49,10,52,.325,273,345,-0.99,-0.09,1988,,,,,,
Minnesota North Stars,80,19,48,13,51,.319,242,349,-1.38,-0.05,1988,,,,,,
Calgary Flames,80,48,23,9,105,.656,397,305,1.10,-0.05,1988,,,,,,
Edmonton Oilers,80,44,25,11,99,.619,363,288,0.91,-0.03,1988,,,,,,
Winnipeg Jets,80,33,36,11,77,.481,292,310,-0.15,0.08,1988,,,,,,
Los Angeles Kings,80,30,42,8,68,.425,318,359,-0.41,0.10,1988,,,,,,
Vancouver Canucks,80,25,46,9,59,.369,272,320,-0.49,0.11,1988,,,,,,
Montreal Canadiens,80,45,22,13,103,.644,298,238,0.71,-0.04,1988,,,,,,
Boston Bruins,80,44,30,6,94,.588,300,251,0.59,-0.03,1988,,,,,,
Buffalo Sabres,80,37,32,11,85,.531,283,305,-0.22,0.06,1988,,,,,,
Hartford Whalers,80,35,38,7,77,.481,249,267,-0.17,0.05,1988,,,,,,
Quebec Nordiques,80,32,43,5,69,.431,271,306,-0.37,0.07,1988,,,,,,
New York Islanders,80,39,31,10,88,.550,308,267,0.54,0.03,1988,,,,,,
Washington Capitals,80,38,33,9,85,.531,281,249,0.44,0.04,1988,,,,,,
Philadelphia Flyers,80,38,33,9,85,.531,292,292,0.07,0.07,1988,,,,,,
New Jersey Devils,80,38,36,6,82,.513,295,296,0.06,0.07,1988,,,,,,
New York Rangers,80,36,34,10,82,.513,300,283,0.26,0.05,1988,,,,,,
Pittsburgh Penguins,80,36,35,9,81,.506,319,316,0.10,0.06,1988,,,,,,
Detroit Red Wings,80,34,34,12,80,.500,313,316,-0.17,-0.14,1989,,,,,,
St. Louis Blues,80,33,35,12,78,.488,275,285,-0.25,-0.13,1989,,,,,,
Minnesota North Stars,80,27,37,16,70,.438,258,278,-0.37,-0.12,1989,,,,,,
Chicago Blackhawks,80,27,41,12,66,.413,297,335,-0.57,-0.10,1989,,,,,,
Toronto Maple Leafs,80,28,46,6,62,.388,259,342,-1.08,-0.05,1989,,,,,,
Calgary Flames,80,54,17,9,117,.731,354,226,1.57,-0.03,1989,,,,,,
Los Angeles Kings,80,42,31,7,91,.569,376,335,0.58,0.07,1989,,,,,,
Edmonton Oilers,80,38,34,8,84,.525,325,306,0.33,0.10,1989,,,,,,
Vancouver Canucks,80,33,39,8,74,.463,251,253,0.10,0.12,1989,,,,,,
Winnipeg Jets,80,26,42,12,64,.400,300,355,-0.51,0.18,1989,,,,,,
Montreal Canadiens,80,53,18,9,115,.719,315,218,1.16,-0.06,1989,,,,,,
Boston Bruins,80,37,29,14,88,.550,289,256,0.43,0.02,1989,,,,,,
Buffalo Sabres,80,38,35,7,83,.519,291,299,-0.04,0.06,1989,,,,,,
Hartford Whalers,80,37,38,5,79,.494,299,290,0.16,0.04,1989,,,,,,
Quebec Nordiques,80,27,46,7,61,.381,269,342,-0.78,0.14,1989,,,,,,
Washington Capitals,80,41,29,10,92,.575,305,259,0.50,-0.07,1989,,,,,,
Pittsburgh Penguins,80,40,33,7,87,.544,347,349,-0.05,-0.02,1989,,,,,,
New York Rangers,80,37,35,8,82,.513,310,307,0.01,-0.03,1989,,,,,,
Philadelphia Flyers,80,36,36,8,80,.500,307,285,0.23,-0.05,1989,,,,,,
New Jersey Devils,80,27,41,12,66,.413,281,325,-0.53,0.02,1989,,,,,,
New York Islanders,80,28,47,5,61,.381,265,325,-0.72,0.04,1989,,,,,,
Chicago Blackhawks,80,41,33,6,88,.550,316,294,0.23,-0.05,1990,,,,,,
St. Louis Blues,80,37,34,9,83,.519,295,279,0.16,-0.04,1990,,,,,,
Toronto Maple Leafs,80,38,38,4,80,.500,337,358,-0.26,0.00,1990,,,,,,
Minnesota North Stars,80,36,40,4,76,.475,284,291,-0.10,-0.02,1990,,,,,,
Detroit Red Wings,80,28,38,14,70,.438,288,323,-0.42,0.02,1990,,,,,,
Calgary Flames,80,42,23,15,99,.619,348,265,1.00,-0.04,1990,,,,,,
Edmonton Oilers,80,38,28,14,90,.563,315,283,0.42,0.02,1990,,,,,,
Winnipeg Jets,80,37,32,11,85,.531,298,290,0.15,0.05,1990,,,,,,
Los Angeles Kings,80,34,39,7,75,.469,338,337,0.07,0.06,1990,,,,,,
Vancouver Canucks,80,25,41,14,64,.400,245,306,-0.64,0.13,1990,,,,,,
Boston Bruins,80,46,25,9,101,.631,289,232,0.64,-0.08,1990,,,,,,
Buffalo Sabres,80,45,27,8,98,.613,286,248,0.42,-0.05,1990,,,,,,
Montreal Canadiens,80,41,28,11,93,.581,288,234,0.60,-0.07,1990,,,,,,
Hartford Whalers,80,38,33,9,85,.531,275,268,0.07,-0.02,1990,,,,,,
Quebec Nordiques,80,12,61,7,31,.194,240,407,-1.91,0.18,1990,,,,,,
New York Rangers,80,36,31,13,85,.531,279,267,0.12,-0.03,1990,,,,,,
New Jersey Devils,80,37,34,9,83,.519,295,288,0.06,-0.03,1990,,,,,,
Washington Capitals,80,36,38,6,78,.488,284,275,0.08,-0.03,1990,,,,,,
New York Islanders,80,31,38,11,73,.456,281,288,-0.10,-0.01,1990,,,,,,
Pittsburgh Penguins,80,32,40,8,72,.450,318,359,-0.49,0.02,1990,,,,,,
Philadelphia Flyers,80,30,39,11,71,.444,290,297,-0.10,-0.01,1990,,,,,,
Chicago Blackhawks,80,49,23,8,106,.663,284,211,0.85,-0.06,1991,,,,,,
St. Louis Blues,80,47,22,11,105,.656,310,250,0.70,-0.05,1991,,,,,,
Detroit Red Wings,80,34,38,8,76,.475,273,298,-0.27,0.05,1991,,,,,,
Minnesota North Stars,80,27,39,14,68,.425,256,266,-0.10,0.03,1991,,,,,,
Toronto Maple Leafs,80,23,46,11,57,.356,241,318,-0.86,0.11,1991,,,,,,
Los Angeles Kings,80,46,24,10,102,.638,340,254,1.04,-0.04,1991,,,,,,
Calgary Flames,80,46,26,8,100,.625,344,263,0.98,-0.03,1991,,,,,,
Edmonton Oilers,80,37,37,6,80,.500,272,272,0.06,0.06,1991,,,,,,
Vancouver Canucks,80,28,43,9,65,.406,243,315,-0.76,0.14,1991,,,,,,
Winnipeg Jets,80,26,43,11,63,.394,260,288,-0.26,0.09,1991,,,,,,
Boston Bruins,80,44,24,12,100,.625,299,264,0.32,-0.12,1991,,,,,,
Montreal Canadiens,80,39,30,11,89,.556,273,249,0.20,-0.10,1991,,,,,,
Buffalo Sabres,80,31,30,19,81,.506,292,278,0.08,-0.09,1991,,,,,,
Hartford Whalers,80,31,38,11,73,.456,238,276,-0.51,-0.03,1991,,,,,,
Quebec Nordiques,80,16,50,14,46,.288,236,354,-1.42,0.06,1991,,,,,,
Pittsburgh Penguins,80,41,33,6,88,.550,342,305,0.42,-0.04,1991,,,,,,
New York Rangers,80,36,31,13,85,.531,297,265,0.36,-0.04,1991,,,,,,
Washington Capitals,80,37,36,7,81,.506,258,258,0.00,0.00,1991,,,,,,
New Jersey Devils,80,32,33,15,79,.494,272,264,0.09,-0.01,1991,,,,,,
Philadelphia Flyers,80,33,37,10,76,.475,252,267,-0.18,0.01,1991,,,,,,
New York Islanders,80,25,45,10,60,.375,223,290,-0.77,0.06,1991,,,,,,
Detroit Red Wings,80,43,25,12,98,.613,320,256,0.74,-0.06,1992,,,,,,
Chicago Blackhawks,80,36,29,15,87,.544,257,236,0.22,-0.04,1992,,,,,,
St. Louis Blues,80,36,33,11,83,.519,279,266,0.16,-0.01,1992,,,,,,
Minnesota North Stars,80,32,42,6,70,.438,246,278,-0.37,0.04,1992,,,,,,
Toronto Maple Leafs,80,30,43,7,67,.419,234,294,-0.68,0.07,1992,,,,,,
Vancouver Canucks,80,42,26,12,96,.600,285,250,0.31,-0.13,1992,,,,,,
Los Angeles Kings,80,35,31,14,84,.525,287,296,-0.19,-0.08,1992,,,,,,
Edmonton Oilers,80,36,34,10,82,.513,295,297,-0.12,-0.10,1992,,,,,,
Winnipeg Jets,80,33,32,15,81,.506,251,244,-0.02,-0.11,1992,,,,,,
Calgary Flames,80,31,37,12,74,.463,296,305,-0.19,-0.08,1992,,,,,,
San Jose Sharks,80,17,58,5,39,.244,219,359,-1.72,0.03,1992,,,,,,
Montreal Canadiens,80,41,28,11,93,.581,267,207,0.64,-0.12,1992,,,,,,
Boston Bruins,80,36,32,12,84,.525,270,275,-0.09,-0.03,1992,,,,,,
Buffalo Sabres,80,31,37,12,74,.463,289,299,-0.16,-0.03,1992,,,,,,
Hartford Whalers,80,26,41,13,65,.406,247,283,-0.45,0.00,1992,,,,,,
Quebec Nordiques,80,20,48,12,52,.325,255,318,-0.76,0.03,1992,,,,,,
New York Rangers,80,50,25,5,105,.656,321,246,1.02,0.08,1992,,,,,,
Washington Capitals,80,45,27,8,98,.613,330,275,0.78,0.09,1992,,,,,,
Pittsburgh Penguins,80,39,32,9,87,.544,343,308,0.52,0.08,1992,,,,,,
New Jersey Devils,80,38,31,11,87,.544,289,259,0.48,0.10,1992,,,,,,
New York Islanders,80,34,35,11,79,.494,291,299,0.04,0.14,1992,,,,,,
Philadelphia Flyers,80,32,37,11,75,.469,252,273,-0.13,0.13,1992,,,,,,
Chicago Blackhawks,84,47,25,12,106,.631,279,230,0.58,-0.01,1993,,,,,,
Detroit Red Wings,84,47,28,9,103,.613,369,280,0.99,-0.07,1993,,,,,,
Toronto Maple Leafs,84,44,29,11,99,.589,288,241,0.47,-0.09,1993,,,,,,
St. Louis Blues,84,37,36,11,85,.506,282,278,0.06,0.01,1993,,,,,,
Minnesota North Stars,84,36,38,10,82,.488,272,293,-0.21,0.04,1993,,,,,,
Tampa Bay Lightning,84,23,54,7,53,.315,245,332,-0.96,0.08,1993,,,,,,
Vancouver Canucks,84,46,29,9,101,.601,346,278,0.60,-0.21,1993,,,,,,
Calgary Flames,84,43,30,11,97,.577,322,282,0.25,-0.22,1993,,,,,,
Los Angeles Kings,84,39,35,10,88,.524,338,340,-0.13,-0.10,1993,,,,,,
Winnipeg Jets,84,40,37,7,87,.518,322,320,-0.20,-0.23,1993,,,,,,
Edmonton Oilers,84,26,50,8,60,.357,242,337,-1.19,-0.06,1993,,,,,,
San Jose Sharks,84,11,71,2,24,.143,218,414,-2.29,0.05,1993,,,,,,
Boston Bruins,84,51,26,7,109,.649,332,268,0.74,-0.03,1993,,,,,,
Quebec Nordiques,84,47,27,10,104,.619,351,300,0.50,-0.11,1993,,,,,,
Montreal Canadiens,84,48,30,6,102,.607,326,280,0.49,-0.06,1993,,,,,,
Buffalo Sabres,84,38,36,10,86,.512,335,297,0.41,-0.04,1993,,,,,,
Hartford Whalers,84,26,52,6,58,.345,284,369,-0.93,0.08,1993,,,,,,
Ottawa Senators,84,10,70,4,24,.143,202,395,-2.10,0.20,1993,,,,,,
Pittsburgh Penguins,84,56,21,7,119,.708,367,268,1.23,0.05,1993,,,,,,
Washington Capitals,84,43,34,7,93,.554,325,286,0.57,0.11,1993,,,,,,
New York Islanders,84,40,37,7,87,.518,335,297,0.56,0.11,1993,,,,,,
New Jersey Devils,84,40,37,7,87,.518,308,299,0.26,0.15,1993,,,,,,
Philadelphia Flyers,84,36,37,11,83,.494,319,319,0.20,0.20,1993,,,,,,
New York Rangers,84,34,39,11,79,.470,304,308,0.10,0.15,1993,,,,,,
New York Rangers,84,52,24,8,112,.667,299,231,0.81,0.00,1994,,,,,,
New Jersey Devils,84,47,25,12,106,.631,306,220,1.01,-0.02,1994,,,,,,
Washington Capitals,84,39,35,10,88,.524,277,263,0.20,0.03,1994,,,,,,
New York Islanders,84,36,36,12,84,.500,282,264,0.25,0.03,1994,,,,,,
Florida Panthers,84,33,34,17,83,.494,233,233,0.02,0.02,1994,,,,,,
Philadelphia Flyers,84,35,39,10,80,.476,294,314,-0.19,0.05,1994,,,,,,
Tampa Bay Lightning,84,30,43,11,71,.423,224,251,-0.26,0.06,1994,,,,,,
Pittsburgh Penguins,84,44,27,13,101,.601,299,285,0.17,0.00,1994,,,,,,
Boston Bruins,84,42,29,13,97,.577,289,252,0.41,-0.03,1994,,,,,,
Montreal Canadiens,84,41,29,14,96,.571,283,248,0.39,-0.03,1994,,,,,,
Buffalo Sabres,84,43,32,9,95,.565,282,218,0.72,-0.04,1994,,,,,,
Quebec Nordiques,84,34,42,8,76,.452,277,292,-0.16,0.02,1994,,,,,,
Hartford Whalers,84,27,48,9,63,.375,227,288,-0.68,0.04,1994,,,,,,
Ottawa Senators,84,14,61,9,37,.220,201,397,-2.22,0.12,1994,,,,,,
Detroit Red Wings,84,46,30,8,100,.595,356,275,0.89,-0.08,1994,,,,,,
Toronto Maple Leafs,84,43,29,12,98,.583,280,243,0.41,-0.03,1994,,,,,,
Dallas Stars,84,42,29,13,97,.577,286,265,0.20,-0.05,1994,,,,,,
St. Louis Blues,84,40,33,11,91,.542,270,283,-0.16,0.00,1994,,,,,,
Chicago Blackhawks,84,39,36,9,87,.518,254,240,0.15,-0.02,1994,,,,,,
Winnipeg Jets,84,24,51,9,57,.339,245,344,-1.13,0.05,1994,,,,,,
Calgary Flames,84,42,29,13,97,.577,302,256,0.48,-0.07,1994,,,,,,
Vancouver Canucks,84,41,40,3,85,.506,279,276,0.01,-0.03,1994,,,,,,
San Jose Sharks,84,33,35,16,82,.488,252,265,-0.17,-0.02,1994,,,,,,
Mighty Ducks of Anaheim,84,33,46,5,71,.423,229,251,-0.27,-0.01,1994,,,,,,
Los Angeles Kings,84,27,45,12,66,.393,294,322,-0.34,-0.01,1994,,,,,,
Edmonton Oilers,84,25,45,14,64,.381,261,305,-0.52,0.00,1994,,,,,,
Philadelphia Flyers,48,28,16,4,60,.625,150,132,0.36,-0.01,1995,,,,,,
New Jersey Devils,48,22,18,8,52,.542,136,121,0.30,-0.01,1995,,,,,,
Washington Capitals,48,22,18,8,52,.542,136,120,0.33,-0.01,1995,,,,,,
New York Rangers,48,22,23,3,47,.490,139,134,0.10,-0.01,1995,,,,,,
Florida Panthers,48,20,22,6,46,.479,115,127,-0.26,-0.01,1995,,,,,,
Tampa Bay Lightning,48,17,28,3,37,.385,120,144,-0.49,0.01,1995,,,,,,
New York Islanders,48,15,28,5,35,.365,126,158,-0.63,0.04,1995,,,,,,
Quebec Nordiques,48,30,13,5,65,.677,185,134,1.01,-0.06,1995,,,,,,
Pittsburgh Penguins,48,29,16,3,61,.635,181,158,0.44,-0.04,1995,,,,,,
Boston Bruins,48,27,18,3,57,.594,150,127,0.46,-0.02,1995,,,,,,
Buffalo Sabres,48,22,19,7,51,.531,130,119,0.20,-0.03,1995,,,,,,
Hartford Whalers,48,19,24,5,43,.448,127,141,-0.27,0.02,1995,,,,,,
Montreal Canadiens,48,18,23,7,43,.448,125,148,-0.42,0.06,1995,,,,,,
Ottawa Senators,48,9,34,5,23,.240,117,174,-1.12,0.07,1995,,,,,,
Detroit Red Wings,48,33,11,4,70,.729,180,117,1.24,-0.08,1995,,,,,,
St. Louis Blues,48,28,15,5,61,.635,178,135,0.84,-0.06,1995,,,,,,
Chicago Blackhawks,48,24,19,5,53,.552,156,115,0.80,-0.05,1995,,,,,,
Toronto Maple Leafs,48,21,19,8,50,.521,135,146,-0.19,0.04,1995,,,,,,
Dallas Stars,48,17,23,8,42,.438,136,135,0.07,0.05,1995,,,,,,
Winnipeg Jets,48,16,25,7,39,.406,157,177,-0.33,0.08,1995,,,,,,
Calgary Flames,48,24,17,7,55,.573,163,135,0.49,-0.09,1995,,,,,,
Vancouver Canucks,48,18,18,12,48,.500,153,148,0.06,-0.04,1995,,,,,,
San Jose Sharks,48,19,25,4,42,.438,129,161,-0.66,0.01,1995,,,,,,
Los Angeles Kings,48,16,23,9,41,.427,142,174,-0.65,0.02,1995,,,,,,
Edmonton Oilers,48,17,27,4,38,.396,136,183,-0.92,0.06,1995,,,,,,
Mighty Ducks of Anaheim,48,16,27,5,37,.385,125,164,-0.77,0.05,1995,,,,,,
Philadelphia Flyers,82,45,24,13,103,.628,282,208,0.88,-0.03,1996,,,,,,
New York Rangers,82,41,27,14,96,.585,272,237,0.43,0.00,1996,,,,,,
Florida Panthers,82,41,31,10,92,.561,254,234,0.27,0.02,1996,,,,,,
Washington Capitals,82,39,32,11,89,.543,234,204,0.38,0.02,1996,,,,,,
Tampa Bay Lightning,82,38,32,12,88,.537,238,248,-0.07,0.05,1996,,,,,,
New Jersey Devils,82,37,33,12,86,.524,215,202,0.20,0.04,1996,,,,,,
New York Islanders,82,22,50,10,54,.329,229,315,-0.94,0.11,1996,,,,,,
Pittsburgh Penguins,82,49,29,4,102,.622,362,284,0.90,-0.05,1996,,,,,,
Boston Bruins,82,40,31,11,91,.555,282,269,0.17,0.01,1996,,,,,,
Montreal Canadiens,82,40,32,10,90,.549,265,248,0.20,-0.01,1996,,,,,,
Hartford Whalers,82,34,39,9,77,.470,237,259,-0.22,0.05,1996,,,,,,
Buffalo Sabres,82,33,42,7,73,.445,247,262,-0.16,0.03,1996,,,,,,
Ottawa Senators,82,18,59,5,41,.250,191,291,-1.12,0.10,1996,,,,,,
Detroit Red Wings,82,62,13,7,131,.799,325,181,1.64,-0.11,1996,,,,,,
Chicago Blackhawks,82,40,28,14,94,.573,273,220,0.61,-0.04,1996,,,,,,
Toronto Maple Leafs,82,34,36,12,80,.488,247,252,-0.07,0.00,1996,,,,,,
St. Louis Blues,82,32,34,16,80,.488,219,248,-0.35,0.00,1996,,,,,,
Winnipeg Jets,82,36,40,6,78,.476,275,291,-0.18,0.02,1996,,,,,,
Dallas Stars,82,26,42,14,66,.402,227,280,-0.60,0.05,1996,,,,,,
Colorado Avalanche,82,47,25,10,104,.634,326,240,0.93,-0.12,1996,,,,,,
Calgary Flames,82,34,37,11,79,.482,241,240,-0.04,-0.05,1996,,,,,,
Vancouver Canucks,82,32,35,15,79,.482,278,278,-0.05,-0.05,1996,,,,,,
Mighty Ducks of Anaheim,82,35,39,8,78,.476,234,247,-0.19,-0.03,1996,,,,,,
Edmonton Oilers,82,30,44,8,68,.415,240,304,-0.78,0.00,1996,,,,,,
Los Angeles Kings,82,24,40,18,66,.402,256,302,-0.59,-0.03,1996,,,,,,
San Jose Sharks,82,20,55,7,47,.287,252,357,-1.25,0.03,1996,,,,,,
New Jersey Devils,82,45,23,14,104,.634,231,182,0.57,-0.03,1997,,,,,,
Philadelphia Flyers,82,45,24,13,103,.628,274,217,0.67,-0.03,1997,,,,,,
Florida Panthers,82,35,28,19,89,.543,221,201,0.25,0.00,1997,,,,,,
New York Rangers,82,38,34,10,86,.524,258,231,0.33,0.01,1997,,,,,,
Washington Capitals,82,33,40,9,75,.457,214,231,-0.17,0.04,1997,,,,,,
Tampa Bay Lightning,82,32,40,10,74,.451,217,247,-0.33,0.04,1997,,,,,,
New York Islanders,82,29,41,12,70,.427,240,250,-0.10,0.02,1997,,,,,,
Buffalo Sabres,82,40,30,12,92,.561,237,208,0.31,-0.04,1997,,,,,,
Pittsburgh Penguins,82,38,36,8,84,.512,285,280,0.04,-0.02,1997,,,,,,
Ottawa Senators,82,31,36,15,77,.470,226,234,-0.11,-0.02,1997,,,,,,
Montreal Canadiens,82,31,36,15,77,.470,249,276,-0.34,-0.01,1997,,,,,,
Hartford Whalers,82,32,39,11,75,.457,226,256,-0.37,0.00,1997,,,,,,
Boston Bruins,82,26,47,9,61,.372,234,300,-0.78,0.02,1997,,,,,,
Dallas Stars,82,48,26,8,104,.634,252,198,0.64,-0.02,1997,,,,,,
Detroit Red Wings,82,38,26,18,94,.573,253,197,0.66,-0.03,1997,,,,,,
Phoenix Coyotes,82,38,37,7,83,.506,240,243,-0.02,0.02,1997,,,,,,
St. Louis Blues,82,36,35,11,83,.506,236,239,-0.03,0.01,1997,,,,,,
Chicago Blackhawks,82,34,35,13,81,.494,223,210,0.18,0.02,1997,,,,,,
Toronto Maple Leafs,82,30,44,8,68,.415,230,273,-0.48,0.05,1997,,,,,,
Colorado Avalanche,82,49,24,9,107,.652,277,205,0.81,-0.07,1997,,,,,,
Mighty Ducks of Anaheim,82,36,33,13,85,.518,245,233,0.12,-0.03,1997,,,,,,
Edmonton Oilers,82,36,37,9,81,.494,252,247,0.03,-0.03,1997,,,,,,
Vancouver Canucks,82,35,40,7,77,.470,257,273,-0.20,-0.01,1997,,,,,,
Calgary Flames,82,32,41,9,73,.445,214,239,-0.29,0.02,1997,,,,,,
Los Angeles Kings,82,28,43,11,67,.409,214,268,-0.62,0.04,1997,,,,,,
San Jose Sharks,82,27,47,8,62,.378,211,278,-0.78,0.03,1997,,,,,,
New Jersey Devils,82,48,23,11,107,.652,225,166,0.66,-0.06,1998,,,,,,
Philadelphia Flyers,82,42,29,11,95,.579,242,193,0.53,-0.07,1998,,,,,,
Washington Capitals,82,40,30,12,92,.561,219,202,0.17,-0.04,1998,,,,,,
New York Islanders,82,30,41,11,71,.433,212,225,-0.15,0.00,1998,,,,,,
New York Rangers,82,25,39,18,68,.415,197,231,-0.41,0.00,1998,,,,,,
Florida Panthers,82,24,43,15,63,.384,203,256,-0.62,0.03,1998,,,,,,
Tampa Bay Lightning,82,17,55,10,44,.268,151,269,-1.37,0.07,1998,,,,,,
Pittsburgh Penguins,82,40,24,18,98,.598,228,188,0.48,-0.01,1998,,,,,,
Boston Bruins,82,39,30,13,91,.555,221,194,0.33,0.00,1998,,,,,,
Buffalo Sabres,82,36,29,17,89,.543,211,187,0.29,0.00,1998,,,,,,
Montreal Canadiens,82,37,32,13,87,.530,235,208,0.33,0.00,1998,,,,,,
Ottawa Senators,82,34,33,15,83,.506,193,200,-0.06,0.02,1998,,,,,,
Carolina Hurricanes,82,33,41,8,74,.451,200,219,-0.20,0.04,1998,,,,,,
Dallas Stars,82,49,22,11,109,.665,242,167,0.88,-0.03,1998,,,,,,
Detroit Red Wings,82,44,23,15,103,.628,250,196,0.64,-0.02,1998,,,,,,
St. Louis Blues,82,45,29,8,98,.598,256,204,0.63,0.00,1998,,,,,,
Phoenix Coyotes,82,35,35,12,82,.500,224,227,0.00,0.04,1998,,,,,,
Chicago Blackhawks,82,30,39,13,73,.445,192,199,-0.06,0.03,1998,,,,,,
Toronto Maple Leafs,82,30,43,9,69,.421,194,237,-0.46,0.07,1998,,,,,,
Colorado Avalanche,82,39,26,17,95,.579,231,205,0.27,-0.05,1998,,,,,,
Los Angeles Kings,82,38,33,11,87,.530,227,225,-0.01,-0.03,1998,,,,,,
Edmonton Oilers,82,35,37,10,80,.488,215,224,-0.13,-0.02,1998,,,,,,
San Jose Sharks,82,34,38,10,78,.476,210,216,-0.10,-0.03,1998,,,,,,
Calgary Flames,82,26,41,15,67,.409,217,252,-0.42,0.01,1998,,,,,,
Mighty Ducks of Anaheim,82,26,43,13,65,.396,205,261,-0.66,0.02,1998,,,,,,
Vancouver Canucks,82,25,43,14,64,.390,224,273,-0.58,0.02,1998,,,,,,
New Jersey Devils,82,47,24,11,105,.640,248,196,0.62,-0.02,1999,,,,,,
Philadelphia Flyers,82,37,26,19,93,.567,231,196,0.43,0.00,1999,,,,,,
Pittsburgh Penguins,82,38,30,14,90,.549,242,225,0.21,0.00,1999,,,,,,
New York Rangers,82,33,38,11,77,.470,217,227,-0.08,0.04,1999,,,,,,
New York Islanders,82,24,48,10,58,.354,194,244,-0.55,0.06,1999,,,,,,
Ottawa Senators,82,44,23,15,103,.628,239,179,0.73,0.00,1999,,,,,,
Toronto Maple Leafs,82,45,30,7,97,.591,268,231,0.46,0.01,1999,,,,,,
Boston Bruins,82,39,30,13,91,.555,214,181,0.40,0.00,1999,,,,,,
Buffalo Sabres,82,37,28,17,91,.555,207,175,0.41,0.02,1999,,,,,,
Montreal Canadiens,82,32,39,11,75,.457,184,209,-0.26,0.05,1999,,,,,,
Carolina Hurricanes,82,34,30,18,86,.524,210,202,0.10,0.00,1999,,,,,,
Florida Panthers,82,30,34,18,78,.476,210,228,-0.21,0.01,1999,,,,,,
Washington Capitals,82,31,45,6,68,.415,200,218,-0.21,0.01,1999,,,,,,
Tampa Bay Lightning,82,19,54,9,47,.287,179,292,-1.28,0.09,1999,,,,,,
Detroit Red Wings,82,43,32,7,93,.567,245,202,0.46,-0.06,1999,,,,,,
St. Louis Blues,82,37,32,13,87,.530,237,209,0.29,-0.05,1999,,,,,,
Chicago Blackhawks,82,29,41,12,70,.427,202,248,-0.55,0.01,1999,,,,,,
Nashville Predators,82,28,47,7,63,.384,190,261,-0.85,0.02,1999,,,,,,
Colorado Avalanche,82,44,28,10,98,.598,239,205,0.34,-0.08,1999,,,,,,
Edmonton Oilers,82,33,37,12,78,.476,230,226,0.02,-0.03,1999,,,,,,
Calgary Flames,82,30,40,12,72,.439,211,234,-0.30,-0.02,1999,,,,,,
Vancouver Canucks,82,23,47,12,58,.354,192,258,-0.77,0.04,1999,,,,,,
Dallas Stars,82,51,19,12,114,.695,236,168,0.76,-0.07,1999,,,,,,
Phoenix Coyotes,82,39,31,12,90,.549,205,197,0.08,-0.02,1999,,,,,,
Mighty Ducks of Anaheim,82,35,34,13,83,.506,215,206,0.10,-0.01,1999,,,,,,
San Jose Sharks,82,31,33,18,80,.488,196,191,0.04,-0.02,1999,,,,,,
Los Angeles Kings,82,32,45,5,69,.421,189,222,-0.38,0.03,1999,,,,,,
Philadelphia Flyers,82,45,22,12,105,.640,237,179,0.58,-0.13,2000,3,.622,,,,
New Jersey Devils,82,45,24,8,103,.628,251,203,0.46,-0.13,2000,5,.598,,,,
Pittsburgh Penguins,82,37,31,8,88,.537,241,236,-0.03,-0.09,2000,6,.500,,,,
New York Rangers,82,29,38,12,73,.445,218,246,-0.39,-0.05,2000,3,.427,,,,
New York Islanders,82,24,48,9,58,.354,194,275,-1.02,-0.03,2000,1,.348,,,,
Toronto Maple Leafs,82,45,27,7,100,.610,246,222,0.25,-0.05,2000,3,.591,,,,
Ottawa Senators,82,41,28,11,95,.579,244,210,0.30,-0.12,2000,2,.567,,,,
Buffalo Sabres,82,35,32,11,85,.518,213,204,0.01,-0.10,2000,4,.494,,,,
Montreal Canadiens,82,35,34,9,83,.506,196,194,-0.06,-0.09,2000,4,.482,,,,
Boston Bruins,82,24,33,19,73,.445,210,248,-0.52,-0.06,2000,6,.409,,,,
Washington Capitals,82,44,24,12,102,.622,227,194,0.28,-0.13,2000,2,.610,,,,
Florida Panthers,82,43,27,6,98,.598,244,209,0.28,-0.15,2000,6,.561,,,,
Carolina Hurricanes,82,37,35,10,84,.512,217,216,-0.10,-0.11,2000,0,.512,,,,
Tampa Bay Lightning,82,19,47,9,54,.329,204,310,-1.34,-0.05,2000,7,.287,,,,
Atlanta Thrashers,82,14,57,7,39,.238,170,313,-1.75,0.00,2000,4,.213,,,,
St. Louis Blues,82,51,19,11,114,.695,248,165,1.08,0.07,2000,1,.689,,,,
Detroit Red Wings,82,48,22,10,108,.659,278,210,0.88,0.05,2000,2,.646,,,,
Chicago Blackhawks,82,33,37,10,78,.476,242,245,0.10,0.13,2000,2,.463,,,,
Nashville Predators,82,28,40,7,70,.427,199,240,-0.36,0.14,2000,7,.384,,,,
Colorado Avalanche,82,42,28,11,96,.585,233,201,0.46,0.07,2000,1,.579,,,,
Edmonton Oilers,82,32,26,16,88,.537,226,212,0.22,0.05,2000,8,.488,,,,
Vancouver Canucks,82,30,29,15,83,.506,227,237,-0.01,0.11,2000,8,.457,,,,
Calgary Flames,82,31,36,10,77,.470,211,256,-0.42,0.13,2000,5,.439,,,,
Dallas Stars,82,43,23,10,102,.622,211,184,0.41,0.08,2000,6,.585,,,,
Los Angeles Kings,82,39,27,12,94,.573,245,228,0.30,0.09,2000,4,.549,,,,
Phoenix Coyotes,82,39,31,8,90,.549,232,228,0.15,0.10,2000,4,.524,,,,
San Jose Sharks,82,35,30,10,87,.530,225,214,0.23,0.10,2000,7,.488,,,,
Mighty Ducks of Anaheim,82,34,33,12,83,.506,217,227,0.02,0.14,2000,3,.488,,,,
New Jersey Devils,82,48,19,12,111,.677,295,195,1.10,-0.12,2001,3,.659,,,,
Philadelphia Flyers,82,43,25,11,100,.610,240,207,0.33,-0.07,2001,3,.591,,,,
Pittsburgh Penguins,82,42,28,9,96,.585,281,256,0.23,-0.07,2001,3,.567,,,,
New York Rangers,82,33,43,5,72,.439,250,290,-0.53,-0.04,2001,1,.433,,,,
New York Islanders,82,21,51,7,52,.317,185,268,-1.02,0.00,2001,3,.299,,,,
Ottawa Senators,82,48,21,9,109,.665,274,205,0.74,-0.10,2001,4,.640,,,,
Buffalo Sabres,82,46,30,5,98,.598,218,184,0.35,-0.07,2001,1,.591,,,,
Toronto Maple Leafs,82,37,29,11,90,.549,232,207,0.25,-0.05,2001,5,.518,,,,
Boston Bruins,82,36,30,8,88,.537,227,249,-0.27,0.00,2001,8,.488,,,,
Montreal Canadiens,82,28,40,8,70,.427,206,232,-0.35,-0.03,2001,6,.390,,,,
Washington Capitals,82,41,27,10,96,.585,233,211,0.16,-0.10,2001,4,.561,,,,
Carolina Hurricanes,82,38,32,9,88,.537,212,225,-0.24,-0.08,2001,3,.518,,,,
Florida Panthers,82,22,38,13,66,.402,200,246,-0.60,-0.04,2001,9,.348,,,,
Atlanta Thrashers,82,23,45,12,60,.366,211,289,-0.99,-0.04,2001,2,.354,,,,
Tampa Bay Lightning,82,24,47,6,59,.360,201,280,-0.98,-0.01,2001,5,.329,,,,
Detroit Red Wings,82,49,20,9,111,.677,253,202,0.63,0.01,2001,4,.652,,,,
St. Louis Blues,82,43,22,12,103,.628,249,195,0.67,0.01,2001,5,.598,,,,
Nashville Predators,82,34,36,9,80,.488,186,200,-0.11,0.06,2001,3,.470,,,,
Chicago Blackhawks,82,29,40,8,71,.433,210,246,-0.36,0.08,2001,5,.402,,,,
Columbus Blue Jackets,82,28,39,9,71,.433,190,233,-0.44,0.08,2001,6,.396,,,,
Colorado Avalanche,82,52,16,10,118,.720,270,192,0.95,0.00,2001,4,.695,,,,
Edmonton Oilers,82,39,28,12,93,.567,243,222,0.32,0.07,2001,3,.549,,,,
Vancouver Canucks,82,36,28,11,90,.549,239,238,0.08,0.07,2001,7,.506,,,,
Calgary Flames,82,27,36,15,73,.445,197,236,-0.37,0.11,2001,4,.421,,,,
Minnesota Wild,82,25,39,13,68,.415,168,210,-0.42,0.09,2001,5,.384,,,,
Dallas Stars,82,48,24,8,106,.646,241,187,0.68,0.02,2001,2,.634,,,,
San Jose Sharks,82,40,27,12,95,.579,217,192,0.36,0.06,2001,3,.561,,,,
Los Angeles Kings,82,38,28,13,92,.561,252,228,0.32,0.03,2001,3,.543,,,,
Phoenix Coyotes,82,35,27,17,90,.549,214,212,0.07,0.05,2001,3,.530,,,,
Mighty Ducks of Anaheim,82,25,41,11,66,.402,188,245,-0.60,0.10,2001,5,.372,,,,
Philadelphia Flyers,82,42,27,10,97,.591,234,192,0.41,-0.11,2002,3,.573,,,,
New York Islanders,82,42,28,8,96,.585,239,220,0.15,-0.08,2002,4,.561,,,,
New Jersey Devils,82,41,28,9,95,.579,205,187,0.15,-0.07,2002,4,.555,,,,
New York Rangers,82,36,38,4,80,.488,227,258,-0.43,-0.05,2002,4,.463,,,,
Pittsburgh Penguins,82,28,41,8,69,.421,198,249,-0.66,-0.04,2002,5,.390,,,,
Boston Bruins,82,43,24,6,101,.616,236,201,0.33,-0.09,2002,9,.561,,,,
Toronto Maple Leafs,82,43,25,10,100,.610,249,207,0.44,-0.08,2002,4,.585,,,,
Ottawa Senators,82,39,27,9,94,.573,243,208,0.36,-0.07,2002,7,.530,,,,
Montreal Canadiens,82,36,31,12,87,.530,207,209,-0.10,-0.08,2002,3,.512,,,,
Buffalo Sabres,82,35,35,11,82,.500,213,200,0.09,-0.07,2002,1,.494,,,,
Carolina Hurricanes,82,35,26,16,91,.555,217,217,-0.09,-0.09,2002,5,.524,,,,
Washington Capitals,82,36,33,11,85,.518,228,240,-0.25,-0.10,2002,2,.506,,,,
Tampa Bay Lightning,82,27,40,11,69,.421,178,219,-0.58,-0.08,2002,4,.396,,,,
Florida Panthers,82,22,44,10,60,.366,180,250,-0.92,-0.07,2002,6,.329,,,,
Atlanta Thrashers,82,19,47,11,54,.329,187,288,-1.27,-0.04,2002,5,.299,,,,
Detroit Red Wings,82,51,17,10,116,.707,251,187,0.83,0.05,2002,4,.683,,,,
St. Louis Blues,82,43,27,8,98,.598,227,188,0.54,0.07,2002,4,.573,,,,
Chicago Blackhawks,82,41,27,13,96,.585,216,207,0.19,0.08,2002,1,.579,,,,
Nashville Predators,82,28,41,13,69,.421,196,230,-0.31,0.10,2002,0,.421,,,,
Columbus Blue Jackets,82,22,47,8,57,.348,164,255,-0.97,0.14,2002,5,.317,,,,
Colorado Avalanche,82,45,28,8,99,.604,212,169,0.58,0.06,2002,1,.598,,,,
Vancouver Canucks,82,42,30,7,94,.573,254,211,0.59,0.07,2002,3,.555,,,,
Edmonton Oilers,82,38,28,12,92,.561,205,182,0.34,0.06,2002,4,.537,,,,
Calgary Flames,82,32,35,12,79,.482,201,220,-0.15,0.08,2002,3,.463,,,,
Minnesota Wild,82,26,35,12,73,.445,195,238,-0.41,0.11,2002,9,.390,,,,
San Jose Sharks,82,44,27,8,99,.604,248,199,0.62,0.02,2002,3,.585,,,,
Phoenix Coyotes,82,40,27,9,95,.579,228,210,0.29,0.07,2002,6,.543,,,,
Los Angeles Kings,82,40,27,11,95,.579,214,190,0.35,0.05,2002,4,.555,,,,
Dallas Stars,82,36,28,13,90,.549,215,213,0.09,0.07,2002,5,.518,,,,
Mighty Ducks of Anaheim,82,29,42,8,69,.421,175,198,-0.20,0.08,2002,3,.402,,,,
New Jersey Devils,82,46,20,10,108,.659,216,166,0.49,-0.12,2003,6,.622,,,,
Philadelphia Flyers,82,45,20,13,107,.652,211,166,0.43,-0.12,2003,4,.628,,,,
New York Islanders,82,35,34,11,83,.506,224,231,-0.16,-0.07,2003,2,.494,,,,
New York Rangers,82,32,36,10,78,.476,210,231,-0.33,-0.08,2003,4,.451,,,,
Pittsburgh Penguins,82,27,44,6,65,.396,189,255,-0.85,-0.04,2003,5,.366,,,,
Ottawa Senators,82,52,21,8,113,.689,263,182,0.88,-0.11,2003,1,.683,,,,
Toronto Maple Leafs,82,44,28,7,98,.598,236,208,0.26,-0.08,2003,3,.579,,,,
Boston Bruins,82,36,31,11,87,.530,245,237,0.02,-0.08,2003,4,.506,,,,
Montreal Canadiens,82,30,35,8,77,.470,206,234,-0.39,-0.05,2003,9,.415,,,,
Buffalo Sabres,82,27,37,10,72,.439,190,219,-0.40,-0.05,2003,8,.390,,,,
Tampa Bay Lightning,82,36,25,16,93,.567,219,210,-0.01,-0.12,2003,5,.537,,,,
Washington Capitals,82,39,29,8,92,.561,224,220,-0.06,-0.11,2003,6,.524,,,,
Atlanta Thrashers,82,31,39,7,74,.451,226,284,-0.78,-0.07,2003,5,.421,,,,
Florida Panthers,82,24,36,13,70,.427,176,237,-0.78,-0.03,2003,9,.372,,,,
Carolina Hurricanes,82,22,43,11,61,.372,171,240,-0.90,-0.06,2003,6,.335,,,,
Detroit Red Wings,82,48,20,10,110,.671,269,203,0.85,0.05,2003,4,.646,,,,
St. Louis Blues,82,41,24,11,99,.604,253,222,0.43,0.05,2003,6,.567,,,,
Chicago Blackhawks,82,30,33,13,79,.482,207,226,-0.14,0.09,2003,6,.445,,,,
Nashville Predators,82,27,35,13,74,.451,183,206,-0.17,0.11,2003,7,.409,,,,
Columbus Blue Jackets,82,29,42,8,69,.421,213,263,-0.51,0.11,2003,3,.402,,,,
Colorado Avalanche,82,42,19,13,105,.640,251,194,0.75,0.06,2003,8,.591,,,,
Vancouver Canucks,82,45,23,13,104,.634,264,208,0.74,0.05,2003,1,.628,,,,
Minnesota Wild,82,42,29,10,95,.579,198,178,0.32,0.08,2003,1,.573,,,,
Edmonton Oilers,82,36,26,11,92,.561,231,230,0.12,0.11,2003,9,.506,,,,
Calgary Flames,82,29,36,13,75,.457,186,228,-0.37,0.14,2003,4,.433,,,,
Dallas Stars,82,46,17,15,111,.677,245,169,0.94,0.01,2003,4,.652,,,,
Mighty Ducks of Anaheim,82,40,27,9,95,.579,203,193,0.19,0.07,2003,6,.543,,,,
Los Angeles Kings,82,33,36,6,79,.482,203,221,-0.13,0.09,2003,7,.439,,,,
Phoenix Coyotes,82,31,35,11,78,.476,204,230,-0.23,0.08,2003,5,.445,,,,
San Jose Sharks,82,28,37,9,73,.445,214,239,-0.21,0.10,2003,8,.396,,,,
Philadelphia Flyers,82,40,21,15,101,.616,229,186,0.47,-0.05,2004,6,.579,,,,
New Jersey Devils,82,43,25,12,100,.610,213,164,0.54,-0.06,2004,2,.598,,,,
New York Islanders,82,38,29,11,91,.555,237,210,0.29,-0.04,2004,4,.530,,,,
New York Rangers,82,27,40,7,69,.421,206,250,-0.51,0.03,2004,8,.372,,,,
Pittsburgh Penguins,82,23,47,8,58,.354,190,303,-1.31,0.07,2004,4,.329,,,,
Boston Bruins,82,41,19,15,104,.634,209,188,0.29,0.03,2004,7,.591,,,,
Toronto Maple Leafs,82,45,24,10,103,.628,242,204,0.48,0.02,2004,3,.610,,,,
Ottawa Senators,82,43,23,10,102,.622,262,189,0.88,-0.01,2004,6,.585,,,,
Montreal Canadiens,82,41,30,7,93,.567,208,192,0.23,0.04,2004,4,.543,,,,
Buffalo Sabres,82,37,34,7,85,.518,220,221,0.02,0.04,2004,4,.494,,,,
Tampa Bay Lightning,82,46,22,8,106,.646,245,192,0.56,-0.09,2004,6,.610,,,,
Atlanta Thrashers,82,33,37,8,78,.476,214,243,-0.38,-0.03,2004,4,.451,,,,
Carolina Hurricanes,82,28,34,14,76,.463,172,209,-0.46,-0.01,2004,6,.427,,,,
Florida Panthers,82,28,35,15,75,.457,188,221,-0.42,-0.02,2004,4,.433,,,,
Washington Capitals,82,23,46,10,59,.360,186,253,-0.80,0.02,2004,3,.341,,,,
Detroit Red Wings,82,48,21,11,109,.665,255,189,0.72,-0.09,2004,2,.652,,,,
St. Louis Blues,82,39,30,11,91,.555,191,198,-0.09,-0.01,2004,2,.543,,,,
Nashville Predators,82,38,29,11,91,.555,216,217,-0.05,-0.04,2004,4,.530,,,,
Columbus Blue Jackets,82,25,45,8,62,.378,177,238,-0.72,0.03,2004,4,.354,,,,
Chicago Blackhawks,82,20,43,11,59,.360,188,259,-0.84,0.02,2004,8,.311,,,,
Vancouver Canucks,82,43,24,10,101,.616,235,194,0.52,0.02,2004,5,.585,,,,
Colorado Avalanche,82,40,22,13,100,.610,236,198,0.48,0.02,2004,7,.567,,,,
Calgary Flames,82,42,30,7,94,.573,200,176,0.33,0.04,2004,3,.555,,,,
Edmonton Oilers,82,36,29,12,89,.543,221,208,0.21,0.05,2004,5,.512,,,,
Minnesota Wild,82,30,29,20,83,.506,188,183,0.08,0.02,2004,3,.488,,,,
San Jose Sharks,82,43,21,12,104,.634,219,183,0.40,-0.04,2004,6,.598,,,,
Dallas Stars,82,41,26,13,97,.591,194,175,0.22,-0.01,2004,2,.579,,,,
Los Angeles Kings,82,28,29,16,81,.494,205,217,-0.15,0.00,2004,9,.439,,,,
Mighty Ducks of Anaheim,82,29,35,10,76,.463,184,213,-0.34,0.01,2004,8,.415,,,,
Phoenix Coyotes,82,22,36,18,68,.415,188,245,-0.66,0.04,2004,6,.378,,,,
New Jersey Devils,82,46,27,,101,.616,242,229,0.05,-0.11,2006,9,.530,37,33-27-22,.537,
Philadelphia Flyers,82,45,26,,101,.616,267,259,0.00,-0.10,2006,11,.561,41,34-26-22,.549,
New York Rangers,82,44,26,,100,.610,257,215,0.38,-0.14,2006,12,.518,37,33-26-23,.543,
New York Islanders,82,36,40,,78,.476,230,278,-0.62,-0.04,2006,6,.402,27,24-40-18,.402,
Pittsburgh Penguins,82,22,46,,58,.354,244,316,-0.89,-0.01,2006,14,.299,21,17-46-19,.323,
Ottawa Senators,82,52,21,,113,.689,314,211,1.18,-0.08,2006,9,.659,50,48-21-13,.665,
Buffalo Sabres,82,52,24,,110,.671,281,239,0.50,-0.01,2006,6,.634,47,41-24-17,.604,
Montreal Canadiens,82,42,31,,93,.567,243,247,-0.01,0.04,2006,9,.518,40,33-31-18,.512,
Toronto Maple Leafs,82,41,33,,90,.549,257,270,-0.11,0.05,2006,8,.524,38,31-33-18,.488,
Boston Bruins,82,29,37,,74,.451,230,266,-0.36,0.08,2006,16,.390,27,23-37-22,.415,
Carolina Hurricanes,82,52,22,,112,.683,294,260,0.29,-0.13,2006,8,.598,44,40-22-20,.610,
Tampa Bay Lightning,82,43,33,,92,.561,252,260,-0.18,-0.08,2006,6,.512,37,31-33-18,.488,
Atlanta Thrashers,82,41,33,,90,.549,281,275,-0.03,-0.10,2006,8,.500,36,31-33-18,.488,
Florida Panthers,82,37,34,,85,.518,240,257,-0.28,-0.07,2006,11,.457,33,25-34-23,.445,
Washington Capitals,82,29,41,,70,.427,237,306,-0.86,-0.02,2006,12,.348,22,20-41-21,.372,
Detroit Red Wings,82,58,16,,124,.756,305,209,1.03,-0.14,2006,8,.701,54,51-16-15,.713,
Nashville Predators,82,49,25,,106,.646,259,227,0.32,-0.07,2006,8,.579,43,40-25-17,.591,
Columbus Blue Jackets,82,35,43,,74,.451,223,279,-0.66,0.02,2006,4,.396,27,21-43-18,.366,
Chicago Blackhawks,82,26,43,,65,.396,211,285,-0.86,0.04,2006,13,.341,24,17-43-22,.341,
St. Louis Blues,82,21,46,,57,.348,197,292,-1.09,0.07,2006,15,.280,17,14-46-22,.305,
Calgary Flames,82,46,25,,103,.628,218,200,0.30,0.08,2006,11,.591,44,42-25-15,.604,
Colorado Avalanche,82,43,30,,95,.579,283,257,0.39,0.07,2006,9,.543,40,37-30-15,.543,
Edmonton Oilers,82,41,28,,95,.579,256,251,0.15,0.09,2006,13,.512,34,28-28-26,.500,
Vancouver Canucks,82,42,32,,92,.561,256,255,0.11,0.10,2006,8,.512,38,34-32-16,.512,
Minnesota Wild,82,38,36,,84,.512,231,215,0.28,0.08,2006,8,.451,33,32-36-14,.476,
Dallas Stars,82,53,23,,112,.683,265,218,0.61,0.04,2006,6,.579,41,38-23-21,.591,
San Jose Sharks,82,44,27,,99,.604,266,242,0.36,0.06,2006,11,.573,43,34-27-21,.543,
Mighty Ducks of Anaheim,82,43,27,,98,.598,254,229,0.37,0.06,2006,12,.549,40,37-27-18,.561,
Los Angeles Kings,82,42,35,,89,.543,249,270,-0.15,0.11,2006,5,.482,36,32-35-15,.482,
Phoenix Coyotes,82,38,39,,81,.494,246,271,-0.19,0.12,2006,5,.457,34,28-39-15,.433,
New Jersey Devils,82,49,24,,107,.652,216,201,0.03,-0.15,2007,9,.585,39,36-24-22,.573,
Pittsburgh Penguins,82,47,24,,105,.640,277,246,0.21,-0.17,2007,11,.549,37,31-24-27,.543,
New York Rangers,82,42,30,,94,.573,242,216,0.16,-0.16,2007,10,.488,33,30-30-22,.500,
New York Islanders,82,40,30,,92,.561,248,240,-0.04,-0.14,2007,12,.470,32,30-30-22,.500,
Philadelphia Flyers,82,22,48,,56,.341,214,303,-1.12,-0.04,2007,12,.299,21,18-48-16,.317,
Buffalo Sabres,82,53,22,,113,.689,308,242,0.64,-0.16,2007,7,.610,43,38-22-22,.598,
Ottawa Senators,82,48,25,,105,.640,288,222,0.64,-0.16,2007,9,.610,46,44-25-13,.616,
Toronto Maple Leafs,82,40,31,,91,.555,258,269,-0.21,-0.08,2007,11,.506,36,32-31-19,.506,
Montreal Canadiens,82,42,34,,90,.549,245,256,-0.21,-0.08,2007,6,.506,36,34-34-14,.500,
Boston Bruins,82,35,41,,76,.463,219,289,-0.87,-0.01,2007,6,.396,26,22-41-19,.384,
Atlanta Thrashers,82,43,28,,97,.591,246,245,-0.15,-0.16,2007,11,.506,36,29-28-25,.506,
Tampa Bay Lightning,82,44,33,,93,.567,253,261,-0.25,-0.15,2007,5,.488,34,29-33-20,.476,
Carolina Hurricanes,82,40,34,,88,.537,241,253,-0.29,-0.15,2007,8,.518,40,34-34-14,.500,
Florida Panthers,82,35,31,,86,.524,247,257,-0.27,-0.15,2007,16,.463,33,30-31-21,.494,
Washington Capitals,82,28,40,,70,.427,235,286,-0.73,-0.10,2007,14,.402,27,23-40-19,.396,
Detroit Red Wings,82,50,19,,113,.689,254,199,0.72,0.05,2007,13,.646,48,45-19-18,.659,
Nashville Predators,82,51,23,,110,.671,272,212,0.78,0.05,2007,8,.616,45,42-23-17,.616,
St. Louis Blues,82,34,35,,81,.494,214,254,-0.33,0.15,2007,13,.415,28,24-35-23,.433,
Columbus Blue Jackets,82,33,42,,73,.445,201,249,-0.42,0.16,2007,7,.402,28,24-42-16,.390,
Chicago Blackhawks,82,31,42,,71,.433,201,258,-0.52,0.17,2007,9,.384,25,22-42-18,.378,
Vancouver Canucks,82,49,26,,105,.640,222,201,0.39,0.13,2007,7,.591,44,32-26-24,.537,
Minnesota Wild,82,48,26,,104,.634,235,191,0.65,0.11,2007,8,.567,38,31-26-25,.530,
Calgary Flames,82,43,29,,96,.585,258,226,0.51,0.12,2007,10,.537,40,38-29-15,.555,
Colorado Avalanche,82,44,31,,95,.579,272,251,0.39,0.13,2007,7,.530,39,36-31-15,.530,
Edmonton Oilers,82,32,43,,71,.433,195,248,-0.43,0.22,2007,7,.390,29,28-43-11,.409,
Anaheim Ducks,82,48,20,,110,.671,258,208,0.67,0.06,2007,14,.622,44,39-20-23,.616,
San Jose Sharks,82,51,26,,107,.652,258,199,0.77,0.05,2007,5,.622,49,48-26-8,.634,
Dallas Stars,82,50,25,,107,.652,226,197,0.44,0.08,2007,7,.579,41,35-25-22,.561,
Los Angeles Kings,82,27,41,,68,.415,227,283,-0.51,0.18,2007,14,.341,23,21-41-20,.378,
Phoenix Coyotes,82,31,46,,67,.409,216,284,-0.64,0.19,2007,5,.360,26,24-46-12,.366,
Pittsburgh Penguins,82,47,27,,102,.622,247,216,0.24,-0.14,2008,8,.555,40,39-27-16,.573,
New Jersey Devils,82,46,29,,99,.604,206,197,0.00,-0.11,2008,7,.537,38,31-29-22,.512,
New York Rangers,82,42,27,,97,.591,213,199,0.05,-0.12,2008,13,.518,34,30-27-25,.518,
Philadelphia Flyers,82,42,29,,95,.579,248,233,0.06,-0.12,2008,11,.530,39,36-29-17,.543,
New York Islanders,82,35,38,,79,.482,194,243,-0.65,-0.05,2008,9,.415,30,25-38-19,.421,
Montreal Canadiens,82,47,25,,104,.634,262,222,0.35,-0.14,2008,10,.579,42,37-25-20,.573,
Ottawa Senators,82,43,31,,94,.573,261,247,0.06,-0.11,2008,8,.537,40,37-31-14,.537,
Boston Bruins,82,41,29,,94,.573,212,222,-0.20,-0.08,2008,12,.506,35,32-29-21,.518,
Buffalo Sabres,82,39,31,,90,.549,255,242,0.05,-0.11,2008,12,.506,35,30-31-21,.494,
Toronto Maple Leafs,82,36,35,,83,.506,231,260,-0.42,-0.06,2008,11,.445,33,28-35-19,.457,
Washington Capitals,82,43,31,,94,.573,242,231,-0.06,-0.19,2008,8,.524,39,32-31-19,.506,
Carolina Hurricanes,82,43,33,,92,.561,252,249,-0.15,-0.18,2008,6,.530,41,36-33-13,.518,
Florida Panthers,82,38,35,,85,.518,216,226,-0.29,-0.17,2008,9,.470,33,29-35-18,.463,
Atlanta Thrashers,82,34,40,,76,.463,216,272,-0.80,-0.12,2008,8,.396,25,19-40-23,.372,
Tampa Bay Lightning,82,31,42,,71,.433,223,267,-0.67,-0.13,2008,9,.372,29,27-42-13,.409,
Detroit Red Wings,82,54,21,,115,.701,257,184,0.93,0.04,2008,7,.659,49,47-21-14,.659,
Nashville Predators,82,41,32,,91,.555,230,229,0.13,0.12,2008,9,.512,38,33-32-17,.506,
Chicago Blackhawks,82,40,34,,88,.537,239,235,0.16,0.12,2008,8,.482,35,31-34-17,.482,
Columbus Blue Jackets,82,34,36,,80,.488,193,218,-0.16,0.15,2008,12,.445,31,29-36-17,.457,
St. Louis Blues,82,33,36,,79,.482,205,237,-0.24,0.16,2008,13,.415,30,29-36-17,.457,
Minnesota Wild,82,44,28,,98,.598,223,218,0.16,0.10,2008,10,.567,41,35-28-19,.543,
Colorado Avalanche,82,44,31,,95,.579,231,219,0.24,0.09,2008,7,.512,37,33-31-18,.512,
Calgary Flames,82,42,30,,94,.573,229,227,0.13,0.10,2008,10,.512,39,36-30-16,.537,
Edmonton Oilers,82,41,35,,88,.537,235,251,-0.07,0.12,2008,6,.433,26,22-35-25,.421,
Vancouver Canucks,82,39,33,,88,.537,213,215,0.08,0.11,2008,10,.494,33,29-33-20,.476,
San Jose Sharks,82,49,23,,108,.659,222,193,0.47,0.12,2008,10,.598,43,40-23-19,.604,
Anaheim Ducks,82,47,27,,102,.622,205,191,0.30,0.13,2008,8,.567,39,35-27-20,.549,
Dallas Stars,82,45,30,,97,.591,242,207,0.54,0.11,2008,7,.537,40,37-30-15,.543,
Phoenix Coyotes,82,38,37,,83,.506,214,231,-0.04,0.17,2008,7,.470,33,29-37-16,.451,
Los Angeles Kings,82,32,43,,71,.433,231,266,-0.24,0.19,2008,7,.378,27,25-43-14,.390,
New Jersey Devils,82,51,27,,106,.646,244,209,0.38,-0.05,2009,4,.598,45,36-27-19,.555,
Pittsburgh Penguins,82,45,28,,99,.604,264,239,0.28,-0.02,2009,9,.549,39,33-28-21,.530,
Philadelphia Flyers,82,44,27,,99,.604,264,238,0.28,-0.04,2009,11,.549,40,34-27-21,.543,
New York Rangers,82,43,30,,95,.579,210,218,-0.10,-0.01,2009,9,.500,33,30-30-22,.500,
New York Islanders,82,26,47,,61,.372,201,279,-0.91,0.05,2009,9,.329,23,20-47-15,.335,
Boston Bruins,82,53,19,,116,.707,274,196,0.89,-0.06,2009,10,.659,49,46-19-17,.665,
Montreal Canadiens,82,41,30,,93,.567,249,247,0.02,-0.01,2009,11,.500,34,30-30-22,.500,
Buffalo Sabres,82,41,32,,91,.555,250,234,0.18,-0.02,2009,9,.482,33,31-32-19,.494,
Ottawa Senators,82,36,35,,83,.506,217,237,-0.23,0.01,2009,11,.451,32,29-35-18,.463,
Toronto Maple Leafs,82,34,35,,81,.494,250,293,-0.49,0.03,2009,13,.421,28,24-35-23,.433,
Washington Capitals,82,50,24,,108,.659,272,245,0.27,-0.06,2009,8,.616,46,40-24-18,.598,
Carolina Hurricanes,82,45,30,,97,.591,239,226,0.11,-0.05,2009,7,.561,42,35-30-17,.530,
Florida Panthers,82,41,30,,93,.567,234,231,0.00,-0.04,2009,11,.530,38,34-30-18,.524,
Atlanta Thrashers,82,35,41,,76,.463,257,280,-0.30,-0.02,2009,6,.390,28,24-41-17,.396,
Tampa Bay Lightning,82,24,40,,66,.402,210,279,-0.81,0.03,2009,18,.335,21,19-40-23,.372,
Detroit Red Wings,82,51,21,,112,.683,295,244,0.62,0.00,2009,10,.610,45,42-21-19,.628,
Chicago Blackhawks,82,46,24,,104,.634,264,216,0.60,0.01,2009,12,.579,42,36-24-22,.573,
St. Louis Blues,82,41,31,,92,.561,233,233,0.05,0.05,2009,10,.500,35,31-31-20,.500,
Columbus Blue Jackets,82,41,31,,92,.561,226,230,-0.01,0.04,2009,10,.506,35,30-31-21,.494,
Nashville Predators,82,40,34,,88,.537,213,233,-0.19,0.06,2009,8,.482,34,28-34-20,.463,
Vancouver Canucks,82,45,27,,100,.610,246,220,0.30,-0.02,2009,10,.573,42,37-27-18,.561,
Calgary Flames,82,46,30,,98,.598,254,248,0.07,0.00,2009,6,.555,43,40-30-12,.561,
Minnesota Wild,82,40,33,,89,.543,219,200,0.22,-0.02,2009,9,.476,35,32-33-17,.494,
Edmonton Oilers,82,38,35,,85,.518,234,248,-0.16,0.01,2009,9,.451,32,31-35-16,.476,
Colorado Avalanche,82,32,45,,69,.421,199,257,-0.66,0.05,2009,5,.360,23,20-45-17,.348,
San Jose Sharks,82,53,18,,117,.713,257,204,0.61,-0.04,2009,11,.640,47,43-18-21,.652,
Anaheim Ducks,82,42,33,,91,.555,245,238,0.09,0.00,2009,7,.488,35,30-33-19,.482,
Dallas Stars,82,36,35,,83,.506,230,257,-0.30,0.03,2009,11,.439,30,25-35-22,.439,
Phoenix Coyotes,82,36,39,,79,.482,208,252,-0.50,0.04,2009,7,.439,33,32-39-11,.457,
Los Angeles Kings,82,34,37,,79,.482,207,234,-0.29,0.04,2009,11,.433,29,26-37-19,.433,
New Jersey Devils,82,48,27,,103,.628,222,191,0.31,-0.07,2010,7,.579,42,40-27-15,.579,
Pittsburgh Penguins,82,47,28,,101,.616,257,237,0.17,-0.07,2010,7,.537,39,33-28-21,.530,
Philadelphia Flyers,82,41,35,,88,.537,236,225,0.08,-0.06,2010,6,.494,37,35-35-12,.500,
New York Rangers,82,38,33,,87,.530,222,218,0.00,-0.05,2010,11,.470,35,34-33-15,.506,
New York Islanders,82,34,37,,79,.482,222,264,-0.53,-0.02,2010,11,.402,26,20-37-25,.396,
Buffalo Sabres,82,45,27,,100,.610,235,207,0.26,-0.08,2010,10,.561,41,35-27-20,.549,
Ottawa Senators,82,44,32,,94,.573,225,238,-0.22,-0.06,2010,6,.537,39,34-32-16,.512,
Boston Bruins,82,39,30,,91,.555,206,200,0.01,-0.06,2010,13,.470,29,25-30-27,.470,
Montreal Canadiens,82,39,33,,88,.537,217,223,-0.14,-0.07,2010,10,.463,32,24-33-25,.445,
Toronto Maple Leafs,82,30,38,,74,.451,214,267,-0.68,-0.03,2010,14,.366,26,21-38-23,.396,
Washington Capitals,82,54,15,,121,.738,318,233,0.90,-0.14,2010,13,.665,49,43-15-24,.671,
Atlanta Thrashers,82,35,34,,83,.506,234,256,-0.33,-0.06,2010,13,.439,31,29-34-19,.470,
Carolina Hurricanes,82,35,37,,80,.488,230,256,-0.37,-0.05,2010,10,.433,31,26-37-19,.433,
Tampa Bay Lightning,82,34,36,,80,.488,217,260,-0.56,-0.03,2010,12,.433,30,25-36-21,.433,
Florida Panthers,82,32,37,,77,.470,208,244,-0.47,-0.03,2010,13,.415,26,24-37-21,.421,
Chicago Blackhawks,82,52,22,,112,.683,271,209,0.77,0.02,2010,8,.616,43,37-22-23,.591,
Detroit Red Wings,82,44,24,,102,.622,229,216,0.23,0.07,2010,14,.555,38,33-24-25,.555,
Nashville Predators,82,47,29,,100,.610,225,225,0.06,0.06,2010,6,.549,39,33-29-20,.524,
St. Louis Blues,82,40,32,,90,.549,225,223,0.08,0.06,2010,10,.476,33,30-32-20,.488,
Columbus Blue Jackets,82,32,35,,79,.482,216,259,-0.42,0.11,2010,15,.439,30,27-35-20,.451,
Vancouver Canucks,82,49,28,,103,.628,272,222,0.60,-0.01,2010,5,.598,45,41-28-13,.579,
Colorado Avalanche,82,43,30,,95,.579,244,233,0.16,0.02,2010,9,.512,36,34-30-18,.524,
Calgary Flames,82,40,32,,90,.549,204,210,-0.03,0.04,2010,10,.512,37,35-32-15,.518,
Minnesota Wild,82,38,36,,84,.512,219,246,-0.26,0.07,2010,8,.476,33,28-36-18,.451,
Edmonton Oilers,82,27,47,,62,.378,214,284,-0.76,0.09,2010,8,.317,19,18-47-17,.323,
San Jose Sharks,82,51,20,,113,.689,264,215,0.65,0.05,2010,11,.616,44,43-20-19,.640,
Phoenix Coyotes,82,50,25,,107,.652,225,202,0.34,0.06,2010,7,.561,36,31-25-26,.537,
Los Angeles Kings,82,46,27,,101,.616,241,219,0.32,0.05,2010,9,.549,36,32-27-23,.530,
Anaheim Ducks,82,39,32,,89,.543,238,251,-0.07,0.09,2010,11,.494,34,31-32-19,.494,
Dallas Stars,82,37,31,,88,.537,237,254,-0.12,0.09,2010,14,.470,30,28-31-23,.482,
Philadelphia Flyers,82,47,23,,106,.646,259,223,0.40,-0.04,2011,12,.598,44,41-23-18,.610,
Pittsburgh Penguins,82,49,25,,106,.646,238,199,0.43,-0.05,2011,8,.555,39,34-25-23,.555,
New York Rangers,82,44,33,,93,.567,233,198,0.37,-0.06,2011,5,.500,35,32-33-17,.494,
New Jersey Devils,82,38,39,,81,.494,174,209,-0.41,0.02,2011,5,.457,35,28-39-15,.433,
New York Islanders,82,30,39,,73,.445,229,264,-0.42,0.01,2011,13,.378,26,19-39-24,.378,
Boston Bruins,82,46,25,,103,.628,246,195,0.56,-0.07,2011,11,.585,44,43-25-14,.610,
Montreal Canadiens,82,44,30,,96,.585,216,209,0.05,-0.04,2011,8,.537,41,36-30-16,.537,
Buffalo Sabres,82,43,29,,96,.585,245,229,0.15,-0.04,2011,10,.500,38,28-29-25,.494,
Toronto Maple Leafs,82,37,34,,85,.518,218,251,-0.41,0.00,2011,11,.457,32,30-34-18,.476,
Ottawa Senators,82,32,40,,74,.451,192,250,-0.69,0.02,2011,10,.409,30,28-40-14,.427,
Washington Capitals,82,48,23,,107,.652,224,197,0.27,-0.06,2011,11,.591,43,34-23-25,.567,
Tampa Bay Lightning,82,46,25,,103,.628,247,240,0.04,-0.05,2011,11,.561,40,32-25-25,.543,
Carolina Hurricanes,82,40,31,,91,.555,236,239,-0.08,-0.04,2011,11,.488,35,29-31-22,.488,
Atlanta Thrashers,82,34,36,,80,.488,223,269,-0.57,-0.01,2011,12,.427,29,19-36-27,.396,
Florida Panthers,82,30,40,,72,.439,195,229,-0.43,-0.01,2011,12,.384,26,20-40-22,.378,
Detroit Red Wings,82,47,25,,104,.634,261,241,0.27,0.03,2011,10,.573,43,34-25-23,.555,
Nashville Predators,82,44,27,,99,.604,219,194,0.31,0.01,2011,11,.524,38,36-27-19,.555,
Chicago Blackhawks,82,44,29,,97,.591,258,225,0.41,0.01,2011,9,.530,38,34-29-19,.530,
St. Louis Blues,82,38,33,,87,.530,240,234,0.11,0.04,2011,11,.476,34,31-33-18,.488,
Columbus Blue Jackets,82,34,35,,81,.494,215,258,-0.45,0.08,2011,13,.433,29,24-35-23,.433,
Vancouver Canucks,82,54,19,,117,.713,262,185,0.87,-0.07,2011,9,.665,50,46-19-17,.665,
Calgary Flames,82,41,29,,94,.573,250,237,0.14,-0.02,2011,12,.488,32,30-29-23,.506,
Minnesota Wild,82,39,35,,86,.524,206,233,-0.30,0.03,2011,8,.488,36,31-35-16,.476,
Colorado Avalanche,82,30,44,,68,.415,227,288,-0.70,0.05,2011,8,.335,24,18-44-20,.341,
Edmonton Oilers,82,25,45,,62,.378,193,269,-0.87,0.06,2011,12,.348,23,21-45-16,.354,
San Jose Sharks,82,48,25,,105,.640,248,213,0.44,0.02,2011,9,.585,43,38-25-19,.579,
Anaheim Ducks,82,47,30,,99,.604,239,235,0.09,0.05,2011,5,.561,43,34-30-18,.524,
Phoenix Coyotes,82,43,26,,99,.604,231,226,0.11,0.05,2011,13,.530,38,36-26-20,.561,
Los Angeles Kings,82,46,30,,98,.598,219,198,0.29,0.03,2011,6,.512,36,35-30-17,.530,
Dallas Stars,82,42,29,,95,.579,227,233,-0.02,0.05,2011,11,.524,37,32-29-21,.518,
New York Rangers,82,51,24,,109,.665,226,187,0.46,-0.02,2012,7,.628,47,39-24-19,.591,
Pittsburgh Penguins,82,51,25,,108,.659,282,221,0.71,-0.03,2012,6,.585,42,40-25-17,.591,
Philadelphia Flyers,82,47,26,,103,.628,264,232,0.39,0.00,2012,9,.591,43,37-26-19,.567,
New Jersey Devils,82,48,28,,102,.622,228,209,0.23,0.00,2012,6,.537,36,32-28-22,.524,
New York Islanders,82,34,37,,79,.482,203,255,-0.58,0.05,2012,11,.396,27,24-37-21,.421,
Boston Bruins,82,49,29,,102,.622,269,202,0.75,-0.07,2012,4,.561,40,38-29-15,.555,
Ottawa Senators,82,41,31,,92,.561,249,240,0.09,-0.02,2012,10,.488,35,30-31-21,.494,
Buffalo Sabres,82,39,32,,89,.543,218,230,-0.15,0.00,2012,11,.476,32,27-32-23,.470,
Toronto Maple Leafs,82,35,37,,80,.488,231,264,-0.38,0.02,2012,10,.433,31,26-37-19,.433,
Montreal Canadiens,82,31,35,,78,.476,212,226,-0.17,0.00,2012,16,.421,26,24-35-23,.433,
Florida Panthers,82,38,26,,94,.573,203,227,-0.33,-0.03,2012,18,.494,32,31-26-25,.530,
Washington Capitals,82,42,32,,92,.561,222,230,-0.13,-0.03,2012,8,.512,38,31-32-19,.494,
Tampa Bay Lightning,82,38,36,,84,.512,235,281,-0.57,-0.01,2012,8,.463,35,25-36-21,.433,
Winnipeg Jets,82,37,35,,84,.512,225,246,-0.30,-0.04,2012,10,.451,33,27-35-20,.451,
Carolina Hurricanes,82,33,33,,82,.500,213,243,-0.39,-0.02,2012,16,.433,32,29-33-20,.476,
St. Louis Blues,82,49,22,,109,.665,210,165,0.54,-0.01,2012,11,.634,45,42-22-18,.622,
Nashville Predators,82,48,26,,104,.634,237,210,0.34,0.01,2012,8,.585,43,40-26-16,.585,
Detroit Red Wings,82,48,28,,102,.622,248,203,0.55,0.00,2012,6,.549,39,36-28-18,.549,
Chicago Blackhawks,82,45,26,,101,.616,248,238,0.14,0.02,2012,11,.549,38,34-26-22,.549,
Columbus Blue Jackets,82,29,46,,65,.396,202,262,-0.65,0.08,2012,7,.360,25,23-46-13,.360,
Vancouver Canucks,82,51,22,,111,.677,249,198,0.57,-0.05,2012,9,.616,43,36-22-24,.585,
Calgary Flames,82,37,29,,90,.549,202,226,-0.28,0.01,2012,16,.488,34,32-29-21,.518,
Colorado Avalanche,82,41,35,,88,.537,208,220,-0.13,0.01,2012,6,.457,32,25-35-22,.439,
Minnesota Wild,82,35,36,,81,.494,177,226,-0.58,0.02,2012,11,.415,24,22-36-24,.415,
Edmonton Oilers,82,32,40,,74,.451,212,239,-0.32,0.01,2012,10,.402,27,25-40-17,.409,
Phoenix Coyotes,82,42,27,,97,.591,216,204,0.16,0.01,2012,13,.537,36,33-27-22,.537,
San Jose Sharks,82,43,29,,96,.585,228,210,0.22,0.00,2012,10,.500,34,31-29-22,.512,
Los Angeles Kings,82,40,27,,95,.579,194,179,0.19,0.01,2012,15,.506,34,31-27-24,.524,
Dallas Stars,82,42,35,,89,.543,211,222,-0.10,0.03,2012,5,.494,35,31-35-16,.476,
Anaheim Ducks,82,34,36,,80,.488,204,231,-0.29,0.04,2012,12,.439,31,29-36-17,.457,
Pittsburgh Penguins,48,36,12,,72,.750,165,119,0.91,-0.05,2013,0,.719,33,31-12-5,.698,
New York Rangers,48,26,18,,56,.583,130,112,0.38,0.00,2013,4,.542,22,18-18-12,.500,
New York Islanders,48,24,17,,55,.573,139,139,0.03,0.03,2013,7,.490,20,18-17-13,.510,
Philadelphia Flyers,48,23,22,,49,.510,133,141,-0.14,0.03,2013,3,.490,22,20-22-6,.479,
New Jersey Devils,48,19,19,,48,.500,112,129,-0.31,0.04,2013,10,.448,17,16-19-13,.469,
Montreal Canadiens,48,29,14,,63,.656,149,126,0.46,-0.02,2013,5,.594,26,24-14-10,.604,
Boston Bruins,48,28,14,,62,.646,131,109,0.44,-0.02,2013,6,.573,24,23-14-11,.594,
Toronto Maple Leafs,48,26,17,,57,.594,145,133,0.27,0.02,2013,5,.594,26,24-17-7,.573,
Ottawa Senators,48,25,17,,56,.583,116,104,0.27,0.02,2013,6,.521,21,19-17-12,.521,
Buffalo Sabres,48,21,21,,48,.500,125,143,-0.31,0.07,2013,6,.406,14,13-21-14,.417,
Washington Capitals,48,27,18,,57,.594,149,130,0.31,-0.09,2013,3,.531,24,20-18-10,.521,
Winnipeg Jets,48,24,21,,51,.531,128,144,-0.36,-0.03,2013,3,.510,22,18-21-9,.469,
Carolina Hurricanes,48,19,25,,42,.438,128,160,-0.65,0.02,2013,4,.396,18,17-25-6,.417,
Tampa Bay Lightning,48,18,26,,40,.417,148,150,-0.11,-0.07,2013,4,.396,17,16-26-6,.396,
Florida Panthers,48,15,27,,36,.375,112,171,-1.18,0.05,2013,6,.292,12,11-27-10,.333,
Chicago Blackhawks,48,36,7,,77,.802,155,102,1.04,-0.07,2013,5,.740,30,25-7-16,.688,
St. Louis Blues,48,29,17,,60,.625,129,115,0.31,0.02,2013,2,.563,24,20-17-11,.531,
Detroit Red Wings,48,24,16,,56,.583,124,115,0.20,0.01,2013,8,.531,22,20-16-12,.542,
Columbus Blue Jackets,48,24,17,,55,.573,120,119,0.03,0.01,2013,7,.490,19,14-17-17,.469,
Nashville Predators,48,16,23,,41,.427,111,139,-0.50,0.09,2013,9,.375,14,11-23-14,.375,
Vancouver Canucks,48,26,15,,59,.615,127,121,0.07,-0.06,2013,7,.552,21,20-15-13,.552,
Minnesota Wild,48,26,19,,55,.573,122,127,-0.16,-0.05,2013,3,.521,22,19-19-10,.500,
Edmonton Oilers,48,19,22,,45,.469,125,134,-0.22,-0.03,2013,7,.406,17,15-22-11,.427,
Calgary Flames,48,19,25,,42,.438,128,160,-0.65,0.02,2013,4,.427,19,17-25-6,.417,
Colorado Avalanche,48,16,25,,39,.406,116,152,-0.73,0.02,2013,7,.333,14,11-25-12,.354,
Anaheim Ducks,48,30,12,,66,.688,140,118,0.43,-0.02,2013,6,.594,24,23-12-13,.615,
Los Angeles Kings,48,27,16,,59,.615,133,118,0.29,-0.02,2013,5,.583,25,24-16-8,.583,
San Jose Sharks,48,25,16,,57,.594,124,116,0.17,0.01,2013,7,.479,17,17-16-15,.510,
Phoenix Coyotes,48,21,18,,51,.531,125,131,-0.10,0.03,2013,9,.458,17,16-18-14,.479,
Dallas Stars,48,22,22,,48,.500,130,142,-0.21,0.05,2013,4,.448,20,18-22-8,.458,
Boston Bruins,82,54,19,,117,.713,261,177,0.92,-0.11,2014,9,.677,51,47-19-16,.671,
Tampa Bay Lightning,82,46,27,,101,.616,240,215,0.25,-0.06,2014,9,.549,38,32-27-23,.530,
Montreal Canadiens,82,46,28,,100,.610,215,204,0.08,-0.05,2014,8,.543,40,33-28-21,.530,
Detroit Red Wings,82,39,28,,93,.567,222,230,-0.14,-0.04,2014,15,.500,34,30-28-24,.512,
Ottawa Senators,82,37,31,,88,.537,236,265,-0.37,-0.02,2014,14,.451,30,27-31-24,.476,
Toronto Maple Leafs,82,38,36,,84,.512,231,256,-0.34,-0.04,2014,8,.433,29,24-36-22,.427,
Florida Panthers,82,29,45,,66,.402,196,268,-0.87,0.01,2014,8,.341,21,21-45-16,.354,
Buffalo Sabres,82,21,51,,52,.317,157,248,-1.09,0.02,2014,10,.244,14,11-51-20,.256,
Pittsburgh Penguins,82,51,24,,109,.665,249,207,0.47,-0.04,2014,7,.598,44,40-24-18,.598,
New York Rangers,82,45,31,,96,.585,218,193,0.26,-0.04,2014,6,.543,41,39-31-12,.549,
Philadelphia Flyers,82,42,30,,94,.573,236,235,-0.01,-0.02,2014,10,.543,39,35-30-17,.530,
Columbus Blue Jackets,82,43,32,,93,.567,231,216,0.16,-0.03,2014,7,.506,38,35-32-15,.518,
Washington Capitals,82,38,30,,90,.549,235,240,-0.08,-0.02,2014,14,.470,28,24-30-28,.463,
New Jersey Devils,82,35,29,,88,.537,197,208,-0.15,-0.02,2014,18,.506,35,26-29-27,.482,
Carolina Hurricanes,82,36,35,,83,.506,207,230,-0.29,-0.01,2014,11,.451,34,30-35-17,.470,
New York Islanders,82,34,37,,79,.482,225,267,-0.51,0.00,2014,11,.396,25,21-37-24,.402,
Colorado Avalanche,82,52,22,,112,.683,250,220,0.40,0.04,2014,8,.628,47,37-22-23,.591,
St. Louis Blues,82,52,23,,111,.677,248,191,0.71,0.01,2014,7,.598,43,40-23-19,.604,
Chicago Blackhawks,82,46,21,,107,.652,267,220,0.60,0.02,2014,15,.573,40,39-21-22,.610,
Minnesota Wild,82,43,27,,98,.598,207,206,0.07,0.05,2014,12,.524,35,32-27-23,.530,
Dallas Stars,82,40,31,,91,.555,235,228,0.14,0.05,2014,11,.494,36,34-31-17,.518,
Nashville Predators,82,38,32,,88,.537,216,242,-0.25,0.07,2014,12,.506,36,33-32-17,.506,
Winnipeg Jets,82,37,35,,84,.512,227,237,-0.07,0.06,2014,10,.439,29,24-35-23,.433,
Anaheim Ducks,82,54,20,,116,.707,266,209,0.68,-0.01,2014,8,.677,51,44-20-18,.646,
San Jose Sharks,82,51,22,,111,.677,249,200,0.60,0.00,2014,9,.604,41,37-22-23,.591,
Los Angeles Kings,82,46,28,,100,.610,206,174,0.40,0.01,2014,8,.549,38,34-28-20,.537,
Phoenix Coyotes,82,37,30,,89,.543,216,231,-0.16,0.03,2014,15,.457,31,28-30-24,.488,
Vancouver Canucks,82,36,35,,83,.506,196,223,-0.30,0.03,2014,11,.451,31,25-35-22,.439,
Calgary Flames,82,35,40,,77,.470,209,241,-0.35,0.04,2014,7,.402,28,21-40-21,.384,
Edmonton Oilers,82,29,44,,67,.409,203,270,-0.75,0.07,2014,9,.348,25,20-44-18,.354,
Montreal Canadiens,82,50,22,,110,.671,221,189,0.36,-0.03,2015,10,.598,43,37-22-23,.591,
Tampa Bay Lightning,82,50,24,,108,.659,262,211,0.57,-0.06,2015,8,.622,47,43-24-15,.616,
Detroit Red Wings,82,43,25,,100,.610,235,221,0.14,-0.03,2015,14,.561,39,32-25-25,.543,
Ottawa Senators,82,43,26,,99,.604,238,215,0.25,-0.04,2015,13,.530,37,30-26-26,.524,
Boston Bruins,82,41,27,,96,.585,213,211,0.01,-0.01,2015,14,.537,37,28-27-27,.506,
Florida Panthers,82,38,29,,91,.555,206,223,-0.23,-0.02,2015,15,.476,30,29-29-24,.500,
Toronto Maple Leafs,82,30,44,,68,.415,211,262,-0.61,0.02,2015,8,.366,25,22-44-16,.366,
Buffalo Sabres,82,23,51,,54,.329,161,274,-1.33,0.05,2015,8,.262,15,14-51-17,.274,
New York Rangers,82,53,22,,113,.689,252,192,0.69,-0.04,2015,7,.652,49,43-22-17,.628,
Washington Capitals,82,45,26,,101,.616,242,203,0.44,-0.03,2015,11,.543,40,35-26-21,.555,
New York Islanders,82,47,28,,101,.616,252,230,0.26,-0.01,2015,7,.567,40,34-28-20,.537,
Pittsburgh Penguins,82,43,27,,98,.598,221,210,0.12,-0.01,2015,12,.537,39,33-27-22,.537,
Columbus Blue Jackets,82,42,35,,89,.543,236,250,-0.16,0.01,2015,5,.470,33,28-35-19,.457,
Philadelphia Flyers,82,33,31,,84,.512,215,234,-0.23,0.00,2015,18,.451,30,25-31-26,.463,
New Jersey Devils,82,32,36,,78,.476,181,216,-0.40,0.02,2015,14,.402,27,26-36-20,.439,
Carolina Hurricanes,82,30,41,,71,.433,188,226,-0.44,0.02,2015,11,.378,25,24-41-17,.396,
St. Louis Blues,82,51,24,,109,.665,248,201,0.59,0.02,2015,7,.591,42,37-24-21,.579,
Nashville Predators,82,47,25,,104,.634,232,208,0.33,0.03,2015,10,.573,41,33-25-24,.549,
Chicago Blackhawks,82,48,28,,102,.622,229,189,0.51,0.02,2015,6,.549,39,36-28-18,.549,
Minnesota Wild,82,46,28,,100,.610,231,201,0.39,0.03,2015,8,.555,42,38-28-16,.561,
Winnipeg Jets,82,43,26,,99,.604,230,210,0.29,0.04,2015,13,.518,36,32-26-24,.537,
Dallas Stars,82,41,31,,92,.561,261,260,0.06,0.05,2015,10,.494,37,33-31-18,.512,
Colorado Avalanche,82,39,31,,90,.549,219,227,-0.04,0.06,2015,12,.439,29,27-31-24,.476,
Anaheim Ducks,82,51,24,,109,.665,236,226,0.10,-0.03,2015,7,.604,43,35-24-23,.567,
Vancouver Canucks,82,48,29,,101,.616,242,222,0.20,-0.05,2015,5,.561,42,36-29-17,.543,
Calgary Flames,82,45,30,,97,.591,241,216,0.26,-0.05,2015,7,.543,41,32-30-20,.512,
Los Angeles Kings,82,40,27,,95,.579,220,205,0.16,-0.03,2015,15,.524,38,37-27-18,.561,
San Jose Sharks,82,40,33,,89,.543,228,232,-0.08,-0.03,2015,9,.500,36,34-33-15,.506,
Edmonton Oilers,82,24,44,,62,.378,198,283,-1.01,0.03,2015,14,.305,19,17-44-21,.335,
Arizona Coyotes,82,24,50,,56,.341,170,272,-1.20,0.04,2015,8,.293,19,14-50-18,.280,
Florida Panthers,82,47,26,,103,.628,239,203,0.42,-0.02,2016,9,.549,40,39-26-17,.579,
Tampa Bay Lightning,82,46,31,,97,.591,227,201,0.30,-0.02,2016,5,.561,43,36-31-15,.530,
Detroit Red Wings,82,41,30,,93,.567,211,224,-0.16,0.00,2016,11,.518,39,30-30-22,.500,
Boston Bruins,82,42,31,,93,.567,240,230,0.11,-0.02,2016,9,.500,38,33-31-18,.512,
Ottawa Senators,82,38,35,,85,.518,236,247,-0.13,0.01,2016,9,.463,32,26-35-21,.445,
Montreal Canadiens,82,38,38,,82,.500,221,236,-0.18,0.00,2016,6,.451,33,30-38-14,.451,
Buffalo Sabres,82,35,36,,81,.494,201,222,-0.25,0.01,2016,11,.457,33,29-36-17,.457,
Toronto Maple Leafs,82,29,42,,69,.421,198,246,-0.56,0.03,2016,11,.354,23,20-42-20,.366,
Washington Capitals,82,56,18,,120,.732,252,193,0.70,-0.02,2016,8,.671,52,45-18-19,.665,
Pittsburgh Penguins,82,48,26,,104,.634,245,203,0.50,-0.01,2016,8,.585,44,38-26-18,.573,
New York Rangers,82,46,27,,101,.616,236,217,0.24,0.01,2016,9,.555,43,39-27-16,.573,
New York Islanders,82,45,27,,100,.610,232,216,0.19,0.00,2016,10,.549,40,34-27-21,.543,
Philadelphia Flyers,82,41,27,,96,.585,214,218,-0.03,0.02,2016,14,.530,38,28-27-27,.506,
Carolina Hurricanes,82,35,31,,86,.524,198,226,-0.31,0.03,2016,16,.445,33,25-31-26,.463,
New Jersey Devils,82,38,36,,84,.512,184,208,-0.28,0.02,2016,8,.488,36,27-36-19,.445,
Columbus Blue Jackets,82,34,40,,76,.463,219,252,-0.38,0.03,2016,8,.402,28,26-40-16,.415,
Dallas Stars,82,50,23,,109,.665,267,230,0.45,-0.01,2016,9,.610,48,42-23-17,.616,
St. Louis Blues,82,49,24,,107,.652,224,201,0.28,0.00,2016,9,.591,44,36-24-22,.573,
Chicago Blackhawks,82,47,26,,103,.628,235,209,0.32,0.00,2016,9,.579,46,36-26-20,.561,
Nashville Predators,82,41,27,,96,.585,228,215,0.17,0.01,2016,14,.488,37,35-27-20,.549,
Minnesota Wild,82,38,33,,87,.530,216,206,0.13,0.01,2016,11,.457,35,34-33-15,.506,
Colorado Avalanche,82,39,39,,82,.500,216,240,-0.26,0.03,2016,4,.451,35,33-39-10,.463,
Winnipeg Jets,82,35,39,,78,.476,215,239,-0.26,0.03,2016,8,.427,32,29-39-14,.439,
Anaheim Ducks,82,46,25,,103,.628,218,192,0.27,-0.05,2016,11,.567,43,39-25-18,.585,
Los Angeles Kings,82,48,28,,102,.622,225,195,0.32,-0.04,2016,6,.591,46,34-28-20,.537,
San Jose Sharks,82,46,30,,98,.598,241,210,0.33,-0.05,2016,6,.555,42,37-30-15,.543,
Arizona Coyotes,82,35,39,,78,.476,209,245,-0.43,0.01,2016,8,.427,34,29-39-14,.439,
Calgary Flames,82,35,40,,77,.470,231,260,-0.36,-0.01,2016,7,.433,33,24-40-18,.402,
Vancouver Canucks,82,31,38,,75,.457,191,243,-0.62,0.02,2016,13,.372,26,22-38-22,.402,
Edmonton Oilers,82,31,43,,70,.427,203,245,-0.51,0.00,2016,8,.372,27,20-43-19,.360,
Montreal Canadiens,82,47,26,,103,.628,226,200,0.31,-0.01,2017,9,.567,44,33-26-23,.543,
Ottawa Senators,82,44,28,,98,.598,212,214,-0.01,0.01,2017,10,.524,38,34-28-20,.537,
Boston Bruins,82,44,31,,95,.579,234,212,0.27,0.00,2017,7,.543,42,38-31-13,.543,
Toronto Maple Leafs,82,40,27,,95,.579,251,242,0.11,0.00,2017,15,.530,39,33-27-22,.537,
Tampa Bay Lightning,82,42,30,,94,.573,234,227,0.09,0.01,2017,10,.506,38,32-30-20,.512,
Florida Panthers,82,35,36,,81,.494,210,237,-0.30,0.03,2017,11,.433,30,23-36-23,.421,
Detroit Red Wings,82,33,36,,79,.482,207,244,-0.41,0.04,2017,13,.348,24,17-36-29,.384,
Buffalo Sabres,82,33,37,,78,.476,201,237,-0.41,0.03,2017,12,.427,31,25-37-20,.427,
Washington Capitals,82,55,19,,118,.720,263,182,0.99,0.00,2017,8,.689,53,45-19-18,.659,
Pittsburgh Penguins,82,50,21,,111,.677,282,234,0.59,0.01,2017,11,.616,46,40-21-21,.616,
Columbus Blue Jackets,82,50,24,,108,.659,249,195,0.68,0.02,2017,8,.610,48,39-24-19,.591,
New York Rangers,82,48,28,,102,.622,256,220,0.47,0.03,2017,6,.591,45,40-28-14,.573,
New York Islanders,82,41,29,,94,.573,241,242,0.03,0.05,2017,12,.512,39,33-29-20,.524,
Philadelphia Flyers,82,39,33,,88,.537,219,236,-0.17,0.04,2017,10,.463,32,25-33-24,.451,
Carolina Hurricanes,82,36,31,,87,.530,215,236,-0.21,0.05,2017,15,.457,33,28-31-23,.482,
New Jersey Devils,82,28,40,,70,.427,183,244,-0.67,0.08,2017,14,.341,25,18-40-24,.366,
Chicago Blackhawks,82,50,23,,109,.665,244,213,0.32,-0.06,2017,9,.591,46,37-23-22,.585,
Minnesota Wild,82,49,25,,106,.646,266,208,0.63,-0.08,2017,8,.591,46,42-25-15,.604,
St. Louis Blues,82,46,29,,99,.604,235,218,0.17,-0.04,2017,7,.561,44,38-29-15,.555,
Nashville Predators,82,41,29,,94,.573,240,224,0.16,-0.04,2017,12,.512,39,35-29-18,.537,
Winnipeg Jets,82,40,35,,87,.530,249,256,-0.11,-0.03,2017,7,.476,37,33-35-14,.488,
Dallas Stars,82,34,37,,79,.482,223,262,-0.48,-0.01,2017,11,.421,33,28-37-17,.445,
Colorado Avalanche,82,22,56,,48,.293,166,278,-1.32,0.05,2017,4,.274,21,14-56-12,.244,
Anaheim Ducks,82,46,23,,105,.640,223,200,0.24,-0.04,2017,13,.561,43,40-23-19,.604,
Edmonton Oilers,82,47,26,,103,.628,247,212,0.37,-0.06,2017,9,.579,43,37-26-19,.567,
San Jose Sharks,82,46,29,,99,.604,221,201,0.21,-0.03,2017,7,.555,44,38-29-15,.555,
Calgary Flames,82,45,33,,94,.573,226,221,0.02,-0.04,2017,4,.537,41,32-33-17,.494,
Los Angeles Kings,82,39,35,,86,.524,201,205,-0.07,-0.02,2017,8,.488,37,25-35-22,.439,
Arizona Coyotes,82,30,42,,70,.427,197,260,-0.76,0.01,2017,10,.341,24,20-42-20,.366,
Vancouver Canucks,82,30,43,,69,.421,182,243,-0.73,0.01,2017,9,.354,26,19-43-20,.354,
Tampa Bay Lightning,82,54,23,,113,.689,296,236,0.66,-0.07,2018,5,.634,48,42-23-17,.616,
Boston Bruins,82,50,20,,112,.683,270,214,0.62,-0.07,2018,12,.610,47,41-20-21,.628,
Toronto Maple Leafs,82,49,26,,105,.640,277,232,0.49,-0.06,2018,7,.567,42,37-26-19,.567,
Florida Panthers,82,44,30,,96,.585,248,246,-0.01,-0.04,2018,8,.537,41,38-30-14,.549,
Detroit Red Wings,82,30,39,,73,.445,217,255,-0.48,-0.01,2018,13,.341,25,22-39-21,.396,
Montreal Canadiens,82,29,40,,71,.433,209,264,-0.68,0.00,2018,13,.378,27,24-40-18,.402,
Ottawa Senators,82,28,43,,67,.409,221,291,-0.85,0.00,2018,11,.372,26,18-43-21,.348,
Buffalo Sabres,82,25,45,,62,.378,199,280,-0.98,0.01,2018,12,.311,24,19-45-18,.341,
Washington Capitals,82,49,26,,105,.640,259,239,0.21,-0.04,2018,7,.585,46,38-26-18,.573,
Pittsburgh Penguins,82,47,29,,100,.610,272,250,0.23,-0.04,2018,6,.573,45,33-29-20,.524,
Philadelphia Flyers,82,42,26,,98,.598,251,243,0.07,-0.03,2018,14,.543,40,31-26-25,.530,
Columbus Blue Jackets,82,45,30,,97,.591,242,230,0.11,-0.04,2018,7,.537,39,30-30-22,.500,
New Jersey Devils,82,44,29,,97,.591,248,244,0.02,-0.03,2018,9,.530,39,33-29-20,.524,
Carolina Hurricanes,82,36,35,,83,.506,228,256,-0.35,-0.01,2018,11,.439,33,30-35-17,.470,
New York Islanders,82,35,37,,80,.488,264,296,-0.40,-0.01,2018,10,.427,32,25-37-20,.427,
New York Rangers,82,34,39,,77,.470,231,268,-0.46,-0.01,2018,9,.427,31,24-39-19,.409,
Nashville Predators,82,53,18,,117,.713,267,211,0.71,0.03,2018,11,.652,47,42-18-22,.646,
Winnipeg Jets,82,52,20,,114,.695,277,218,0.74,0.02,2018,10,.622,48,43-20-19,.640,
Minnesota Wild,82,45,26,,101,.616,253,232,0.29,0.04,2018,11,.549,42,38-26-18,.573,
Colorado Avalanche,82,43,30,,95,.579,257,237,0.28,0.04,2018,9,.518,41,35-30-17,.530,
St. Louis Blues,82,44,32,,94,.573,226,222,0.10,0.05,2018,6,.518,41,33-32-17,.506,
Dallas Stars,82,42,32,,92,.561,235,225,0.17,0.04,2018,8,.506,38,33-32-17,.506,
Chicago Blackhawks,82,33,39,,76,.463,229,256,-0.26,0.07,2018,10,.409,32,26-39-17,.421,
Vegas Golden Knights,82,51,24,,109,.665,272,228,0.52,-0.01,2018,7,.616,47,39-24-19,.591,
Anaheim Ducks,82,44,25,,101,.616,235,216,0.24,0.01,2018,13,.555,40,35-25-22,.561,
San Jose Sharks,82,45,27,,100,.610,252,229,0.28,0.00,2018,10,.537,40,35-27-20,.549,
Los Angeles Kings,82,45,29,,98,.598,239,203,0.44,0.00,2018,8,.543,43,34-29-19,.530,
Calgary Flames,82,37,35,,84,.512,218,248,-0.33,0.03,2018,10,.470,35,28-35-19,.457,
Edmonton Oilers,82,36,40,,78,.476,234,263,-0.32,0.03,2018,6,.415,31,24-40-18,.402,
Vancouver Canucks,82,31,40,,73,.445,218,264,-0.51,0.05,2018,11,.409,31,25-40-17,.409,
Arizona Coyotes,82,29,41,,70,.427,208,256,-0.53,0.05,2018,12,.372,27,20-41-21,.372,
Tampa Bay Lightning,82,62,16,,128,.780,325,222,1.21,-0.05,2019,4,.726,56,49-16-17,.701,
Boston Bruins,82,49,24,,107,.652,259,215,0.52,-0.01,2019,9,.604,47,38-24-20,.585,
Toronto Maple Leafs,82,46,28,,100,.610,286,251,0.42,-0.01,2019,8,.573,46,40-28-14,.573,
Montreal Canadiens,82,44,30,,96,.585,249,236,0.16,0.00,2019,8,.518,41,37-30-15,.543,
Florida Panthers,82,36,32,,86,.524,267,280,-0.14,0.02,2019,14,.463,33,26-32-24,.463,
Buffalo Sabres,82,33,39,,76,.463,226,271,-0.51,0.04,2019,10,.390,28,21-39-22,.390,
Detroit Red Wings,82,32,40,,74,.451,227,277,-0.57,0.04,2019,10,.402,29,20-40-22,.378,
Ottawa Senators,82,29,47,,64,.390,242,302,-0.69,0.05,2019,6,.360,29,23-47-12,.354,
Washington Capitals,82,48,26,,104,.634,278,249,0.35,-0.01,2019,8,.567,44,39-26-17,.579,
New York Islanders,82,48,27,,103,.628,228,196,0.38,-0.01,2019,7,.585,43,37-27-18,.561,
Pittsburgh Penguins,82,44,26,,100,.610,273,241,0.38,-0.01,2019,12,.543,42,37-26-19,.567,
Carolina Hurricanes,82,46,29,,99,.604,245,223,0.26,-0.01,2019,7,.561,44,39-29-14,.561,
Columbus Blue Jackets,82,47,31,,98,.598,258,232,0.31,-0.01,2019,4,.567,45,37-31-14,.537,
Philadelphia Flyers,82,37,37,,82,.500,244,281,-0.42,0.03,2019,8,.439,34,28-37-17,.445,
New York Rangers,82,32,36,,78,.476,227,272,-0.52,0.03,2019,14,.384,26,23-36-23,.421,
New Jersey Devils,82,31,41,,72,.439,222,275,-0.61,0.04,2019,10,.384,28,24-41-17,.396,
Nashville Predators,82,47,29,,100,.610,240,214,0.31,-0.01,2019,6,.561,43,38-29-15,.555,
Winnipeg Jets,82,47,30,,99,.604,272,244,0.33,-0.02,2019,5,.567,45,38-30-14,.549,
St. Louis Blues,82,45,28,,99,.604,247,223,0.28,-0.01,2019,9,.549,42,36-28-18,.549,
Dallas Stars,82,43,32,,93,.567,210,202,0.09,0.00,2019,7,.530,42,36-32-14,.524,
Colorado Avalanche,82,38,30,,90,.549,260,246,0.17,-0.01,2019,14,.463,36,33-30-19,.518,
Chicago Blackhawks,82,36,34,,84,.512,270,292,-0.25,0.02,2019,12,.427,33,24-34-24,.439,
Minnesota Wild,82,37,36,,83,.506,211,237,-0.30,0.02,2019,9,.470,36,33-36-13,.482,
Calgary Flames,82,50,25,,107,.652,289,227,0.70,-0.06,2019,7,.634,50,45-25-12,.622,
San Jose Sharks,82,46,27,,101,.616,289,261,0.30,-0.04,2019,9,.579,46,38-27-17,.567,
Vegas Golden Knights,82,43,32,,93,.567,249,230,0.19,-0.04,2019,7,.518,40,36-32-14,.524,
Arizona Coyotes,82,39,35,,86,.524,213,223,-0.14,-0.02,2019,8,.470,35,30-35-17,.470,
Vancouver Canucks,82,35,36,,81,.494,225,254,-0.35,0.01,2019,11,.427,29,22-36-24,.415,
Anaheim Ducks,82,35,37,,80,.488,199,251,-0.63,0.01,2019,10,.427,32,27-37-18,.439,
Edmonton Oilers,82,35,38,,79,.482,232,274,-0.51,0.01,2019,9,.427,32,24-38-20,.415,
Los Angeles Kings,82,31,42,,71,.433,202,263,-0.73,0.02,2019,9,.384,28,22-42-18,.378,
Boston Bruins,70,44,14,,100,.714,227,174,0.74,-0.02,2020,12,.679,,38-14-18,.671,38
Tampa Bay Lightning,70,43,21,,92,.657,245,195,0.71,0.00,2020,6,.607,,35-21-14,.600,35
Toronto Maple Leafs,70,36,25,,81,.579,238,227,0.15,-0.01,2020,9,.543,,28-25-17,.521,28
Florida Panthers,69,35,26,,78,.565,231,228,0.05,0.01,2020,8,.514,,30-26-13,.529,30
Montreal Canadiens,71,31,31,,71,.500,212,221,-0.12,0.01,2020,9,.415,,19-31-21,.415,19
Buffalo Sabres,69,30,31,,68,.493,195,217,-0.34,-0.03,2020,8,.435,,22-31-16,.435,22
Ottawa Senators,71,25,34,,62,.437,191,243,-0.76,-0.02,2020,12,.380,,18-34-19,.387,18
Detroit Red Wings,71,17,49,,39,.275,145,267,-1.70,0.02,2020,5,.232,,13-49-9,.246,13
Washington Capitals,69,41,20,,90,.652,240,215,0.41,0.04,2020,8,.587,,31-20-18,.580,31
Philadelphia Flyers,69,41,21,,89,.645,232,196,0.52,0.00,2020,7,.594,,31-21-17,.572,31
Pittsburgh Penguins,69,40,23,,86,.623,224,196,0.39,-0.02,2020,6,.558,,29-23-17,.543,29
Carolina Hurricanes,68,38,25,,81,.596,222,193,0.41,-0.02,2020,5,.522,,27-25-16,.515,27
Columbus Blue Jackets,70,33,22,,81,.579,180,187,-0.12,-0.02,2020,15,.500,,25-22-23,.521,25
New York Islanders,68,35,23,,80,.588,192,193,0.01,0.02,2020,10,.515,,24-23-21,.507,24
New York Rangers,70,37,28,,79,.564,234,222,0.15,-0.03,2020,5,.536,,31-28-11,.521,31
New Jersey Devils,69,28,29,,68,.493,189,230,-0.57,0.02,2020,12,.420,,22-29-18,.449,22
St. Louis Blues,71,42,19,,94,.662,225,193,0.47,0.02,2020,10,.599,,33-19-19,.599,33
Colorado Avalanche,70,42,20,,92,.657,237,191,0.64,-0.02,2020,8,.600,,37-20-13,.621,37
Dallas Stars,69,37,24,,82,.594,180,177,0.09,0.05,2020,8,.543,,26-24-19,.514,26
Winnipeg Jets,71,37,28,,80,.563,216,203,0.17,-0.01,2020,6,.514,,30-28-13,.514,30
Nashville Predators,69,35,26,,78,.565,215,217,-0.03,-0.01,2020,8,.507,,28-26-15,.514,28
Minnesota Wild,69,35,27,,77,.558,220,220,0.01,0.01,2020,7,.514,,30-27-12,.522,30
Chicago Blackhawks,70,32,30,,72,.514,212,218,-0.05,0.04,2020,8,.457,,23-30-17,.450,23
Vegas Golden Knights,71,39,24,,86,.606,227,211,0.21,-0.02,2020,8,.542,,30-24-17,.542,30
Edmonton Oilers,71,37,25,,83,.585,225,217,0.09,-0.02,2020,9,.521,,31-25-15,.542,31
Calgary Flames,70,36,27,,79,.564,210,215,-0.08,-0.01,2020,7,.479,,25-27-18,.486,25
Vancouver Canucks,69,36,27,,78,.565,228,217,0.13,-0.03,2020,6,.514,,27-27-15,.500,27
Arizona Coyotes,70,33,29,,74,.529,195,187,0.11,0.00,2020,8,.464,,26-29-15,.479,26
Anaheim Ducks,71,29,33,,67,.472,187,226,-0.53,0.02,2020,9,.380,,20-33-18,.408,20
Los Angeles Kings,70,29,35,,64,.457,178,212,-0.48,0.01,2020,6,.429,,21-35-14,.400,21
San Jose Sharks,70,29,36,,63,.450,182,226,-0.62,0.01,2020,5,.407,,22-36-12,.400,22
Carolina Hurricanes,56,36,12,,80,.714,179,136,0.67,-0.10,2021,8,.625,,27-12-17,.634,27
Florida Panthers,56,37,14,,79,.705,189,153,0.56,-0.08,2021,5,.670,,26-14-16,.607,26
Tampa Bay Lightning,56,36,17,,75,.670,181,147,0.53,-0.08,2021,3,.652,,29-17-10,.607,29
Nashville Predators,56,31,23,,64,.571,156,154,0.03,0.00,2021,2,.509,,21-23-12,.482,21
Dallas Stars,56,23,19,,60,.536,158,154,0.06,-0.01,2021,14,.446,,17-19-20,.482,17
Chicago Blackhawks,56,24,25,,55,.491,161,186,-0.39,0.06,2021,7,.429,,15-25-16,.411,15
Detroit Red Wings,56,19,27,,48,.429,127,171,-0.69,0.10,2021,10,.348,,16-27-13,.402,16
Columbus Blue Jackets,56,18,26,,48,.429,137,187,-0.78,0.11,2021,12,.321,,12-26-18,.375,12
Pittsburgh Penguins,56,37,16,,77,.688,196,156,0.62,-0.09,2021,3,.643,,29-16-11,.616,29
Washington Capitals,56,36,15,,77,.688,191,163,0.44,-0.06,2021,5,.634,,29-15-12,.625,29
Boston Bruins,56,33,16,,73,.652,168,136,0.50,-0.07,2021,7,.571,,25-16-15,.580,25
New York Islanders,56,32,17,,71,.634,156,128,0.44,-0.06,2021,7,.563,,24-17-15,.562,24
New York Rangers,56,27,23,,60,.536,177,157,0.31,-0.05,2021,6,.491,,24-23-9,.509,24
Philadelphia Flyers,56,25,23,,58,.518,163,201,-0.59,0.08,2021,8,.455,,17-23-16,.446,17
New Jersey Devils,56,19,30,,45,.402,145,194,-0.77,0.11,2021,7,.384,,15-30-11,.366,15
Buffalo Sabres,56,15,34,,37,.330,138,199,-0.95,0.14,2021,7,.259,,11-34-11,.295,11
Toronto Maple Leafs,56,35,14,,77,.688,187,148,0.60,-0.10,2021,7,.616,,29-14-13,.634,29
Edmonton Oilers,56,35,19,,72,.643,183,154,0.44,-0.08,2021,2,.625,,31-19-6,.607,31
Winnipeg Jets,56,30,23,,63,.563,170,154,0.25,-0.04,2021,3,.554,,24-23-9,.509,24
Montreal Canadiens,56,24,21,,59,.527,159,168,-0.14,0.02,2021,11,.446,,20-21-15,.491,20
Calgary Flames,56,26,27,,55,.491,156,161,-0.08,0.01,2021,3,.464,,22-27-7,.455,22
Ottawa Senators,56,23,28,,51,.455,157,190,-0.51,0.08,2021,5,.402,,18-28-10,.411,18
Vancouver Canucks,56,23,29,,50,.446,151,188,-0.56,0.10,2021,4,.393,,17-29-10,.393,17
Colorado Avalanche,56,39,13,,82,.732,197,133,1.00,-0.14,2021,4,.705,,35-13-8,.696,35
Vegas Golden Knights,56,40,14,,82,.732,191,124,1.05,-0.15,2021,2,.723,,30-14-12,.643,30
Minnesota Wild,56,35,16,,75,.670,181,160,0.33,-0.05,2021,5,.625,,27-16-13,.598,27
St. Louis Blues,56,27,20,,63,.563,169,170,-0.02,0.00,2021,9,.491,,19-20-17,.491,19
Arizona Coyotes,56,24,26,,54,.482,153,176,-0.36,0.05,2021,6,.420,,19-26-11,.438,19
Los Angeles Kings,56,21,28,,49,.438,143,170,-0.42,0.06,2021,7,.375,,19-28-9,.420,19
San Jose Sharks,56,21,28,,49,.438,151,199,-0.75,0.11,2021,7,.357,,15-28-13,.384,15
Anaheim Ducks,56,17,30,,43,.384,126,179,-0.83,0.12,2021,9,.304,,11-30-15,.330,11
Florida Panthers,82,58,18,,122,.744,340,246,1.07,-0.08,2022,6,.713,,42-18-22,.646,42
Toronto Maple Leafs,82,54,21,,115,.701,315,253,0.69,-0.06,2022,7,.646,,45-21-16,.646,45
Tampa Bay Lightning,82,51,23,,110,.671,287,233,0.64,-0.02,2022,8,.640,,39-23-20,.598,39
Boston Bruins,82,51,26,,107,.652,255,220,0.38,-0.05,2022,5,.622,,40-26-16,.585,40
Buffalo Sabres,82,32,39,,75,.457,232,290,-0.69,0.02,2022,11,.390,,25-39-18,.415,25
Detroit Red Wings,82,32,40,,74,.451,230,312,-0.95,0.06,2022,10,.384,,21-40-21,.384,21
Ottawa Senators,82,33,42,,73,.445,227,266,-0.44,0.03,2022,7,.396,,26-42-14,.402,26
Montreal Canadiens,82,22,49,,55,.335,221,319,-1.15,0.05,2022,11,.262,,16-49-17,.299,16
Carolina Hurricanes,82,54,20,,116,.707,278,202,0.88,-0.05,2022,8,.665,,47-20-15,.665,47
New York Rangers,82,52,24,,110,.671,254,207,0.54,-0.03,2022,6,.628,,44-24-14,.622,44
Pittsburgh Penguins,82,46,25,,103,.628,272,229,0.49,-0.04,2022,11,.585,,37-25-20,.573,37
Washington Capitals,82,44,26,,100,.610,275,245,0.35,-0.02,2022,12,.524,,35-26-21,.555,35
New York Islanders,82,37,35,,84,.512,231,237,-0.09,-0.02,2022,10,.476,,34-35-13,.494,34
Columbus Blue Jackets,82,37,38,,81,.494,262,300,-0.44,0.02,2022,7,.445,,26-38-18,.427,26
New Jersey Devils,82,27,46,,63,.384,248,307,-0.68,0.04,2022,9,.341,,19-46-17,.335,19
Philadelphia Flyers,82,25,46,,61,.372,211,298,-1.00,0.06,2022,11,.323,,20-46-16,.341,20
Colorado Avalanche,82,56,19,,119,.726,312,234,0.91,-0.04,2022,7,.671,,46-19-17,.665,46
Minnesota Wild,82,53,22,,113,.689,310,253,0.68,-0.02,2022,7,.640,,37-22-23,.591,37
St. Louis Blues,82,49,22,,109,.665,311,242,0.79,-0.05,2022,11,.604,,43-22-17,.628,43
Dallas Stars,82,46,30,,98,.598,238,246,-0.09,0.01,2022,6,.543,,31-30-21,.506,31
Nashville Predators,82,45,30,,97,.591,266,252,0.19,0.02,2022,7,.537,,35-30-17,.530,35
Winnipeg Jets,82,39,32,,89,.543,252,257,-0.04,0.02,2022,11,.488,,32-32-18,.500,32
Chicago Blackhawks,82,28,42,,68,.415,219,291,-0.83,0.05,2022,12,.317,,16-42-24,.341,16
Arizona Coyotes,82,25,50,,57,.348,207,313,-1.23,0.06,2022,7,.323,,18-50-14,.305,18
Calgary Flames,82,50,21,,111,.677,293,208,0.99,-0.05,2022,11,.610,,44-21-17,.640,44
Edmonton Oilers,82,49,27,,104,.634,290,252,0.46,0.00,2022,6,.573,,38-27-17,.567,38
Los Angeles Kings,82,44,27,,99,.604,239,236,0.03,-0.01,2022,11,.537,,35-27-20,.549,35
Vegas Golden Knights,82,43,31,,94,.573,266,248,0.21,-0.01,2022,8,.524,,34-31-17,.518,34
Vancouver Canucks,82,40,30,,92,.561,249,236,0.16,0.00,2022,12,.500,,32-30-20,.512,32
San Jose Sharks,82,32,37,,77,.470,214,264,-0.58,0.03,2022,13,.390,,22-37-23,.409,22
Anaheim Ducks,82,31,37,,76,.463,232,271,-0.45,0.03,2022,14,.384,,22-37-23,.409,22
Seattle Kraken,82,27,49,,60,.366,216,285,-0.80,0.04,2022,6,.317,,23-49-10,.341,23
Boston Bruins,82,65,12,,135,.823,305,177,1.54,-0.02,2023,5,.787,,54-12-16,.756,54
Toronto Maple Leafs,82,50,21,,111,.677,279,222,0.70,0.00,2023,11,.616,,42-21-19,.628,42
Tampa Bay Lightning,82,46,30,,98,.598,283,254,0.37,0.02,2023,6,.555,,38-30-14,.549,38
Florida Panthers,82,42,32,,92,.561,290,273,0.24,0.04,2023,8,.506,,36-32-14,.524,36
Buffalo Sabres,82,42,33,,91,.555,296,300,-0.01,0.04,2023,7,.512,,30-33-19,.482,30
Ottawa Senators,82,39,35,,86,.524,261,271,-0.09,0.04,2023,8,.470,,31-35-16,.476,31
Detroit Red Wings,82,35,37,,80,.488,240,279,-0.44,0.04,2023,10,.433,,28-37-17,.445,28
Montreal Canadiens,82,31,45,,68,.415,232,307,-0.85,0.06,2023,6,.360,,21-45-16,.354,21
Carolina Hurricanes,82,52,21,,113,.689,266,213,0.66,0.01,2023,9,.628,,39-21-22,.610,39
New Jersey Devils,82,52,22,,112,.683,291,226,0.79,0.00,2023,8,.646,,39-22-21,.604,39
New York Rangers,82,47,22,,107,.652,277,219,0.70,0.00,2023,13,.567,,37-22-23,.591,37
New York Islanders,82,42,31,,93,.567,243,222,0.25,0.00,2023,9,.537,,36-31-15,.530,36
Pittsburgh Penguins,82,40,31,,91,.555,262,264,0.01,0.04,2023,11,.488,,31-31-20,.500,31
Washington Capitals,82,35,37,,80,.488,255,265,-0.10,0.02,2023,10,.439,,27-37-18,.439,27
Philadelphia Flyers,82,31,38,,75,.457,222,277,-0.62,0.05,2023,13,.372,,26-38-18,.427,26
Columbus Blue Jackets,82,25,48,,59,.360,214,330,-1.34,0.07,2023,9,.305,,15-48-19,.299,15
Colorado Avalanche,82,51,24,,109,.665,280,226,0.61,-0.05,2023,7,.604,,36-24-22,.573,36
Dallas Stars,82,47,21,,108,.659,285,218,0.75,-0.07,2023,14,.567,,39-21-22,.610,39
Minnesota Wild,82,46,25,,103,.628,246,225,0.21,-0.05,2023,11,.555,,34-25-23,.555,34
Winnipeg Jets,82,46,33,,95,.579,247,225,0.23,-0.04,2023,3,.561,,36-33-13,.518,36
Nashville Predators,82,42,32,,92,.561,229,238,-0.12,-0.02,2023,8,.488,,29-32-21,.482,29
St. Louis Blues,82,37,38,,81,.494,263,301,-0.47,-0.01,2023,7,.451,,27-38-17,.433,27
Arizona Coyotes,82,28,40,,70,.427,228,299,-0.85,0.01,2023,14,.348,,20-40-22,.378,20
Chicago Blackhawks,82,26,49,,59,.360,204,301,-1.16,0.02,2023,7,.317,,18-49-15,.311,18
Vegas Golden Knights,82,51,22,,111,.677,272,229,0.49,-0.04,2023,9,.616,,38-22-22,.598,38
Edmonton Oilers,82,50,23,,109,.665,325,260,0.73,-0.07,2023,9,.634,,45-23-14,.634,45
Los Angeles Kings,82,47,25,,104,.634,280,257,0.27,-0.02,2023,10,.555,,37-25-20,.573,37
Seattle Kraken,82,46,28,,100,.610,289,256,0.36,-0.04,2023,8,.585,,37-28-17,.555,37
Calgary Flames,82,38,27,,93,.567,260,252,0.05,-0.05,2023,17,.482,,31-27-24,.524,31
Vancouver Canucks,82,38,37,,83,.506,276,298,-0.30,-0.04,2023,7,.439,,24-37-21,.421,24
San Jose Sharks,82,22,44,,60,.366,234,321,-1.05,0.01,2023,16,.299,,16-44-22,.329,16
Anaheim Ducks,82,23,47,,58,.354,209,338,-1.54,0.03,2023,12,.280,,13-47-22,.293,13
